#VRML V2.0 utf8
# 3D model generated by FastEDA

Shape{
    appearance Appearance {
        material  Material 	{
            diffuseColor 0.6666666666666666 0.6666666666666666 0.6666666666666666
            specularColor 0.4666666666666667 0.4666666666666667 0.4666666666666667
            ambientIntensity 0.6667
            transparency 0.0
            shininess 0.5
        }
    }
    geometry IndexedFaceSet {
        ccw TRUE
        solid FALSE
        coord DEF co Coordinate {
            point [
                1.3881 -3.6755 0.8307, 1.3881 -3.766 0.8307, 1.4288 -3.766 0.8307, 2.0981 -4.3669 0.8307, 2.2835 -4.3669 0.8307, 2.2835 -3.981 0.8307, 1.818 -4.3669 0.8307, 2.0981 -3.981 0.8307, 1.7224 -4.3669 0.8307, 1.818 -3.981 0.8307, 1.5483 -3.9403 0.8307, 1.546 -3.9405 0.8307, 1.5706 -3.9405 0.8307, 1.4386 -3.7548 0.8307, 1.4375 -3.7518 0.8307, 1.4375 -3.7785 0.8307, 1.818 -3.7785 0.8307, 1.7848 -3.7776 0.8307, 1.7702 -3.7776 0.8307, 1.7598 -3.7497 0.8307, 1.7224 -3.7497 0.8307, 1.7224 -3.7785 0.8307, 1.7459 -3.6755 0.8307, 1.818 -3.6746 0.8307, 1.7224 -3.6746 0.8307, 1.7173 -3.7497 0.8307, 1.7075 -3.7776 0.8307, 1.6901 -3.7785 0.8307, 1.6929 -3.7776 0.8307, 1.6901 -3.6746 0.8307, 1.7224 -3.7003 0.8307, 1.7318 -3.6755 0.8307, 1.4831 -3.7676 0.8307, 1.4873 -3.7675 0.8307, 1.5051 -3.6899 0.8307, 1.4569 -3.6977 0.8307, 1.4519 -3.7048 0.8307, 1.4485 -3.7136 0.8307, 1.4854 -3.6857 0.8307, 1.4808 -3.6859 0.8307, 1.4575 -3.697 0.8307, 1.472 -3.6877 0.8307, 1.464 -3.6915 0.8307, 1.4468 -3.7277 0.8307, 1.4468 -3.7287 0.8307, 1.4484 -3.7412 0.8307, 1.4593 -3.7593 0.8307, 1.4661 -3.7639 0.8307, 1.4735 -3.7666 0.8307, 1.4974 -3.6871 0.8307, 1.4516 -3.7495 0.8307, 1.4568 -3.7569 0.8307, 1.5094 -3.6917 0.8307, 1.524 -3.7785 0.8307, 1.524 -3.6746 0.8307, 1.499 -3.7654 0.8307, 1.5051 -3.7627 0.8307, 1.5078 -3.6909 0.8307, 1.5094 -3.7608 0.8307, 1.4957 -3.6746 0.8307, 1.4994 -3.675 0.8307, 1.5051 -3.6746 0.8307, 1.5051 -3.6767 0.8307, 1.5094 -3.678 0.8307, 1.4862 -3.6738 0.8307, 1.5051 1.3811 0.8307, 1.4852 -3.6738 0.8307, 1.4375 1.3811 0.8307, 1.4779 -3.6746 0.8307, 1.4375 -3.6746 0.8307, 1.4601 -3.6795 0.8307, 1.4708 -3.6755 0.8307, 1.4406 -3.698 0.8307, 1.4477 -3.6888 0.8307, 1.4502 -3.6865 0.8307, 1.4314 -3.6746 0.8307, 1.4356 -3.7092 0.8307, 1.4375 -3.7049 0.8307, 1.4347 -3.7439 0.8307, 1.4314 -3.7785 0.8307, 1.433 -3.7285 0.8307, 1.4332 -3.7224 0.8307, 1.4634 -3.7766 0.8307, 1.4538 -3.7719 0.8307, 1.4461 -3.7654 0.8307, 1.4445 -3.7637 0.8307, 1.472 -3.7785 0.8307, 1.4375 -3.8084 0.8307, 1.4743 -3.779 0.8307, 1.4811 -3.7794 0.8307, 1.5051 -3.8084 0.8307, 1.4895 -3.7785 0.8307, 1.5094 -3.7734 0.8307, 1.5051 -3.7785 0.8307, 1.5051 -3.775 0.8307, 1.4978 -3.7776 0.8307, 1.6578 -3.8375 0.8307, 1.6901 -3.8375 0.8307, 1.6901 -3.8084 0.8307, 1.6901 -3.9405 0.8307, 1.6901 -3.9397 0.8307, 1.6578 -3.9397 0.8307, 1.6073 -3.9215 0.8307, 1.6089 -3.9275 0.8307, 1.6092 -3.9275 0.8307, 1.644 -3.8667 0.8307, 1.5944 -3.8084 0.8307, 1.6307 -3.8667 0.8307, 1.5944 -3.8845 0.8307, 1.6108 -3.9216 0.8307, 1.6098 -3.925 0.8307, 1.574 -3.8667 0.8307, 1.5706 -3.8084 0.8307, 1.5944 -3.9188 0.8307, 1.5883 -3.8667 0.8307, 1.5944 -3.9405 0.8307, 1.6021 -3.9405 0.8307, 1.6026 -3.9395 0.8307, 1.5944 -3.9574 0.8307, 1.5945 -3.9574 0.8307, 1.597 -3.9528 0.8307, 1.5706 -3.981 0.8307, 1.5766 -3.973 0.8307, 1.5766 -3.9616 0.8307, 1.5839 -3.9631 0.8307, 1.5869 -3.9627 0.8307, 1.5944 -3.9717 0.8307, 1.59 -3.9734 0.8307, 1.5944 -3.981 0.8307, 1.5849 -3.974 0.8307, 1.582 -3.9739 0.8307, 1.5897 -3.9617 0.8307, 1.5921 -3.96 0.8307, 1.6109 -3.9507 0.8307, 1.6051 -3.962 0.8307, 1.6901 -3.981 0.8307, 1.6149 -3.9405 0.8307, 1.6004 -3.9676 0.8307, 1.5995 -3.9684 0.8307, 1.5951 -3.9715 0.8307, 1.563 -3.9078 0.8307, 1.5654 -3.9113 0.8307, 1.5638 -3.8807 0.8307, 1.5651 -3.929 0.8307, 1.5627 -3.9324 0.8307, 1.5301 -3.8686 0.8307, 1.524 -3.8084 0.8307, 1.5263 -3.8708 0.8307, 1.524 -3.873 0.8307, 1.5668 -3.9151 0.8307, 1.5673 -3.9198 0.8307, 1.5667 -3.925 0.8307, 1.5371 -3.8661 0.8307, 1.5465 -3.865 0.8307, 1.5638 -3.8683 0.8307, 1.5536 -3.8655 0.8307, 1.5591 -3.9356 0.8307, 1.5553 -3.9378 0.8307, 1.5453 -3.8754 0.8307, 1.5415 -3.8757 0.8307, 1.5313 -3.8853 0.8307, 1.5381 -3.8766 0.8307, 1.5352 -3.8782 0.8307, 1.5314 -3.887 0.8307, 1.5319 -3.8889 0.8307, 1.5328 -3.8907 0.8307, 1.5341 -3.892 0.8307, 1.5386 -3.8949 0.8307, 1.5537 -3.8764 0.8307, 1.5465 -3.8983 0.8307, 1.5609 -3.879 0.8307, 1.5515 -3.9003 0.8307, 1.56 -3.905 0.8307, 1.5333 -3.8799 0.8307, 1.5322 -3.8815 0.8307, 1.5315 -3.8832 0.8307, 1.518 -3.9239 0.8307, 1.5051 -3.9405 0.8307, 1.5225 -3.8743 0.8307, 1.5201 -3.8777 0.8307, 1.523 -3.927 0.8307, 1.524 -3.9273 0.8307, 1.524 -3.9002 0.8307, 1.5217 -3.8979 0.8307, 1.5201 -3.8953 0.8307, 1.5187 -3.8914 0.8307, 1.5181 -3.8864 0.8307, 1.5186 -3.8818 0.8307, 1.5238 -3.9001 0.8307, 1.5311 -3.93 0.8307, 1.5375 -3.9076 0.8307, 1.5299 -3.9041 0.8307, 1.5391 -3.9309 0.8307, 1.5396 -3.9309 0.8307, 1.5459 -3.9111 0.8307, 1.5462 -3.9302 0.8307, 1.5542 -3.9211 0.8307, 1.554 -3.9195 0.8307, 1.5495 -3.929 0.8307, 1.5507 -3.9283 0.8307, 1.5521 -3.927 0.8307, 1.5533 -3.9253 0.8307, 1.5539 -3.9235 0.8307, 1.5535 -3.9175 0.8307, 1.5525 -3.9158 0.8307, 1.5509 -3.9141 0.8307, 1.5294 -3.9405 0.8307, 1.5272 -3.9403 0.8307, 1.524 -3.9405 0.8307, 1.524 -3.9392 0.8307, 1.518 -3.9371 0.8307, 1.5378 -3.9414 0.8307, 1.524 -3.981 0.8307, 1.5792 -3.9625 0.8307, 1.4473 -3.9048 0.8307, 1.4492 -3.8843 0.8307, 1.4448 -3.9084 0.8307, 1.443 -3.9129 0.8307, 1.4375 -3.9405 0.8307, 1.4443 -3.9303 0.8307, 1.4427 -3.9259 0.8307, 1.4821 -3.8658 0.8307, 1.4875 -3.8674 0.8307, 1.4917 -3.8698 0.8307, 1.4951 -3.8731 0.8307, 1.4977 -3.8773 0.8307, 1.4513 -3.9014 0.8307, 1.4568 -3.8986 0.8307, 1.4574 -3.879 0.8307, 1.4663 -3.8963 0.8307, 1.4775 -3.8759 0.8307, 1.4731 -3.8754 0.8307, 1.4654 -3.8763 0.8307, 1.4527 -3.9386 0.8307, 1.4484 -3.9356 0.8307, 1.4469 -3.9342 0.8307, 1.4879 -3.9284 0.8307, 1.4876 -3.9284 0.8307, 1.4879 -3.9397 0.8307, 1.4856 -3.9314 0.8307, 1.4815 -3.9358 0.8307, 1.4421 -3.9201 0.8307, 1.4421 -3.9184 0.8307, 1.4492 -3.8718 0.8307, 1.4526 -3.8699 0.8307, 1.4623 -3.8664 0.8307, 1.4743 -3.865 0.8307, 1.4997 -3.8831 0.8307, 1.5007 -3.8927 0.8307, 1.5007 -3.9397 0.8307, 1.4879 -3.8933 0.8307, 1.4875 -3.8876 0.8307, 1.4861 -3.8831 0.8307, 1.4846 -3.8804 0.8307, 1.4827 -3.8784 0.8307, 1.4804 -3.8769 0.8307, 1.4722 -3.9405 0.8307, 1.4718 -3.9407 0.8307, 1.5051 -3.981 0.8307, 1.4375 -3.981 0.8307, 1.4652 -3.9414 0.8307, 1.4578 -3.9405 0.8307, 1.4576 -3.9405 0.8307, 1.2444 -3.7551 0.8307, 1.2641 -3.7717 0.8307, 1.3331 -3.6746 0.8307, 1.3331 -3.7785 0.8307, 1.1478 -3.6641 0.8307, 1.1635 -3.6746 0.8307, 1.1802 -3.6859 0.8307, 1.2041 -3.7136 0.8307, 1.2194 -3.7432 0.8307, 1.2228 -3.7444 0.8307, 1.1113 -3.6512 0.8307, 1.3331 1.3811 0.8307, 1.0814 -3.6481 0.8307, 1.0454 -3.6525 0.8307, 1.012 -3.6654 0.8307, -2.2835 1.3811 0.8307, 0.9971 -3.6746 0.8307, -2.2835 -3.6746 0.8307, 0.9943 -3.6764 0.8307, 0.9169 -3.7105 0.8307, 0.9456 -3.7069 0.8307, 0.9772 -3.691 0.8307, 0.954 -3.7074 0.8307, 0.9623 -3.7084 0.8307, 0.8621 -3.7418 0.8307, 0.867 -3.7372 0.8307, 0.89 -3.7209 0.8307, -2.2835 -3.7785 0.8307, -2.2835 -3.8084 0.8307, 0.8298 -3.8084 0.8307, 0.833 -3.7904 0.8307, 0.8383 -3.7785 0.8307, 0.8446 -3.7642 0.8307, 0.8811 -3.923 0.8307, 0.8585 -3.9037 0.8307, -2.2835 -3.9405 0.8307, 0.8419 -3.8801 0.8307, 0.9073 -3.9358 0.8307, 0.9174 -3.9405 0.8307, 0.9166 -3.9386 0.8307, 0.8315 -3.8531 0.8307, 0.828 -3.8246 0.8307, 0.8282 -3.8177 0.8307, 0.9471 -3.9771 0.8307, 0.9332 -3.966 0.8307, 0.9228 -3.9524 0.8307, 0.9806 -3.9878 0.8307, 0.9636 -3.9846 0.8307, 1.3331 -4.3669 0.8307, 0.9855 -3.9879 0.8307, 0.9556 -3.981 0.8307, -2.2835 -3.981 0.8307, -2.2835 -4.3669 0.8307, 1.3331 -3.981 0.8307, 1.3331 -3.9405 0.8307, 1.0535 -3.9405 0.8307, 1.0532 -3.9417 0.8307, 1.0444 -3.9578 0.8307, 1.032 -3.971 0.8307, 1.0173 -3.9806 0.8307, 1.0162 -3.981 0.8307, 1.0009 -3.9863 0.8307, 1.2879 -3.8145 0.8307, 1.2913 -3.8384 0.8307, 1.3331 -3.8084 0.8307, 1.1463 -3.8977 0.8307, 1.1513 -3.8957 0.8307, 1.1598 -3.8543 0.8307, 1.04 -3.8667 0.8307, 1.1373 -3.8158 0.8307, 1.0288 -3.8562 0.8307, 1.0137 -3.8476 0.8307, 1.1418 -3.9009 0.8307, 1.2644 -3.9073 0.8307, 1.2447 -3.924 0.8307, 1.246 -3.8339 0.8307, 1.2429 -3.8199 0.8307, 1.237 -3.8084 0.8307, 0.8753 -3.8084 0.8307, 1.2789 -3.8872 0.8307, 1.1569 -3.895 0.8307, 1.1576 -3.895 0.8307, 1.1598 -3.8955 0.8307, 1.288 -3.8642 0.8307, 0.8748 -3.8358 0.8307, 0.9266 -3.8724 0.8307, 0.8737 -3.8231 0.8307, 0.939 -3.8591 0.8307, 0.9541 -3.8493 0.8307, 1.1344 -3.9175 0.8307, 1.1346 -3.9146 0.8307, 1.0582 -3.9081 0.8307, 1.1361 -3.9091 0.8307, 1.1388 -3.9042 0.8307, 0.8804 -3.8535 0.8307, 0.8901 -3.869 0.8307, 0.9183 -3.8874 0.8307, 0.9036 -3.8818 0.8307, 0.9173 -3.8899 0.8307, 1.1514 -3.9394 0.8307, 1.1466 -3.9375 0.8307, 1.1419 -3.9341 0.8307, 1.1402 -3.9324 0.8307, 1.137 -3.9278 0.8307, 1.1351 -3.9229 0.8307, 1.0577 -3.9238 0.8307, 1.0582 -3.9153 0.8307, 0.9703 -3.8436 0.8307, 0.9855 -3.842 0.8307, 0.9964 -3.8428 0.8307, 1.2318 -3.8771 0.8307, 1.2397 -3.8657 0.8307, 1.2446 -3.8527 0.8307, 1.2462 -3.8391 0.8307, 1.2225 -3.9349 0.8307, 1.1983 -3.94 0.8307, 1.1555 -3.94 0.8307, 1.1613 -3.8957 0.8307, 1.194 -3.8957 0.8307, 1.2055 -3.8937 0.8307, 1.2185 -3.8881 0.8307, 1.2295 -3.8796 0.8307, 0.8811 -3.7914 0.8307, 0.8754 -3.8077 0.8307, 1.1838 -3.7824 0.8307, 1.1896 -3.7824 0.8307, 1.2031 -3.7841 0.8307, 1.2364 -3.8072 0.8307, 1.2271 -3.7966 0.8307, 1.2158 -3.7889 0.8307, 1.1679 -3.7385 0.8307, 1.1515 -3.719 0.8307, 0.9848 -3.7614 0.8307, 1.15 -3.7177 0.8307, 1.1296 -3.7035 0.8307, 0.996 -3.7383 0.8307, 0.8894 -3.7785 0.8307, 0.9774 -3.7575 0.8307, 1.1829 -3.7785 0.8307, 1.1792 -3.7619 0.8307, 0.9611 -3.7521 0.8307, 0.9463 -3.7505 0.8307, 0.9378 -3.751 0.8307, 1.0123 -3.7189 0.8307, 1.1069 -3.6947 0.8307, 1.0316 -3.7048 0.8307, 1.0821 -3.6917 0.8307, 1.0553 -3.6951 0.8307, 0.92 -3.7555 0.8307, 0.9039 -3.7643 0.8307, 0.8906 -3.7767 0.8307, 1.269 -3.7785 0.8307, 1.279 -3.7923 0.8307, 1.2855 -3.8084 0.8307, 1.7127 -3.9397 0.8307, 1.7224 -3.9405 0.8307, 1.7127 -3.928 0.8307, 1.7224 -3.8084 0.8307, 1.7104 -3.8375 0.8307, 1.7104 -3.8493 0.8307, 1.671 -3.8937 0.8307, 1.671 -3.928 0.8307, 1.6901 -3.8937 0.8307, 1.6901 -3.928 0.8307, 1.7075 -3.8937 0.8307, 1.7075 -3.882 0.8307, 1.671 -3.8493 0.8307, 1.671 -3.882 0.8307, 1.6901 -3.8493 0.8307, 1.6901 -3.882 0.8307, 1.5944 -3.6746 0.8307, 1.5706 -3.6746 0.8307, 1.5825 -3.6755 0.8307, 1.5706 -3.6755 0.8307, 1.5431 -3.7316 0.8307, 1.5431 -3.766 0.8307, 1.5706 -3.7316 0.8307, 1.5706 -3.766 0.8307, 1.5796 -3.7316 0.8307, 1.5848 -3.766 0.8307, 1.5796 -3.7199 0.8307, 1.5825 -3.6872 0.8307, 1.5706 -3.7199 0.8307, 1.5706 -3.6872 0.8307, 1.5431 -3.7199 0.8307, 1.5431 -3.6872 0.8307, 1.5944 -3.7785 0.8307, 1.5848 -3.7776 0.8307, 1.5706 -3.7785 0.8307, 1.5706 -3.7776 0.8307, 1.5299 -3.7776 0.8307, 1.5299 -3.6755 0.8307, 1.7224 -3.981 0.8307, 1.6901 -4.3669 0.8307, 1.5944 -4.3669 0.8307, 1.5706 -4.3669 0.8307, 1.524 -4.3669 0.8307, 1.5051 -4.3669 0.8307, 1.4375 -4.3669 0.8307, 1.477 -3.9388 0.8307, 2.0981 -3.9405 0.8307, 1.818 -3.9405 0.8307, 1.3749 -3.8375 0.8307, 1.3749 -3.9397 0.8307, 1.4314 -3.9405 0.8307, 1.4314 -3.981 0.8307, 1.4314 -4.3669 0.8307, 1.4275 -3.8375 0.8307, 1.4314 -3.8084 0.8307, 1.4275 -3.8493 0.8307, 1.4298 -3.928 0.8307, 1.4298 -3.9397 0.8307, 1.3881 -3.8937 0.8307, 1.3881 -3.928 0.8307, 1.4246 -3.8937 0.8307, 1.4246 -3.882 0.8307, 1.3881 -3.882 0.8307, 1.3881 -3.8493 0.8307, 1.732 -3.9397 0.8307, 1.8097 -3.8635 0.8307, 1.8135 -3.8732 0.8307, 1.818 -3.8084 0.8307, 1.8152 -3.8873 0.8307, 1.8148 -3.8945 0.8307, 1.8122 -3.9064 0.8307, 1.807 -3.9169 0.8307, 1.7997 -3.9254 0.8307, 1.7978 -3.9271 0.8307, 1.7878 -3.9337 0.8307, 1.7758 -3.9379 0.8307, 1.7601 -3.9397 0.8307, 1.732 -3.8375 0.8307, 1.7611 -3.8375 0.8307, 1.7764 -3.8392 0.8307, 1.7888 -3.8436 0.8307, 1.7997 -3.8511 0.8307, 1.8034 -3.8546 0.8307, 1.8354 -3.9397 0.8307, 1.8208 -3.9397 0.8307, 1.8982 -3.9397 0.8307, 1.8877 -3.9117 0.8307, 1.8452 -3.9117 0.8307, 1.8597 -3.8375 0.8307, 1.8738 -3.8375 0.8307, 1.3749 -3.7776 0.8307, 1.3749 -3.6755 0.8307, 1.4288 -3.7776 0.8307, 1.6843 -3.7444 0.8307, 1.6791 -3.7548 0.8307, 1.6818 -3.7015 0.8307, 1.6856 -3.7112 0.8307, 1.6872 -3.7253 0.8307, 1.6869 -3.7325 0.8307, 1.6718 -3.7633 0.8307, 1.6699 -3.765 0.8307, 1.6599 -3.7716 0.8307, 1.6332 -3.6755 0.8307, 1.6485 -3.6771 0.8307, 1.6608 -3.6816 0.8307, 1.6479 -3.7759 0.8307, 1.6322 -3.7776 0.8307, 1.6041 -3.7776 0.8307, 1.6041 -3.6755 0.8307, 1.6718 -3.689 0.8307, 1.6755 -3.6926 0.8307, 1.9127 -3.9397 0.8307, 2.0981 -3.8084 0.8307, 2.0981 -3.7785 0.8307, 2.0981 -3.6746 0.8307, 2.2835 -3.9405 0.8307, 2.2835 -3.8084 0.8307, 2.2835 -3.7785 0.8307, 2.2835 -3.6746 0.8307, 1.4314 1.3811 0.8307, 2.2835 1.3811 0.8307, 2.0981 1.3811 0.8307, 1.818 1.3811 0.8307, 1.7224 1.3811 0.8307, 1.6901 1.3811 0.8307, 1.5944 1.3811 0.8307, 1.5706 1.3811 0.8307, 1.524 1.3811 0.8307
            ]
        }
        coordIndex [
            0,1,2,-1,3,4,5,-1,6,3,7,-1,8,6,9,-1,10,11,12,-1,13,14,15,-1,16,17,18,-1,19,20,18,-1,18,20,21,-1,18,21,16,-1,17,16,22,-1,22,16,23,-1,22,23,24,-1,20,25,21,-1,21,25,26,-1,21,26,27,-1,27,26,28,-1,27,28,29,-1,29,28,30,-1,29,30,24,-1,24,30,31,-1,24,31,22,-1,32,33,34,-1,35,36,34,-1,34,36,37,-1,38,39,40,-1,40,39,41,-1,40,41,42,-1,37,43,34,-1,34,43,44,-1,34,44,45,-1,46,47,34,-1,34,47,48,-1,34,48,32,-1,35,34,40,-1,40,34,49,-1,40,49,38,-1,45,50,34,-1,34,50,51,-1,34,51,46,-1,52,53,54,-1,33,55,34,-1,34,55,56,-1,34,56,57,-1,57,56,58,-1,57,58,52,-1,59,60,61,-1,61,60,62,-1,61,62,54,-1,54,62,63,-1,54,63,52,-1,64,65,66,-1,66,65,67,-1,66,67,68,-1,69,70,71,-1,72,73,69,-1,69,73,74,-1,69,74,70,-1,75,76,69,-1,69,76,77,-1,69,77,72,-1,14,78,79,-1,79,78,80,-1,79,80,75,-1,75,80,81,-1,75,81,76,-1,82,83,15,-1,83,84,15,-1,15,84,85,-1,15,85,13,-1,82,15,86,-1,86,15,87,-1,86,87,88,-1,88,87,89,-1,89,87,90,-1,89,90,91,-1,52,58,53,-1,53,58,92,-1,53,92,93,-1,93,92,94,-1,93,94,95,-1,96,97,98,-1,99,100,101,-1,102,103,104,-1,105,106,107,-1,107,106,108,-1,107,108,109,-1,109,108,102,-1,109,102,110,-1,110,102,104,-1,111,112,12,-1,111,12,113,-1,112,111,106,-1,106,111,114,-1,106,114,108,-1,12,115,113,-1,113,115,116,-1,113,116,117,-1,118,119,115,-1,115,119,120,-1,115,120,116,-1,121,122,123,-1,115,124,125,-1,126,127,128,-1,128,127,129,-1,128,129,121,-1,121,129,130,-1,121,130,122,-1,125,131,115,-1,115,131,132,-1,115,132,118,-1,133,134,135,-1,133,135,136,-1,134,137,135,-1,135,137,138,-1,135,138,128,-1,128,138,139,-1,128,139,126,-1,140,141,142,-1,12,143,144,-1,145,146,147,-1,147,146,148,-1,149,150,12,-1,12,150,151,-1,12,151,143,-1,145,152,146,-1,146,152,153,-1,146,153,112,-1,141,149,142,-1,142,149,12,-1,142,12,154,-1,154,12,112,-1,154,112,155,-1,155,112,153,-1,144,156,12,-1,12,156,157,-1,12,157,10,-1,158,159,160,-1,160,159,161,-1,160,161,162,-1,160,163,158,-1,158,163,164,-1,158,164,165,-1,165,166,158,-1,158,166,167,-1,158,167,168,-1,168,167,169,-1,168,169,170,-1,170,169,171,-1,170,171,142,-1,142,171,172,-1,142,172,140,-1,173,174,162,-1,162,174,175,-1,162,175,160,-1,176,90,177,-1,148,146,178,-1,178,146,90,-1,178,90,179,-1,180,181,182,-1,183,184,176,-1,184,185,176,-1,176,185,186,-1,176,186,90,-1,90,186,187,-1,90,187,179,-1,180,182,176,-1,176,182,188,-1,176,188,183,-1,189,190,181,-1,181,190,191,-1,181,191,182,-1,189,192,190,-1,190,192,193,-1,190,193,194,-1,194,193,195,-1,194,196,197,-1,195,198,194,-1,194,198,199,-1,194,199,200,-1,200,201,194,-1,194,201,202,-1,194,202,196,-1,197,203,194,-1,194,203,204,-1,194,204,205,-1,206,207,208,-1,208,207,209,-1,208,209,177,-1,177,209,210,-1,177,210,176,-1,211,212,11,-1,11,212,121,-1,11,121,12,-1,12,121,123,-1,12,123,115,-1,115,123,213,-1,115,213,124,-1,214,215,216,-1,216,215,217,-1,218,219,220,-1,221,222,90,-1,222,223,90,-1,90,223,224,-1,90,224,225,-1,214,226,215,-1,215,226,227,-1,215,227,228,-1,228,227,229,-1,230,231,229,-1,229,231,232,-1,229,232,228,-1,233,234,218,-1,218,234,235,-1,218,235,219,-1,236,237,238,-1,238,237,239,-1,238,239,240,-1,220,241,218,-1,218,241,242,-1,218,242,87,-1,87,242,217,-1,87,217,243,-1,243,217,215,-1,243,244,87,-1,87,244,245,-1,87,245,90,-1,90,245,246,-1,90,246,221,-1,225,247,90,-1,90,247,248,-1,90,248,177,-1,177,248,249,-1,177,249,238,-1,250,251,229,-1,229,251,252,-1,229,252,253,-1,253,254,229,-1,229,254,255,-1,229,255,230,-1,256,257,258,-1,258,257,259,-1,257,260,259,-1,259,260,261,-1,259,261,218,-1,218,261,262,-1,218,262,233,-1,263,264,265,-1,265,264,266,-1,267,268,265,-1,265,268,269,-1,265,269,270,-1,270,271,265,-1,265,271,272,-1,265,272,263,-1,273,274,275,-1,275,274,276,-1,276,274,277,-1,277,274,278,-1,277,278,279,-1,279,278,280,-1,279,280,281,-1,280,282,281,-1,281,282,283,-1,281,283,284,-1,284,283,285,-1,284,285,286,-1,287,288,280,-1,280,288,289,-1,280,289,282,-1,290,291,292,-1,292,293,290,-1,290,293,294,-1,290,294,280,-1,280,294,295,-1,280,295,287,-1,296,297,298,-1,298,297,299,-1,296,298,300,-1,300,298,301,-1,300,301,302,-1,299,303,298,-1,298,303,304,-1,298,304,291,-1,291,304,305,-1,291,305,292,-1,306,307,298,-1,298,307,308,-1,298,308,301,-1,309,310,311,-1,309,311,312,-1,306,298,313,-1,313,298,314,-1,313,314,310,-1,310,314,315,-1,310,315,311,-1,316,317,318,-1,318,319,316,-1,316,319,320,-1,316,320,321,-1,321,322,316,-1,316,322,323,-1,316,323,311,-1,311,323,324,-1,311,324,312,-1,325,326,327,-1,328,329,330,-1,331,332,333,-1,333,332,334,-1,328,330,335,-1,336,337,317,-1,338,339,332,-1,332,339,340,-1,332,340,341,-1,336,317,342,-1,329,343,330,-1,330,343,344,-1,330,344,345,-1,327,326,317,-1,317,326,346,-1,317,346,342,-1,347,348,349,-1,349,348,350,-1,349,350,341,-1,341,350,351,-1,352,353,354,-1,354,353,355,-1,354,355,330,-1,330,355,356,-1,330,356,335,-1,347,357,348,-1,348,357,358,-1,348,358,359,-1,359,358,360,-1,359,360,361,-1,362,363,318,-1,318,363,364,-1,318,364,365,-1,365,366,318,-1,318,366,367,-1,318,367,368,-1,368,367,352,-1,368,352,369,-1,369,352,354,-1,351,370,341,-1,341,370,371,-1,341,371,332,-1,332,371,372,-1,332,372,334,-1,373,374,330,-1,330,374,375,-1,330,375,332,-1,332,375,376,-1,332,376,338,-1,337,377,317,-1,317,377,378,-1,317,378,318,-1,318,378,379,-1,318,379,362,-1,345,380,330,-1,330,380,381,-1,330,381,382,-1,382,383,330,-1,330,383,384,-1,330,384,373,-1,385,386,387,-1,386,341,387,-1,387,341,340,-1,387,340,388,-1,388,340,389,-1,390,391,340,-1,340,391,392,-1,340,392,389,-1,393,394,395,-1,394,396,395,-1,395,396,397,-1,395,397,398,-1,399,395,400,-1,385,387,399,-1,399,387,401,-1,399,401,395,-1,395,401,402,-1,395,402,393,-1,400,403,399,-1,399,403,404,-1,399,404,405,-1,398,397,406,-1,406,397,407,-1,406,407,408,-1,408,407,409,-1,408,409,410,-1,411,412,405,-1,405,412,413,-1,405,413,399,-1,264,414,266,-1,266,414,415,-1,266,415,327,-1,327,415,416,-1,327,416,325,-1,100,99,417,-1,417,99,418,-1,417,418,419,-1,98,97,420,-1,420,97,421,-1,420,421,422,-1,423,424,425,-1,425,424,426,-1,425,426,427,-1,427,426,419,-1,427,419,428,-1,429,430,431,-1,431,430,432,-1,431,432,422,-1,433,434,435,-1,435,434,436,-1,437,438,439,-1,439,438,440,-1,439,440,441,-1,441,440,442,-1,441,442,443,-1,443,442,444,-1,443,444,445,-1,445,444,446,-1,445,446,447,-1,447,446,448,-1,435,444,433,-1,433,444,442,-1,433,442,449,-1,449,442,450,-1,449,450,451,-1,451,450,452,-1,451,452,453,-1,436,434,454,-1,454,434,54,-1,454,54,453,-1,453,54,53,-1,453,53,451,-1,8,455,456,-1,456,455,135,-1,456,135,457,-1,457,135,128,-1,457,128,458,-1,458,128,121,-1,458,121,459,-1,459,121,212,-1,459,212,460,-1,460,212,258,-1,460,258,461,-1,461,258,259,-1,211,206,212,-1,212,206,208,-1,212,208,258,-1,258,208,177,-1,258,177,256,-1,256,177,238,-1,256,238,462,-1,462,238,240,-1,455,418,135,-1,135,418,99,-1,135,99,136,-1,136,99,101,-1,136,101,105,-1,105,101,96,-1,105,96,106,-1,106,96,98,-1,6,7,9,-1,9,7,463,-1,9,463,464,-1,465,327,466,-1,466,327,317,-1,466,317,467,-1,467,317,316,-1,467,316,468,-1,468,316,311,-1,468,311,469,-1,465,470,471,-1,470,472,471,-1,471,472,473,-1,471,473,467,-1,467,473,474,-1,467,474,466,-1,475,476,477,-1,477,476,473,-1,477,473,478,-1,478,473,472,-1,478,472,479,-1,479,472,480,-1,432,428,422,-1,422,428,419,-1,422,419,420,-1,420,419,418,-1,420,418,481,-1,482,483,484,-1,484,483,485,-1,484,485,464,-1,464,485,486,-1,464,486,487,-1,487,488,464,-1,464,488,489,-1,464,489,490,-1,490,491,464,-1,464,491,492,-1,464,492,493,-1,8,9,455,-1,455,9,464,-1,455,464,418,-1,418,464,493,-1,418,493,481,-1,481,494,420,-1,420,494,495,-1,420,495,484,-1,484,495,496,-1,484,496,497,-1,497,498,484,-1,484,498,499,-1,484,499,482,-1,500,501,464,-1,502,503,504,-1,464,501,484,-1,484,501,505,-1,484,505,506,-1,14,79,15,-1,15,79,471,-1,15,471,87,-1,87,471,467,-1,87,467,218,-1,218,467,468,-1,218,468,259,-1,259,468,469,-1,259,469,461,-1,484,16,420,-1,420,16,21,-1,420,21,98,-1,98,21,27,-1,98,27,106,-1,106,27,449,-1,106,449,112,-1,112,449,451,-1,112,451,146,-1,146,451,53,-1,146,53,90,-1,90,53,93,-1,90,93,91,-1,91,93,95,-1,465,471,327,-1,327,471,79,-1,327,79,266,-1,266,79,507,-1,266,507,265,-1,507,508,265,-1,265,508,0,-1,265,0,75,-1,75,0,2,-1,75,2,79,-1,79,2,509,-1,79,509,507,-1,510,511,27,-1,512,513,29,-1,29,513,514,-1,29,514,27,-1,27,514,515,-1,27,515,510,-1,511,516,27,-1,27,516,517,-1,27,517,518,-1,433,519,29,-1,29,519,520,-1,29,520,521,-1,518,522,27,-1,27,522,523,-1,27,523,449,-1,449,523,524,-1,449,524,433,-1,433,524,525,-1,433,525,519,-1,521,526,29,-1,29,526,527,-1,29,527,512,-1,504,500,502,-1,502,500,464,-1,502,464,528,-1,528,464,463,-1,528,463,506,-1,506,463,529,-1,506,529,484,-1,484,529,530,-1,484,530,16,-1,16,530,531,-1,16,531,23,-1,3,5,7,-1,7,5,532,-1,7,532,463,-1,463,532,533,-1,463,533,529,-1,529,533,534,-1,529,534,530,-1,530,534,535,-1,530,535,531,-1,71,68,69,-1,69,68,67,-1,69,67,75,-1,75,67,536,-1,75,536,265,-1,265,536,274,-1,265,274,267,-1,267,274,273,-1,535,537,531,-1,531,537,538,-1,531,538,23,-1,23,538,539,-1,23,539,24,-1,24,539,540,-1,24,540,29,-1,29,540,541,-1,29,541,433,-1,433,541,542,-1,433,542,434,-1,434,542,543,-1,434,543,54,-1,54,543,544,-1,54,544,61,-1,61,544,65,-1,61,65,59,-1,59,65,64,-1,
        ]
    }
}
Shape{
    appearance Appearance {
        material  Material 	{
            diffuseColor 0.0 0.21568627450980393 0.39215686274509803
            specularColor 0.0 0.01568627450980392 0.027450980392156862
            ambientIntensity 0.2458
            transparency 0.0
            shininess 0.5
        }
    }
    geometry IndexedFaceSet {
        ccw TRUE
        solid FALSE
        coord DEF co Coordinate {
            point [
                -2.3038 -4.443 0.2795, -2.3228 -4.4351 0.2795, -3.5039 -4.6032 0.2795, 2.3391 1.4368 0.2795, 2.3517 1.4205 0.2795, 2.7322 1.7944 0.2795, 2.3595 -4.3873 0.2795, 2.3517 -4.4063 0.2795, 3.5039 -4.6032 0.2795, 2.3391 -4.4226 0.2795, 2.3228 -4.4351 0.2795, -2.3391 -4.4226 0.2795, -2.3517 -4.4063 0.2795, -2.3595 -4.3873 0.2795, -2.9409 1.2984 0.2795, -2.8645 1.2884 0.2795, -2.3595 1.4015 0.2795, -2.6557 2.0796 0.2795, -2.6457 2.0031 0.2795, -2.3391 1.4368 0.2795, 2.3038 -4.443 0.2795, 2.2835 -4.4457 0.2795, -2.2835 -4.4457 0.2795, 2.7933 1.7474 0.2795, 2.9409 4.2984 0.2795, 3.5039 4.2984 0.2795, 3.5039 4.6094 0.2795, 2.9409 -4.2921 0.2795, 2.8645 -4.2821 0.2795, 2.3622 -4.3669 0.2795, -2.7933 1.2589 0.2795, -2.7322 1.2119 0.2795, -2.3622 1.3811 0.2795, -2.6852 1.1508 0.2795, -2.6557 1.0796 0.2795, -3.5039 1.2984 0.2795, -3.5039 1.7079 0.2795, -2.9409 1.7079 0.2795, -2.8645 1.7179 0.2795, 3.5039 -4.2921 0.2795, 2.7933 -4.2526 0.2795, 2.7322 -4.2056 0.2795, 2.6852 -4.1445 0.2795, -2.8645 -1.7116 0.2795, -2.7933 -1.7411 0.2795, -2.7322 -1.2056 0.2795, -2.6457 -1.9969 0.2795, -2.6557 -1.9204 0.2795, -2.6852 -1.8492 0.2795, 3.5039 -3.7016 0.2795, 3.5039 -3.2921 0.2795, 2.9409 -3.7016 0.2795, 2.9409 -3.2921 0.2795, 2.8645 -3.7116 0.2795, 2.8645 -3.2821 0.2795, 2.7933 -3.7411 0.2795, 2.7933 -3.2526 0.2795, 2.7322 -3.2056 0.2795, -2.6852 0.1508 0.2795, -2.6557 0.0796 0.2795, -2.6457 0.0031 0.2795, -2.6852 -0.8492 0.2795, -2.6557 -0.0733 0.2795, -2.6852 -0.1445 0.2795, -2.7322 -1.7881 0.2795, -2.6852 -1.1445 0.2795, -2.6557 1.9267 0.2795, -2.6852 1.8555 0.2795, -2.3517 1.4205 0.2795, -2.7322 1.7944 0.2795, -2.7933 1.7474 0.2795, 2.8645 2.7179 0.2795, 2.6852 2.1508 0.2795, 2.7322 2.2119 0.2795, 2.3038 1.4572 0.2795, 2.6457 2.0031 0.2795, 2.2835 1.4598 0.2795, 2.6557 2.0796 0.2795, 2.6557 -4.0733 0.2795, 2.6457 -3.9969 0.2795, 2.6557 -3.9204 0.2795, 2.6557 -1.9204 0.2795, 2.6852 -1.8492 0.2795, 2.8645 -1.2821 0.2795, 2.7322 -1.7881 0.2795, 2.7322 -2.2056 0.2795, 2.6852 -2.1445 0.2795, 2.6557 -2.0733 0.2795, 2.6457 -1.9969 0.2795, 2.3622 1.3811 0.2795, 2.6557 1.0796 0.2795, 2.6852 1.1508 0.2795, -2.6457 1.0031 0.2795, -2.6557 0.9267 0.2795, -2.6852 0.8555 0.2795, -2.7322 0.7944 0.2795, -2.8645 0.2884 0.2795, -2.7933 0.2589 0.2795, -2.7322 0.2119 0.2795, -2.7322 -0.2056 0.2795, -2.7933 -0.2526 0.2795, -2.7322 -0.7881 0.2795, -2.6557 -0.9204 0.2795, -2.6457 -0.9969 0.2795, -2.6557 -1.0733 0.2795, -2.6557 -2.0733 0.2795, -2.6852 -2.8492 0.2795, -2.6852 -2.1445 0.2795, -2.6557 -2.9204 0.2795, -2.6457 -2.9969 0.2795, 2.3228 1.4493 0.2795, 2.6852 1.8555 0.2795, 2.6557 1.9267 0.2795, 2.8645 4.2884 0.2795, -3.5039 4.6094 0.2795, 2.7933 4.2589 0.2795, 2.7933 -1.2526 0.2795, 2.7322 -1.2056 0.2795, 2.6852 -1.1445 0.2795, -3.5039 0.7079 0.2795, -3.5039 0.2984 0.2795, -2.9409 0.7079 0.2795, -2.9409 0.2984 0.2795, -2.8645 0.7179 0.2795, -2.7933 0.7474 0.2795, -3.5039 -0.2921 0.2795, -3.5039 -0.7016 0.2795, -2.9409 -0.2921 0.2795, -2.9409 -0.7016 0.2795, -2.8645 -0.2821 0.2795, -2.8645 -0.7116 0.2795, -2.7933 -0.7411 0.2795, -2.7322 -2.2056 0.2795, -2.7933 -2.2526 0.2795, -2.7322 -2.7881 0.2795, -2.6852 -3.1445 0.2795, -2.7933 -3.7411 0.2795, -2.6557 -3.0733 0.2795, -2.7322 -3.7881 0.2795, -2.6852 -3.8492 0.2795, -2.6557 -3.9204 0.2795, -2.3622 -4.3669 0.2795, -2.6457 -3.9969 0.2795, 3.5039 2.2984 0.2795, 3.5039 2.7079 0.2795, 2.9409 2.2984 0.2795, 2.9409 2.7079 0.2795, 2.8645 2.2884 0.2795, 2.7933 2.2589 0.2795, -2.7322 4.2119 0.2795, -2.6852 4.1508 0.2795, 3.5039 3.2984 0.2795, 3.5039 3.7079 0.2795, 2.9409 3.2984 0.2795, 2.9409 3.7079 0.2795, 2.8645 3.2884 0.2795, 2.8645 3.7179 0.2795, 2.7933 3.2589 0.2795, 2.7933 3.7474 0.2795, 2.7322 3.7944 0.2795, 2.6852 -2.8492 0.2795, 2.7322 -2.7881 0.2795, 2.8645 -2.2821 0.2795, 3.5039 -1.7016 0.2795, 3.5039 -1.2921 0.2795, 2.9409 -1.7016 0.2795, 2.9409 -1.2921 0.2795, 2.8645 -1.7116 0.2795, 2.7933 -1.7411 0.2795, 2.6557 -0.9204 0.2795, 2.6457 0.0031 0.2795, 2.6457 -0.9969 0.2795, 2.6557 -1.0733 0.2795, -3.5039 4.2984 0.2795, -2.9409 4.2984 0.2795, -2.8645 4.2884 0.2795, -2.7933 4.2589 0.2795, -2.7322 2.2119 0.2795, 2.6457 4.0031 0.2795, 2.6557 4.0796 0.2795, 2.6852 -3.1445 0.2795, 2.6557 -3.0733 0.2795, 2.7322 -3.7881 0.2795, 2.6457 -2.9969 0.2795, 2.6852 -3.8492 0.2795, 3.5039 -2.7016 0.2795, 3.5039 -2.2921 0.2795, 2.9409 -2.7016 0.2795, 2.9409 -2.2921 0.2795, 2.8645 -2.7116 0.2795, 2.7933 -2.7411 0.2795, 2.7933 -2.2526 0.2795, 2.6557 -2.9204 0.2795, -3.5039 -1.2921 0.2795, -3.5039 -1.7016 0.2795, -2.9409 -1.2921 0.2795, -2.9409 -1.7016 0.2795, -2.8645 -1.2821 0.2795, -2.7933 -1.2526 0.2795, -3.5039 -2.2921 0.2795, -3.5039 -2.7016 0.2795, -2.9409 -2.2921 0.2795, -2.9409 -2.7016 0.2795, -2.8645 -2.2821 0.2795, -2.8645 -2.7116 0.2795, -2.7933 -2.7411 0.2795, -3.5039 -3.2921 0.2795, -3.5039 -3.7016 0.2795, -2.9409 -3.2921 0.2795, -2.9409 -3.7016 0.2795, -2.8645 -3.2821 0.2795, -2.8645 -3.7116 0.2795, -2.7933 -3.2526 0.2795, -2.7322 -3.2056 0.2795, -2.7322 -4.2056 0.2795, -2.6852 -4.1445 0.2795, -2.6557 -4.0733 0.2795, 2.6852 -0.8492 0.2795, 2.7322 -0.7881 0.2795, 2.6557 -0.0733 0.2795, 2.7933 -0.7411 0.2795, 2.6852 -0.1445 0.2795, 2.7322 -0.2056 0.2795, 2.7322 0.2119 0.2795, 2.8645 0.7179 0.2795, 2.6852 0.1508 0.2795, 2.6557 0.0796 0.2795, 3.5039 -0.7016 0.2795, 3.5039 -0.2921 0.2795, 2.9409 -0.7016 0.2795, 2.9409 -0.2921 0.2795, 2.8645 -0.7116 0.2795, 2.8645 -0.2821 0.2795, 2.7933 -0.2526 0.2795, 2.3595 1.4015 0.2795, 2.7322 1.2119 0.2795, 2.8645 1.7179 0.2795, 3.5039 1.2984 0.2795, 3.5039 1.7079 0.2795, 2.9409 1.2984 0.2795, 2.9409 1.7079 0.2795, 2.8645 1.2884 0.2795, 2.7933 1.2589 0.2795, -2.7933 -4.2526 0.2795, -2.8645 -4.2821 0.2795, -2.9409 -4.2921 0.2795, -3.5039 -4.2921 0.2795, -2.6457 3.0031 0.2795, -2.6557 3.0796 0.2795, -2.6852 3.1508 0.2795, 2.7933 2.7474 0.2795, 2.7322 2.7944 0.2795, -2.2835 1.4598 0.2795, 2.6852 4.1508 0.2795, 2.7322 4.2119 0.2795, 3.5039 0.2984 0.2795, 3.5039 0.7079 0.2795, 2.9409 0.2984 0.2795, 2.9409 0.7079 0.2795, 2.8645 0.2884 0.2795, 2.7933 0.2589 0.2795, 2.7933 0.7474 0.2795, 2.7322 0.7944 0.2795, 2.6852 0.8555 0.2795, 2.6557 0.9267 0.2795, 2.6457 1.0031 0.2795, -3.5039 3.7079 0.2795, -3.5039 3.2984 0.2795, -2.9409 3.7079 0.2795, -2.9409 3.2984 0.2795, -2.8645 3.7179 0.2795, -2.8645 3.2884 0.2795, -2.7933 3.7474 0.2795, -2.7933 3.2589 0.2795, -2.7322 3.7944 0.2795, -2.6557 4.0796 0.2795, -2.6457 4.0031 0.2795, -2.6557 3.9267 0.2795, -2.7322 3.2119 0.2795, -2.6852 3.8555 0.2795, 2.6457 3.0031 0.2795, 2.6557 3.0796 0.2795, 2.6852 3.1508 0.2795, 2.7322 3.2119 0.2795, 2.6557 3.9267 0.2795, 2.6852 3.8555 0.2795, -2.6852 2.1508 0.2795, -2.3228 1.4493 0.2795, -2.3038 1.4572 0.2795, -2.6557 2.9267 0.2795, -2.6852 2.8555 0.2795, -2.7322 2.7944 0.2795, -2.7933 2.7474 0.2795, -3.5039 2.7079 0.2795, -3.5039 2.2984 0.2795, -2.9409 2.7079 0.2795, -2.9409 2.2984 0.2795, -2.8645 2.7179 0.2795, -2.8645 2.2884 0.2795, -2.7933 2.2589 0.2795, 2.6557 2.9267 0.2795, 2.6852 2.8555 0.2795, -2.9409 4.2984 0.0039, -3.5039 4.2984 0.0039, -3.5039 4.6094 0.0039, -2.8645 4.2884 0.0039, 3.5039 4.6094 0.0039, -2.7933 4.2589 0.0039, -2.7322 -3.2056 0.0039, -2.7933 -3.7411 0.0039, -2.7933 -3.2526 0.0039, -2.8645 -3.7116 0.0039, 2.7322 3.7944 0.0039, 2.7933 3.7474 0.0039, 2.7933 3.2589 0.0039, 2.8645 3.7179 0.0039, 2.7933 -2.7411 0.0039, 2.7322 -2.7881 0.0039, 2.8645 -2.2821 0.0039, -3.5039 -4.6032 0.0039, 2.6852 -4.1445 0.0039, 2.7322 -4.2056 0.0039, -2.6852 -2.8492 0.0039, 2.7933 -3.7411 0.0039, -2.6557 -2.9204 0.0039, -2.6457 -2.9969 0.0039, 2.7933 -4.2526 0.0039, 2.8645 -4.2821 0.0039, 3.5039 -4.6032 0.0039, 2.9409 -4.2921 0.0039, 3.5039 -4.2921 0.0039, -2.7322 -2.7881 0.0039, -2.7933 -2.2526 0.0039, -2.7933 -2.7411 0.0039, -2.8645 -2.7116 0.0039, -2.6457 -1.9969 0.0039, -2.6557 -2.0733 0.0039, -2.6852 -2.1445 0.0039, -2.7322 1.7944 0.0039, -2.6852 1.8555 0.0039, -2.6852 1.1508 0.0039, -3.5039 -3.7016 0.0039, -3.5039 -3.2921 0.0039, -2.9409 -3.7016 0.0039, -2.9409 -3.2921 0.0039, -2.8645 -3.2821 0.0039, 3.5039 3.7079 0.0039, 3.5039 3.2984 0.0039, 2.9409 3.7079 0.0039, 2.9409 3.2984 0.0039, 2.8645 3.2884 0.0039, 2.6557 2.0796 0.0039, 2.7322 2.7944 0.0039, 2.6852 2.1508 0.0039, 2.7933 2.7474 0.0039, 2.7322 2.2119 0.0039, 2.8645 2.7179 0.0039, 2.7933 2.2589 0.0039, 3.5039 2.7079 0.0039, 3.5039 2.2984 0.0039, 2.9409 2.7079 0.0039, 2.9409 2.2984 0.0039, 2.8645 2.2884 0.0039, 2.6852 -3.8492 0.0039, 2.6557 -3.9204 0.0039, -2.6852 -3.8492 0.0039, -2.7322 -2.2056 0.0039, -2.7933 1.2589 0.0039, -2.8645 1.2884 0.0039, -2.7933 1.7474 0.0039, -2.8645 -0.7116 0.0039, -2.7933 -0.2526 0.0039, -2.7933 -0.7411 0.0039, -2.7322 -0.7881 0.0039, -2.6852 -0.8492 0.0039, -2.7322 -0.2056 0.0039, -2.6852 -0.1445 0.0039, 2.6557 1.0796 0.0039, 2.7322 1.7944 0.0039, 2.6852 1.1508 0.0039, 2.7933 1.7474 0.0039, 2.7322 1.2119 0.0039, 2.8645 1.7179 0.0039, 2.7933 1.2589 0.0039, 3.5039 1.7079 0.0039, 3.5039 1.2984 0.0039, 2.9409 1.7079 0.0039, 2.9409 1.2984 0.0039, 2.8645 1.2884 0.0039, -2.7322 -4.2056 0.0039, -2.6852 -4.1445 0.0039, -2.6557 -4.0733 0.0039, 2.6557 -4.0733 0.0039, 2.7322 -3.7881 0.0039, -2.7322 2.7944 0.0039, -2.7322 2.2119 0.0039, -2.7933 2.7474 0.0039, -2.7933 2.2589 0.0039, -2.8645 2.2884 0.0039, -2.6852 2.8555 0.0039, -2.6557 2.9267 0.0039, -2.6457 3.0031 0.0039, -2.7322 1.2119 0.0039, 2.7933 -3.2526 0.0039, 2.8645 -3.2821 0.0039, 2.7933 -2.2526 0.0039, 2.6852 -2.8492 0.0039, 2.7322 -2.2056 0.0039, 3.5039 -2.2921 0.0039, 3.5039 -2.7016 0.0039, 2.9409 -2.2921 0.0039, 2.9409 -2.7016 0.0039, 2.8645 -2.7116 0.0039, -3.5039 -4.2921 0.0039, -2.9409 -4.2921 0.0039, -2.8645 -4.2821 0.0039, -2.7933 -4.2526 0.0039, -2.6852 -3.1445 0.0039, -2.6557 -3.0733 0.0039, -2.7322 -3.7881 0.0039, 2.6457 -3.9969 0.0039, -2.6457 -3.9969 0.0039, -2.6557 -3.9204 0.0039, -3.5039 -2.7016 0.0039, -3.5039 -2.2921 0.0039, -2.9409 -2.7016 0.0039, -2.9409 -2.2921 0.0039, -2.8645 -2.2821 0.0039, -2.7322 3.7944 0.0039, -2.7933 3.2589 0.0039, -2.7933 3.7474 0.0039, -2.8645 3.2884 0.0039, -3.5039 -0.7016 0.0039, -3.5039 -0.2921 0.0039, -2.9409 -0.7016 0.0039, -2.9409 -0.2921 0.0039, -2.8645 -0.2821 0.0039, 3.5039 0.7079 0.0039, 3.5039 0.2984 0.0039, 2.9409 0.7079 0.0039, 2.9409 0.2984 0.0039, 2.8645 0.7179 0.0039, 2.8645 0.2884 0.0039, -2.6557 4.0796 0.0039, -2.6852 4.1508 0.0039, -2.6852 3.8555 0.0039, -2.6557 3.9267 0.0039, -2.7322 3.2119 0.0039, -2.6457 4.0031 0.0039, -2.6852 3.1508 0.0039, -2.6852 0.8555 0.0039, -2.6852 0.1508 0.0039, -2.7322 0.7944 0.0039, -2.7322 0.2119 0.0039, -3.5039 2.2984 0.0039, -3.5039 2.7079 0.0039, -2.9409 2.2984 0.0039, -2.9409 2.7079 0.0039, -2.8645 2.7179 0.0039, -3.5039 1.2984 0.0039, -3.5039 1.7079 0.0039, -2.9409 1.2984 0.0039, -2.9409 1.7079 0.0039, -2.8645 1.7179 0.0039, 2.8645 -1.7116 0.0039, 2.8645 -1.2821 0.0039, 2.9409 -1.7016 0.0039, 2.9409 -1.2921 0.0039, 3.5039 -1.7016 0.0039, 3.5039 -1.2921 0.0039, 2.7933 0.2589 0.0039, 2.7322 0.2119 0.0039, 2.7933 0.7474 0.0039, 2.6852 0.1508 0.0039, 2.7322 0.7944 0.0039, -2.7933 0.2589 0.0039, -2.8645 0.2884 0.0039, -2.7933 0.7474 0.0039, 2.7933 -0.2526 0.0039, 2.8645 -0.2821 0.0039, 2.7933 -0.7411 0.0039, 2.7322 -0.7881 0.0039, 2.6852 -0.8492 0.0039, 2.6852 -0.1445 0.0039, 2.6557 -0.9204 0.0039, 3.5039 -3.2921 0.0039, 3.5039 -3.7016 0.0039, 2.9409 -3.2921 0.0039, 2.9409 -3.7016 0.0039, 2.8645 -3.7116 0.0039, 2.7933 -1.7411 0.0039, 2.7322 -1.7881 0.0039, 2.7933 -1.2526 0.0039, 2.6852 -1.8492 0.0039, 2.7322 -1.2056 0.0039, -2.7933 -1.2526 0.0039, -2.7322 -1.2056 0.0039, -2.8645 -1.7116 0.0039, -2.7933 -1.7411 0.0039, -2.6852 -1.1445 0.0039, -2.6557 -1.0733 0.0039, -3.5039 0.2984 0.0039, -3.5039 0.7079 0.0039, -2.9409 0.2984 0.0039, -2.9409 0.7079 0.0039, -2.8645 0.7179 0.0039, -3.5039 3.2984 0.0039, -3.5039 3.7079 0.0039, -2.9409 3.2984 0.0039, -2.9409 3.7079 0.0039, -2.8645 3.7179 0.0039, 2.7322 -0.2056 0.0039, -2.6557 -1.9204 0.0039, -2.6852 -1.8492 0.0039, -2.7322 -1.7881 0.0039, 2.6852 3.1508 0.0039, 2.6557 3.0796 0.0039, 2.6457 3.0031 0.0039, 2.6557 2.9267 0.0039, -2.6457 -0.9969 0.0039, -2.6557 -0.9204 0.0039, 3.5039 4.2984 0.0039, 2.9409 4.2984 0.0039, 2.8645 4.2884 0.0039, 2.7933 4.2589 0.0039, -2.7322 4.2119 0.0039, 2.7322 4.2119 0.0039, 2.6457 2.0031 0.0039, 2.6557 1.9267 0.0039, 3.5039 -0.2921 0.0039, 3.5039 -0.7016 0.0039, 2.9409 -0.2921 0.0039, 2.9409 -0.7016 0.0039, 2.8645 -0.7116 0.0039, -2.6557 -0.0733 0.0039, -2.6457 0.0031 0.0039, -2.6557 0.0796 0.0039, -2.6557 0.9267 0.0039, -2.6457 1.0031 0.0039, -2.6557 1.0796 0.0039, -2.6557 1.9267 0.0039, -2.6457 2.0031 0.0039, -2.6557 2.0796 0.0039, -2.6852 2.1508 0.0039, 2.6852 4.1508 0.0039, 2.6557 4.0796 0.0039, 2.6457 4.0031 0.0039, 2.6557 3.9267 0.0039, -3.5039 -1.7016 0.0039, -3.5039 -1.2921 0.0039, -2.9409 -1.7016 0.0039, -2.9409 -1.2921 0.0039, -2.8645 -1.2821 0.0039, 2.7322 3.2119 0.0039, 2.6852 3.8555 0.0039, 2.6852 2.8555 0.0039, -2.6557 3.0796 0.0039, 2.6457 -2.9969 0.0039, 2.6557 -3.0733 0.0039, 2.6852 -3.1445 0.0039, 2.7322 -3.2056 0.0039, 2.6557 -2.9204 0.0039, 2.6852 -2.1445 0.0039, 2.6557 -2.0733 0.0039, 2.6457 -1.9969 0.0039, 2.6457 1.0031 0.0039, 2.6852 1.8555 0.0039, 2.6557 0.0796 0.0039, 2.6457 0.0031 0.0039, 2.6852 0.8555 0.0039, 2.6557 0.9267 0.0039, 2.6457 -0.9969 0.0039, 2.6557 -0.0733 0.0039, 2.6557 -1.9204 0.0039, 2.6852 -1.1445 0.0039, 2.6557 -1.0733 0.0039
            ]
        }
        coordIndex [
            0,1,2,-1,3,4,5,-1,6,7,8,-1,8,7,9,-1,8,9,10,-1,1,11,2,-1,2,11,12,-1,2,12,13,-1,14,15,16,-1,17,18,19,-1,10,20,8,-1,8,20,21,-1,8,21,2,-1,2,21,22,-1,2,22,0,-1,5,4,23,-1,24,25,26,-1,27,28,29,-1,15,30,16,-1,16,30,31,-1,16,31,32,-1,32,31,33,-1,32,33,34,-1,35,14,36,-1,36,14,16,-1,36,16,37,-1,37,16,38,-1,6,8,29,-1,29,8,39,-1,29,39,27,-1,28,40,29,-1,29,40,41,-1,29,41,42,-1,43,44,45,-1,46,32,47,-1,47,32,48,-1,49,50,51,-1,51,50,52,-1,51,52,53,-1,53,52,54,-1,53,54,55,-1,55,54,56,-1,55,56,57,-1,58,59,32,-1,32,59,60,-1,32,60,61,-1,61,60,62,-1,61,62,63,-1,44,64,45,-1,45,64,48,-1,45,48,65,-1,18,66,19,-1,19,66,67,-1,19,67,68,-1,68,67,69,-1,68,69,16,-1,16,69,70,-1,16,70,38,-1,71,72,73,-1,74,75,76,-1,76,75,77,-1,42,78,29,-1,29,78,79,-1,29,79,80,-1,81,82,83,-1,83,82,84,-1,85,86,29,-1,29,86,87,-1,29,87,88,-1,89,90,91,-1,34,92,32,-1,32,92,93,-1,32,93,58,-1,58,93,94,-1,58,94,95,-1,96,97,95,-1,95,97,98,-1,95,98,58,-1,63,99,61,-1,61,99,100,-1,61,100,101,-1,61,102,32,-1,32,102,103,-1,32,103,48,-1,48,103,104,-1,48,104,65,-1,46,105,106,-1,106,105,107,-1,46,106,32,-1,32,106,108,-1,32,108,109,-1,3,5,110,-1,110,5,111,-1,110,111,74,-1,74,111,112,-1,74,112,75,-1,24,26,113,-1,113,26,114,-1,113,114,115,-1,83,116,81,-1,81,116,117,-1,81,117,88,-1,88,117,118,-1,88,118,29,-1,119,120,121,-1,121,120,122,-1,121,122,123,-1,123,122,96,-1,123,96,124,-1,124,96,95,-1,125,126,127,-1,127,126,128,-1,127,128,129,-1,129,128,130,-1,129,130,100,-1,100,130,131,-1,100,131,101,-1,107,132,106,-1,106,132,133,-1,106,133,134,-1,135,136,137,-1,137,136,138,-1,137,138,109,-1,109,138,139,-1,109,139,32,-1,32,139,140,-1,32,140,141,-1,141,140,142,-1,143,144,145,-1,145,144,146,-1,145,146,147,-1,147,146,71,-1,147,71,148,-1,148,71,73,-1,149,150,115,-1,151,152,153,-1,153,152,154,-1,153,154,155,-1,155,154,156,-1,155,156,157,-1,157,156,158,-1,157,158,159,-1,160,161,162,-1,163,164,165,-1,165,164,166,-1,165,166,167,-1,167,166,83,-1,167,83,168,-1,168,83,84,-1,169,170,171,-1,171,170,29,-1,171,29,172,-1,172,29,118,-1,173,174,114,-1,114,174,175,-1,114,175,115,-1,115,175,176,-1,115,176,149,-1,177,178,179,-1,57,180,55,-1,55,180,181,-1,55,181,182,-1,182,181,183,-1,182,183,184,-1,185,186,187,-1,187,186,188,-1,187,188,189,-1,189,188,162,-1,189,162,190,-1,190,162,161,-1,162,191,160,-1,160,191,85,-1,160,85,192,-1,192,85,29,-1,192,29,183,-1,183,29,80,-1,183,80,184,-1,193,194,195,-1,195,194,196,-1,195,196,197,-1,197,196,43,-1,197,43,198,-1,198,43,45,-1,199,200,201,-1,201,200,202,-1,201,202,203,-1,203,202,204,-1,203,204,133,-1,133,204,205,-1,133,205,134,-1,206,207,208,-1,208,207,209,-1,208,209,210,-1,210,209,211,-1,210,211,212,-1,212,211,136,-1,212,136,213,-1,213,136,135,-1,214,13,215,-1,215,13,141,-1,215,141,216,-1,216,141,142,-1,169,217,170,-1,170,217,218,-1,170,218,219,-1,219,218,220,-1,219,220,221,-1,221,220,222,-1,223,224,225,-1,225,224,226,-1,227,228,229,-1,229,228,230,-1,229,230,231,-1,231,230,232,-1,231,232,220,-1,220,232,233,-1,220,233,222,-1,89,91,234,-1,234,91,235,-1,234,235,4,-1,4,235,236,-1,4,236,23,-1,237,238,239,-1,239,238,240,-1,239,240,241,-1,241,240,236,-1,241,236,242,-1,242,236,235,-1,214,243,13,-1,13,243,244,-1,13,244,2,-1,2,244,245,-1,2,245,246,-1,247,115,248,-1,248,115,249,-1,72,71,77,-1,77,71,250,-1,77,250,76,-1,76,250,251,-1,76,251,252,-1,179,253,177,-1,177,253,254,-1,177,254,115,-1,255,256,257,-1,257,256,258,-1,257,258,259,-1,259,258,224,-1,259,224,260,-1,260,224,223,-1,224,261,226,-1,226,261,262,-1,226,262,170,-1,170,262,263,-1,170,263,29,-1,29,263,264,-1,29,264,89,-1,89,264,265,-1,89,265,90,-1,266,267,268,-1,268,267,269,-1,268,269,270,-1,270,269,271,-1,270,271,272,-1,272,271,273,-1,272,273,274,-1,150,275,115,-1,115,275,276,-1,115,276,277,-1,249,115,278,-1,278,115,277,-1,278,277,273,-1,273,277,279,-1,273,279,274,-1,280,281,177,-1,177,281,282,-1,177,282,178,-1,178,282,283,-1,178,283,284,-1,284,283,157,-1,284,157,285,-1,285,157,159,-1,17,19,286,-1,286,19,287,-1,286,287,288,-1,247,289,115,-1,115,289,290,-1,115,290,177,-1,177,290,291,-1,177,291,292,-1,293,294,295,-1,295,294,296,-1,295,296,297,-1,297,296,298,-1,297,298,292,-1,292,298,299,-1,292,299,177,-1,177,286,280,-1,280,286,288,-1,280,288,300,-1,300,288,252,-1,300,252,301,-1,301,252,251,-1,302,303,304,-1,302,304,305,-1,305,304,306,-1,305,306,307,-1,308,309,310,-1,310,309,311,-1,312,313,314,-1,314,313,315,-1,316,317,318,-1,319,320,321,-1,322,323,324,-1,324,323,325,-1,321,326,319,-1,319,326,327,-1,319,327,328,-1,328,327,329,-1,328,329,330,-1,322,331,332,-1,332,331,333,-1,332,333,334,-1,335,323,336,-1,336,323,337,-1,338,339,340,-1,341,342,343,-1,343,342,344,-1,343,344,311,-1,311,344,345,-1,311,345,310,-1,346,347,348,-1,348,347,349,-1,348,349,315,-1,315,349,350,-1,315,350,314,-1,351,352,353,-1,353,352,354,-1,353,354,355,-1,355,354,356,-1,355,356,357,-1,358,359,360,-1,360,359,361,-1,360,361,356,-1,356,361,362,-1,356,362,357,-1,363,364,365,-1,322,332,323,-1,323,332,366,-1,323,366,337,-1,367,368,369,-1,370,371,372,-1,372,371,373,-1,373,371,374,-1,374,371,375,-1,374,375,376,-1,377,378,379,-1,379,378,380,-1,379,380,381,-1,381,380,382,-1,381,382,383,-1,384,385,386,-1,386,385,387,-1,386,387,382,-1,382,387,388,-1,382,388,383,-1,389,390,320,-1,320,390,391,-1,320,391,392,-1,363,365,393,-1,394,395,396,-1,396,395,397,-1,396,397,398,-1,394,399,395,-1,395,399,400,-1,395,400,401,-1,338,340,369,-1,369,340,402,-1,369,402,367,-1,323,403,404,-1,318,317,405,-1,405,317,406,-1,405,406,407,-1,408,409,410,-1,410,409,411,-1,410,411,318,-1,318,411,412,-1,318,412,316,-1,413,414,319,-1,319,414,415,-1,319,415,320,-1,320,415,416,-1,320,416,389,-1,308,417,309,-1,309,417,418,-1,309,418,419,-1,419,418,325,-1,419,325,365,-1,365,325,323,-1,365,323,393,-1,392,391,420,-1,420,391,421,-1,420,421,364,-1,364,421,422,-1,364,422,365,-1,423,424,425,-1,425,424,426,-1,425,426,334,-1,334,426,427,-1,334,427,332,-1,428,429,430,-1,430,429,431,-1,432,433,434,-1,434,433,435,-1,434,435,370,-1,370,435,436,-1,370,436,371,-1,437,438,439,-1,439,438,440,-1,439,440,441,-1,441,440,442,-1,443,444,323,-1,428,445,429,-1,429,445,446,-1,429,446,447,-1,447,446,448,-1,447,448,449,-1,450,451,452,-1,452,451,453,-1,454,455,456,-1,456,455,457,-1,456,457,398,-1,398,457,458,-1,398,458,396,-1,459,460,461,-1,461,460,462,-1,461,462,368,-1,368,462,463,-1,368,463,369,-1,464,465,466,-1,466,465,467,-1,466,467,468,-1,468,467,469,-1,442,470,441,-1,441,470,471,-1,441,471,472,-1,472,471,473,-1,472,473,474,-1,453,475,452,-1,452,475,476,-1,452,476,477,-1,478,479,480,-1,481,482,483,-1,483,482,484,-1,485,486,487,-1,487,486,488,-1,487,488,404,-1,404,488,489,-1,404,489,323,-1,464,490,465,-1,465,490,491,-1,465,491,492,-1,492,491,493,-1,492,493,494,-1,495,496,497,-1,497,496,498,-1,496,499,323,-1,323,499,500,-1,501,502,503,-1,503,502,504,-1,503,504,476,-1,476,504,505,-1,476,505,477,-1,506,507,508,-1,508,507,509,-1,508,509,431,-1,431,509,510,-1,431,510,430,-1,481,483,480,-1,480,483,511,-1,480,511,478,-1,335,512,323,-1,323,512,513,-1,323,513,496,-1,496,513,514,-1,496,514,498,-1,515,516,444,-1,444,516,517,-1,444,517,518,-1,500,519,323,-1,323,519,520,-1,323,520,374,-1,521,522,306,-1,306,522,523,-1,306,523,307,-1,307,523,524,-1,307,524,525,-1,525,524,526,-1,527,528,444,-1,529,530,531,-1,531,530,532,-1,531,532,479,-1,479,532,533,-1,479,533,480,-1,376,534,374,-1,374,534,535,-1,374,535,323,-1,323,535,536,-1,323,536,451,-1,450,537,451,-1,451,537,538,-1,451,538,323,-1,323,538,539,-1,323,539,340,-1,339,540,340,-1,340,540,541,-1,340,541,323,-1,323,541,542,-1,323,542,543,-1,443,323,448,-1,526,544,525,-1,525,544,545,-1,525,545,444,-1,444,545,546,-1,444,546,547,-1,548,549,550,-1,550,549,551,-1,550,551,497,-1,497,551,552,-1,497,552,495,-1,515,444,553,-1,553,444,547,-1,553,547,314,-1,314,547,554,-1,314,554,312,-1,351,527,352,-1,352,527,444,-1,352,444,555,-1,555,444,518,-1,449,448,556,-1,556,448,323,-1,556,323,401,-1,401,323,543,-1,401,543,395,-1,557,558,444,-1,444,558,559,-1,444,559,323,-1,323,559,560,-1,323,560,403,-1,406,561,407,-1,407,561,557,-1,407,557,562,-1,562,557,444,-1,562,444,563,-1,563,444,564,-1,377,565,378,-1,378,565,444,-1,378,444,566,-1,566,444,528,-1,473,567,474,-1,474,567,568,-1,474,568,569,-1,569,568,444,-1,569,444,570,-1,570,444,565,-1,484,571,483,-1,483,571,444,-1,483,444,572,-1,572,444,568,-1,493,573,494,-1,494,573,564,-1,494,564,574,-1,574,564,444,-1,574,444,575,-1,575,444,571,-1,485,50,486,-1,486,50,49,-1,8,328,39,-1,39,328,330,-1,408,186,409,-1,409,186,185,-1,469,164,468,-1,468,164,163,-1,529,228,530,-1,530,228,227,-1,437,256,438,-1,438,256,255,-1,384,238,385,-1,385,238,237,-1,358,144,359,-1,359,144,143,-1,346,152,347,-1,347,152,151,-1,306,26,521,-1,521,26,25,-1,120,119,501,-1,501,119,502,-1,126,125,432,-1,432,125,433,-1,294,293,454,-1,454,293,455,-1,35,36,459,-1,459,36,460,-1,207,206,341,-1,341,206,342,-1,194,193,548,-1,548,193,549,-1,200,199,423,-1,423,199,424,-1,267,266,506,-1,506,266,507,-1,173,114,303,-1,303,114,304,-1,114,26,304,-1,304,26,306,-1,413,319,246,-1,246,319,2,-1,8,2,328,-1,328,2,319,-1,
        ]
    }
}
Shape{
    appearance Appearance {
        material  Material 	{
            diffuseColor 0.8274509803921568 0.6666666666666666 0.12941176470588237
            specularColor 0.8274509803921568 0.6666666666666666 0.12941176470588237
            ambientIntensity 0.6535
            transparency 0.0
            shininess 0.5
        }
    }
    geometry IndexedFaceSet {
        ccw TRUE
        solid FALSE
        coord DEF co Coordinate {
            point [
                -2.9409 4.2984 0.2795, -2.9409 4.2984 0.2835, -2.8645 4.2884 0.2835, -2.8645 4.2884 0.2795, -2.7933 4.2589 0.2835, -2.7933 4.2589 0.2795, -2.7322 4.2119 0.2835, -2.7322 4.2119 0.2795, -2.6852 4.1508 0.2835, -2.6852 4.1508 0.2795, -2.6557 4.0796 0.2835, -2.6557 4.0796 0.2795, -2.6457 4.0031 0.2835, -2.6457 4.0031 0.2795, -2.6557 3.9267 0.2835, -2.6557 3.9267 0.2795, -2.6852 3.8555 0.2835, -2.6852 3.8555 0.2795, -2.7322 3.7944 0.2835, -2.7322 3.7944 0.2795, -2.7933 3.7474 0.2835, -2.7933 3.7474 0.2795, -2.8645 3.7179 0.2835, -2.8645 3.7179 0.2795, -2.9409 3.7079 0.2835, -2.9409 3.7079 0.2795, -3.5039 3.7079 0.2795, -3.5043 3.7079 0.0, -2.9409 3.7079 0.0, -2.9409 3.7079 0.0039, -3.5039 3.7079 0.0039, -3.5043 3.7079 0.2835, -2.9409 4.2984 0.0039, -2.9409 4.2984 0.0, -3.5039 4.2984 0.0039, -3.5043 4.2984 0.0, -3.5039 4.2984 0.2795, -3.5043 4.2984 0.2835, -2.8645 4.2884 0.0039, -2.8645 4.2884 0.0, -2.7933 4.2589 0.0039, -2.7933 4.2589 0.0, -2.7322 4.2119 0.0039, -2.7322 4.2119 0.0, -2.6852 4.1508 0.0039, -2.6852 4.1508 0.0, -2.6557 4.0796 0.0039, -2.6557 4.0796 0.0, -2.6457 4.0031 0.0039, -2.6457 4.0031 0.0, -2.6557 3.9267 0.0039, -2.6557 3.9267 0.0, -2.6852 3.8555 0.0039, -2.6852 3.8555 0.0, -2.7322 3.7944 0.0039, -2.7322 3.7944 0.0, -2.7933 3.7474 0.0039, -2.7933 3.7474 0.0, -2.8645 3.7179 0.0039, -2.8645 3.7179 0.0, -3.5043 3.8457 0.2835, -3.5043 3.8457 0.0, -3.5039 3.8457 0.2835, -3.5039 3.8457 0.0, -3.5039 4.1606 0.2835, -3.5043 4.1606 0.2835, -3.5039 4.1606 0.0, -3.5043 4.1606 0.0, -3.1127 3.9624 0.0, -3.097 3.9244 0.0, -3.3518 3.9624 0.0, -3.3676 3.9244 0.0, -3.072 3.8918 0.0, -3.0394 3.8668 0.0, -3.4632 3.851 0.0, -3.4252 3.8668 0.0, -3.3926 3.8918 0.0, -3.3676 4.0819 0.0, -3.3926 4.1145 0.0, -3.4252 4.1395 0.0, -3.4632 4.1553 0.0, -3.0014 4.1553 0.0, -3.0394 4.1395 0.0, -3.097 4.0819 0.0, -3.1127 4.0439 0.0, -3.072 4.1145 0.0, -3.1181 4.0031 0.0, -3.3465 4.0031 0.0, -3.3518 4.0439 0.0, -3.0014 3.851 0.0, -2.9606 3.8457 0.0, -2.9199 3.851 0.0, -2.8819 3.8668 0.0, -2.8493 3.8918 0.0, -2.8242 3.9244 0.0, -2.8085 3.9624 0.0, -2.8031 4.0031 0.0, -2.8085 4.0439 0.0, -2.8242 4.0819 0.0, -2.8493 4.1145 0.0, -2.8819 4.1395 0.0, -2.9199 4.1553 0.0, -2.9606 4.1606 0.0, -3.0014 3.851 0.2835, -3.0394 3.8668 0.2835, -3.072 3.8918 0.2835, -3.097 3.9244 0.2835, -3.4632 3.851 0.2835, -3.4632 4.1553 0.2835, -3.4252 4.1395 0.2835, -3.3926 4.1145 0.2835, -3.3676 3.9244 0.2835, -3.3926 3.8918 0.2835, -3.4252 3.8668 0.2835, -3.3676 4.0819 0.2835, -3.072 4.1145 0.2835, -3.0394 4.1395 0.2835, -3.0014 4.1553 0.2835, -2.9606 4.1606 0.2835, -2.9199 4.1553 0.2835, -2.8819 4.1395 0.2835, -2.8493 4.1145 0.2835, -2.8242 4.0819 0.2835, -2.8085 4.0439 0.2835, -2.8031 4.0031 0.2835, -2.8085 3.9624 0.2835, -2.8242 3.9244 0.2835, -2.8493 3.8918 0.2835, -2.8819 3.8668 0.2835, -2.9199 3.851 0.2835, -2.9606 3.8457 0.2835, -3.3518 3.9624 0.2835, -3.1127 3.9624 0.2835, -3.3465 4.0031 0.2835, -3.1181 4.0031 0.2835, -3.3518 4.0439 0.2835, -3.1127 4.0439 0.2835, -3.097 4.0819 0.2835, -2.9409 3.2984 0.2795, -2.9409 3.2984 0.2835, -2.8645 3.2884 0.2835, -2.8645 3.2884 0.2795, -2.7933 3.2589 0.2835, -2.7933 3.2589 0.2795, -2.7322 3.2119 0.2835, -2.7322 3.2119 0.2795, -2.6852 3.1508 0.2835, -2.6852 3.1508 0.2795, -2.6557 3.0796 0.2835, -2.6557 3.0796 0.2795, -2.6457 3.0031 0.2835, -2.6457 3.0031 0.2795, -2.6557 2.9267 0.2835, -2.6557 2.9267 0.2795, -2.6852 2.8555 0.2835, -2.6852 2.8555 0.2795, -2.7322 2.7944 0.2835, -2.7322 2.7944 0.2795, -2.7933 2.7474 0.2835, -2.7933 2.7474 0.2795, -2.8645 2.7179 0.2835, -2.8645 2.7179 0.2795, -2.9409 2.7079 0.2835, -2.9409 2.7079 0.2795, -3.5039 2.7079 0.2795, -3.5043 2.7079 0.0, -2.9409 2.7079 0.0, -2.9409 2.7079 0.0039, -3.5039 2.7079 0.0039, -3.5043 2.7079 0.2835, -2.9409 3.2984 0.0039, -2.9409 3.2984 0.0, -3.5039 3.2984 0.0039, -3.5043 3.2984 0.0, -3.5039 3.2984 0.2795, -3.5043 3.2984 0.2835, -2.8645 3.2884 0.0039, -2.8645 3.2884 0.0, -2.7933 3.2589 0.0039, -2.7933 3.2589 0.0, -2.7322 3.2119 0.0039, -2.7322 3.2119 0.0, -2.6852 3.1508 0.0039, -2.6852 3.1508 0.0, -2.6557 3.0796 0.0039, -2.6557 3.0796 0.0, -2.6457 3.0031 0.0039, -2.6457 3.0031 0.0, -2.6557 2.9267 0.0039, -2.6557 2.9267 0.0, -2.6852 2.8555 0.0039, -2.6852 2.8555 0.0, -2.7322 2.7944 0.0039, -2.7322 2.7944 0.0, -2.7933 2.7474 0.0039, -2.7933 2.7474 0.0, -2.8645 2.7179 0.0039, -2.8645 2.7179 0.0, -3.5043 2.8457 0.2835, -3.5043 2.8457 0.0, -3.5039 2.8457 0.2835, -3.5039 2.8457 0.0, -3.5039 3.1606 0.2835, -3.5043 3.1606 0.2835, -3.5039 3.1606 0.0, -3.5043 3.1606 0.0, -3.3518 3.0439 0.0, -3.3676 3.0819 0.0, -3.072 3.1145 0.0, -3.3518 2.9624 0.0, -3.097 2.9244 0.0, -3.072 2.8918 0.0, -3.3926 3.1145 0.0, -3.4252 3.1395 0.0, -3.4632 3.1553 0.0, -3.0394 3.1395 0.0, -3.0014 3.1553 0.0, -3.4632 2.851 0.0, -3.4252 2.8668 0.0, -3.3926 2.8918 0.0, -3.097 3.0819 0.0, -3.1127 3.0439 0.0, -3.3465 3.0031 0.0, -3.1181 3.0031 0.0, -3.1127 2.9624 0.0, -3.0394 2.8668 0.0, -3.3676 2.9244 0.0, -3.0014 2.851 0.0, -2.9606 2.8457 0.0, -2.9199 2.851 0.0, -2.8819 2.8668 0.0, -2.8493 2.8918 0.0, -2.8242 2.9244 0.0, -2.8085 2.9624 0.0, -2.8031 3.0031 0.0, -2.8085 3.0439 0.0, -2.8242 3.0819 0.0, -2.8493 3.1145 0.0, -2.8819 3.1395 0.0, -2.9199 3.1553 0.0, -2.9606 3.1606 0.0, -3.3926 2.8918 0.2835, -3.4252 2.8668 0.2835, -3.3926 3.1145 0.2835, -3.3676 3.0819 0.2835, -3.4632 2.851 0.2835, -3.4632 3.1553 0.2835, -3.4252 3.1395 0.2835, -3.097 3.0819 0.2835, -3.072 3.1145 0.2835, -3.3518 3.0439 0.2835, -3.0394 3.1395 0.2835, -3.3676 2.9244 0.2835, -3.0014 2.851 0.2835, -3.3518 2.9624 0.2835, -3.0394 2.8668 0.2835, -3.072 2.8918 0.2835, -3.097 2.9244 0.2835, -3.1127 2.9624 0.2835, -3.3465 3.0031 0.2835, -3.1181 3.0031 0.2835, -3.1127 3.0439 0.2835, -3.0014 3.1553 0.2835, -2.9606 3.1606 0.2835, -2.9199 3.1553 0.2835, -2.8819 3.1395 0.2835, -2.8493 3.1145 0.2835, -2.8242 3.0819 0.2835, -2.8085 3.0439 0.2835, -2.8031 3.0031 0.2835, -2.8085 2.9624 0.2835, -2.8242 2.9244 0.2835, -2.8493 2.8918 0.2835, -2.8819 2.8668 0.2835, -2.9199 2.851 0.2835, -2.9606 2.8457 0.2835, -2.9409 2.2984 0.2795, -2.9409 2.2984 0.2835, -2.8645 2.2884 0.2835, -2.8645 2.2884 0.2795, -2.7933 2.2589 0.2835, -2.7933 2.2589 0.2795, -2.7322 2.2119 0.2835, -2.7322 2.2119 0.2795, -2.6852 2.1508 0.2835, -2.6852 2.1508 0.2795, -2.6557 2.0796 0.2835, -2.6557 2.0796 0.2795, -2.6457 2.0031 0.2835, -2.6457 2.0031 0.2795, -2.6557 1.9267 0.2835, -2.6557 1.9267 0.2795, -2.6852 1.8555 0.2835, -2.6852 1.8555 0.2795, -2.7322 1.7944 0.2835, -2.7322 1.7944 0.2795, -2.7933 1.7474 0.2835, -2.7933 1.7474 0.2795, -2.8645 1.7179 0.2835, -2.8645 1.7179 0.2795, -2.9409 1.7079 0.2835, -2.9409 1.7079 0.2795, -3.5039 1.7079 0.2795, -3.5043 1.7079 0.0, -2.9409 1.7079 0.0, -2.9409 1.7079 0.0039, -3.5039 1.7079 0.0039, -3.5043 1.7079 0.2835, -2.9409 2.2984 0.0039, -2.9409 2.2984 0.0, -3.5039 2.2984 0.0039, -3.5043 2.2984 0.0, -3.5039 2.2984 0.2795, -3.5043 2.2984 0.2835, -2.8645 2.2884 0.0039, -2.8645 2.2884 0.0, -2.7933 2.2589 0.0039, -2.7933 2.2589 0.0, -2.7322 2.2119 0.0039, -2.7322 2.2119 0.0, -2.6852 2.1508 0.0039, -2.6852 2.1508 0.0, -2.6557 2.0796 0.0039, -2.6557 2.0796 0.0, -2.6457 2.0031 0.0039, -2.6457 2.0031 0.0, -2.6557 1.9267 0.0039, -2.6557 1.9267 0.0, -2.6852 1.8555 0.0039, -2.6852 1.8555 0.0, -2.7322 1.7944 0.0039, -2.7322 1.7944 0.0, -2.7933 1.7474 0.0039, -2.7933 1.7474 0.0, -2.8645 1.7179 0.0039, -2.8645 1.7179 0.0, -3.5043 1.8457 0.2835, -3.5043 1.8457 0.0, -3.5039 1.8457 0.2835, -3.5039 1.8457 0.0, -3.5039 2.1606 0.2835, -3.5043 2.1606 0.2835, -3.5039 2.1606 0.0, -3.5043 2.1606 0.0, -3.072 2.1145 0.0, -3.097 2.0819 0.0, -3.1127 1.9624 0.0, -3.097 1.9244 0.0, -3.3518 1.9624 0.0, -3.3676 1.9244 0.0, -3.4632 2.1553 0.0, -3.4632 1.851 0.0, -3.4252 1.8668 0.0, -3.3926 1.8918 0.0, -3.072 1.8918 0.0, -3.0394 1.8668 0.0, -3.1181 2.0031 0.0, -3.3465 2.0031 0.0, -3.1127 2.0439 0.0, -3.3518 2.0439 0.0, -3.3676 2.0819 0.0, -3.3926 2.1145 0.0, -3.4252 2.1395 0.0, -3.0014 1.851 0.0, -2.9606 1.8457 0.0, -2.9199 1.851 0.0, -2.8819 1.8668 0.0, -2.8493 1.8918 0.0, -2.8242 1.9244 0.0, -2.8085 1.9624 0.0, -2.8031 2.0031 0.0, -2.8085 2.0439 0.0, -2.8242 2.0819 0.0, -2.8493 2.1145 0.0, -2.8819 2.1395 0.0, -2.9199 2.1553 0.0, -2.9606 2.1606 0.0, -3.0014 2.1553 0.0, -3.0394 2.1395 0.0, -3.3926 1.8918 0.2835, -3.4252 1.8668 0.2835, -3.097 2.0819 0.2835, -3.3676 2.0819 0.2835, -3.3518 2.0439 0.2835, -3.072 2.1145 0.2835, -3.0394 2.1395 0.2835, -3.0394 1.8668 0.2835, -3.0014 1.851 0.2835, -3.3676 1.9244 0.2835, -3.097 1.9244 0.2835, -3.072 1.8918 0.2835, -3.4632 1.851 0.2835, -3.3518 1.9624 0.2835, -3.1127 1.9624 0.2835, -3.3465 2.0031 0.2835, -3.1181 2.0031 0.2835, -3.1127 2.0439 0.2835, -3.4632 2.1553 0.2835, -3.4252 2.1395 0.2835, -3.3926 2.1145 0.2835, -3.0014 2.1553 0.2835, -2.9606 2.1606 0.2835, -2.9199 2.1553 0.2835, -2.8819 2.1395 0.2835, -2.8493 2.1145 0.2835, -2.8242 2.0819 0.2835, -2.8085 2.0439 0.2835, -2.8031 2.0031 0.2835, -2.8085 1.9624 0.2835, -2.8242 1.9244 0.2835, -2.8493 1.8918 0.2835, -2.8819 1.8668 0.2835, -2.9199 1.851 0.2835, -2.9606 1.8457 0.2835, -2.9409 1.2984 0.2795, -2.9409 1.2984 0.2835, -2.8645 1.2884 0.2835, -2.8645 1.2884 0.2795, -2.7933 1.2589 0.2835, -2.7933 1.2589 0.2795, -2.7322 1.2119 0.2835, -2.7322 1.2119 0.2795, -2.6852 1.1508 0.2835, -2.6852 1.1508 0.2795, -2.6557 1.0796 0.2835, -2.6557 1.0796 0.2795, -2.6457 1.0031 0.2835, -2.6457 1.0031 0.2795, -2.6557 0.9267 0.2835, -2.6557 0.9267 0.2795, -2.6852 0.8555 0.2835, -2.6852 0.8555 0.2795, -2.7322 0.7944 0.2835, -2.7322 0.7944 0.2795, -2.7933 0.7474 0.2835, -2.7933 0.7474 0.2795, -2.8645 0.7179 0.2835, -2.8645 0.7179 0.2795, -2.9409 0.7079 0.2835, -2.9409 0.7079 0.2795, -3.5039 0.7079 0.2795, -3.5043 0.7079 0.0, -2.9409 0.7079 0.0, -2.9409 0.7079 0.0039, -3.5039 0.7079 0.0039, -3.5043 0.7079 0.2835, -2.9409 1.2984 0.0039, -2.9409 1.2984 0.0, -3.5039 1.2984 0.0039, -3.5043 1.2984 0.0, -3.5039 1.2984 0.2795, -3.5043 1.2984 0.2835, -2.8645 1.2884 0.0039, -2.8645 1.2884 0.0, -2.7933 1.2589 0.0039, -2.7933 1.2589 0.0, -2.7322 1.2119 0.0039, -2.7322 1.2119 0.0, -2.6852 1.1508 0.0039, -2.6852 1.1508 0.0, -2.6557 1.0796 0.0039, -2.6557 1.0796 0.0, -2.6457 1.0031 0.0039, -2.6457 1.0031 0.0, -2.6557 0.9267 0.0039, -2.6557 0.9267 0.0, -2.6852 0.8555 0.0039, -2.6852 0.8555 0.0, -2.7322 0.7944 0.0039, -2.7322 0.7944 0.0, -2.7933 0.7474 0.0039, -2.7933 0.7474 0.0, -2.8645 0.7179 0.0039, -2.8645 0.7179 0.0, -3.5043 0.8457 0.2835, -3.5043 0.8457 0.0, -3.5039 0.8457 0.2835, -3.5039 0.8457 0.0, -3.5039 1.1606 0.2835, -3.5043 1.1606 0.2835, -3.5039 1.1606 0.0, -3.5043 1.1606 0.0, -3.072 1.1145 0.0, -3.097 1.0819 0.0, -3.1127 0.9624 0.0, -3.097 0.9244 0.0, -3.3518 0.9624 0.0, -3.072 0.8918 0.0, -3.4632 1.1553 0.0, -3.4632 0.851 0.0, -3.4252 0.8668 0.0, -3.3926 0.8918 0.0, -3.1181 1.0031 0.0, -3.3465 1.0031 0.0, -3.1127 1.0439 0.0, -3.3518 1.0439 0.0, -3.3676 1.0819 0.0, -3.3926 1.1145 0.0, -3.4252 1.1395 0.0, -3.0394 0.8668 0.0, -3.3676 0.9244 0.0, -3.0014 0.851 0.0, -2.9606 0.8457 0.0, -2.9199 0.851 0.0, -2.8819 0.8668 0.0, -2.8493 0.8918 0.0, -2.8242 0.9244 0.0, -2.8085 0.9624 0.0, -2.8031 1.0031 0.0, -2.8085 1.0439 0.0, -2.8242 1.0819 0.0, -2.8493 1.1145 0.0, -2.8819 1.1395 0.0, -2.9199 1.1553 0.0, -2.9606 1.1606 0.0, -3.0014 1.1553 0.0, -3.0394 1.1395 0.0, -3.097 1.0819 0.2835, -3.3676 1.0819 0.2835, -3.3518 1.0439 0.2835, -3.4632 0.851 0.2835, -3.4252 0.8668 0.2835, -3.3926 0.8918 0.2835, -3.4632 1.1553 0.2835, -3.4252 1.1395 0.2835, -3.3926 1.1145 0.2835, -3.072 0.8918 0.2835, -3.097 0.9244 0.2835, -3.3518 0.9624 0.2835, -3.1127 0.9624 0.2835, -3.3465 1.0031 0.2835, -3.1181 1.0031 0.2835, -3.1127 1.0439 0.2835, -3.072 1.1145 0.2835, -3.0394 1.1395 0.2835, -3.0014 1.1553 0.2835, -2.9606 1.1606 0.2835, -2.9199 1.1553 0.2835, -2.8819 1.1395 0.2835, -2.8493 1.1145 0.2835, -2.8242 1.0819 0.2835, -2.8085 1.0439 0.2835, -2.8031 1.0031 0.2835, -2.8085 0.9624 0.2835, -2.8242 0.9244 0.2835, -2.8493 0.8918 0.2835, -2.8819 0.8668 0.2835, -2.9199 0.851 0.2835, -2.9606 0.8457 0.2835, -3.0014 0.851 0.2835, -3.3676 0.9244 0.2835, -3.0394 0.8668 0.2835, -2.9409 0.2984 0.2795, -2.9409 0.2984 0.2835, -2.8645 0.2884 0.2835, -2.8645 0.2884 0.2795, -2.7933 0.2589 0.2835, -2.7933 0.2589 0.2795, -2.7322 0.2119 0.2835, -2.7322 0.2119 0.2795, -2.6852 0.1508 0.2835, -2.6852 0.1508 0.2795, -2.6557 0.0796 0.2835, -2.6557 0.0796 0.2795, -2.6457 0.0031 0.2835, -2.6457 0.0031 0.2795, -2.6557 -0.0733 0.2835, -2.6557 -0.0733 0.2795, -2.6852 -0.1445 0.2835, -2.6852 -0.1445 0.2795, -2.7322 -0.2056 0.2835, -2.7322 -0.2056 0.2795, -2.7933 -0.2526 0.2835, -2.7933 -0.2526 0.2795, -2.8645 -0.2821 0.2835, -2.8645 -0.2821 0.2795, -2.9409 -0.2921 0.2835, -2.9409 -0.2921 0.2795, -3.5039 -0.2921 0.2795, -3.5043 -0.2921 0.0, -2.9409 -0.2921 0.0, -2.9409 -0.2921 0.0039, -3.5039 -0.2921 0.0039, -3.5043 -0.2921 0.2835, -2.9409 0.2984 0.0039, -2.9409 0.2984 0.0, -3.5039 0.2984 0.0039, -3.5043 0.2984 0.0, -3.5039 0.2984 0.2795, -3.5043 0.2984 0.2835, -2.8645 0.2884 0.0039, -2.8645 0.2884 0.0, -2.7933 0.2589 0.0039, -2.7933 0.2589 0.0, -2.7322 0.2119 0.0039, -2.7322 0.2119 0.0, -2.6852 0.1508 0.0039, -2.6852 0.1508 0.0, -2.6557 0.0796 0.0039, -2.6557 0.0796 0.0, -2.6457 0.0031 0.0039, -2.6457 0.0031 0.0, -2.6557 -0.0733 0.0039, -2.6557 -0.0733 0.0, -2.6852 -0.1445 0.0039, -2.6852 -0.1445 0.0, -2.7322 -0.2056 0.0039, -2.7322 -0.2056 0.0, -2.7933 -0.2526 0.0039, -2.7933 -0.2526 0.0, -2.8645 -0.2821 0.0039, -2.8645 -0.2821 0.0, -3.5043 -0.1543 0.2835, -3.5043 -0.1543 0.0, -3.5039 -0.1543 0.2835, -3.5039 -0.1543 0.0, -3.5039 0.1606 0.2835, -3.5043 0.1606 0.2835, -3.5039 0.1606 0.0, -3.5043 0.1606 0.0, -3.072 0.1145 0.0, -3.097 0.0819 0.0, -3.1127 -0.0376 0.0, -3.097 -0.0756 0.0, -3.3518 -0.0376 0.0, -3.072 -0.1082 0.0, -3.4632 0.1553 0.0, -3.4632 -0.149 0.0, -3.4252 -0.1332 0.0, -3.3926 -0.1082 0.0, -3.1181 0.0031 0.0, -3.3465 0.0031 0.0, -3.1127 0.0439 0.0, -3.3518 0.0439 0.0, -3.3676 0.0819 0.0, -3.3926 0.1145 0.0, -3.4252 0.1395 0.0, -3.0394 -0.1332 0.0, -3.3676 -0.0756 0.0, -3.0014 -0.149 0.0, -2.9606 -0.1543 0.0, -2.9199 -0.149 0.0, -2.8819 -0.1332 0.0, -2.8493 -0.1082 0.0, -2.8242 -0.0756 0.0, -2.8085 -0.0376 0.0, -2.8031 0.0031 0.0, -2.8085 0.0439 0.0, -2.8242 0.0819 0.0, -2.8493 0.1145 0.0, -2.8819 0.1395 0.0, -2.9199 0.1553 0.0, -2.9606 0.1606 0.0, -3.0014 0.1553 0.0, -3.0394 0.1395 0.0, -3.4632 -0.149 0.2835, -3.097 0.0819 0.2835, -3.3676 0.0819 0.2835, -3.3518 0.0439 0.2835, -3.4252 -0.1332 0.2835, -3.3926 -0.1082 0.2835, -3.072 -0.1082 0.2835, -3.097 -0.0756 0.2835, -3.3518 -0.0376 0.2835, -3.1127 -0.0376 0.2835, -3.3465 0.0031 0.2835, -3.1181 0.0031 0.2835, -3.1127 0.0439 0.2835, -3.4632 0.1553 0.2835, -3.4252 0.1395 0.2835, -3.3926 0.1145 0.2835, -3.072 0.1145 0.2835, -3.0394 0.1395 0.2835, -3.3676 -0.0756 0.2835, -3.0014 -0.149 0.2835, -3.0394 -0.1332 0.2835, -3.0014 0.1553 0.2835, -2.9606 0.1606 0.2835, -2.9199 0.1553 0.2835, -2.8819 0.1395 0.2835, -2.8493 0.1145 0.2835, -2.8242 0.0819 0.2835, -2.8085 0.0439 0.2835, -2.8031 0.0031 0.2835, -2.8085 -0.0376 0.2835, -2.8242 -0.0756 0.2835, -2.8493 -0.1082 0.2835, -2.8819 -0.1332 0.2835, -2.9199 -0.149 0.2835, -2.9606 -0.1543 0.2835, -2.9409 -0.7016 0.2795, -2.9409 -0.7016 0.2835, -2.8645 -0.7116 0.2835, -2.8645 -0.7116 0.2795, -2.7933 -0.7411 0.2835, -2.7933 -0.7411 0.2795, -2.7322 -0.7881 0.2835, -2.7322 -0.7881 0.2795, -2.6852 -0.8492 0.2835, -2.6852 -0.8492 0.2795, -2.6557 -0.9204 0.2835, -2.6557 -0.9204 0.2795, -2.6457 -0.9969 0.2835, -2.6457 -0.9969 0.2795, -2.6557 -1.0733 0.2835, -2.6557 -1.0733 0.2795, -2.6852 -1.1445 0.2835, -2.6852 -1.1445 0.2795, -2.7322 -1.2056 0.2835, -2.7322 -1.2056 0.2795, -2.7933 -1.2526 0.2835, -2.7933 -1.2526 0.2795, -2.8645 -1.2821 0.2835, -2.8645 -1.2821 0.2795, -2.9409 -1.2921 0.2835, -2.9409 -1.2921 0.2795, -3.5039 -1.2921 0.2795, -3.5043 -1.2921 0.0, -2.9409 -1.2921 0.0, -2.9409 -1.2921 0.0039, -3.5039 -1.2921 0.0039, -3.5043 -1.2921 0.2835, -2.9409 -0.7016 0.0039, -2.9409 -0.7016 0.0, -3.5039 -0.7016 0.0039, -3.5043 -0.7016 0.0, -3.5039 -0.7016 0.2795, -3.5043 -0.7016 0.2835, -2.8645 -0.7116 0.0039, -2.8645 -0.7116 0.0, -2.7933 -0.7411 0.0039, -2.7933 -0.7411 0.0, -2.7322 -0.7881 0.0039, -2.7322 -0.7881 0.0, -2.6852 -0.8492 0.0039, -2.6852 -0.8492 0.0, -2.6557 -0.9204 0.0039, -2.6557 -0.9204 0.0, -2.6457 -0.9969 0.0039, -2.6457 -0.9969 0.0, -2.6557 -1.0733 0.0039, -2.6557 -1.0733 0.0, -2.6852 -1.1445 0.0039, -2.6852 -1.1445 0.0, -2.7322 -1.2056 0.0039, -2.7322 -1.2056 0.0, -2.7933 -1.2526 0.0039, -2.7933 -1.2526 0.0, -2.8645 -1.2821 0.0039, -2.8645 -1.2821 0.0, -3.5043 -1.1543 0.2835, -3.5043 -1.1543 0.0, -3.5039 -1.1543 0.2835, -3.5039 -1.1543 0.0, -3.5039 -0.8394 0.2835, -3.5043 -0.8394 0.2835, -3.5039 -0.8394 0.0, -3.5043 -0.8394 0.0, -3.072 -0.8855 0.0, -3.097 -0.9181 0.0, -3.1127 -1.0376 0.0, -3.097 -1.0756 0.0, -3.3518 -1.0376 0.0, -3.072 -1.1082 0.0, -3.4632 -0.8447 0.0, -3.4632 -1.149 0.0, -3.4252 -1.1332 0.0, -3.3926 -1.1082 0.0, -3.1181 -0.9969 0.0, -3.3465 -0.9969 0.0, -3.1127 -0.9561 0.0, -3.3518 -0.9561 0.0, -3.3676 -0.9181 0.0, -3.3926 -0.8855 0.0, -3.4252 -0.8605 0.0, -3.0394 -1.1332 0.0, -3.3676 -1.0756 0.0, -3.0014 -1.149 0.0, -2.9606 -1.1543 0.0, -2.9199 -1.149 0.0, -2.8819 -1.1332 0.0, -2.8493 -1.1082 0.0, -2.8242 -1.0756 0.0, -2.8085 -1.0376 0.0, -2.8031 -0.9969 0.0, -2.8085 -0.9561 0.0, -2.8242 -0.9181 0.0, -2.8493 -0.8855 0.0, -2.8819 -0.8605 0.0, -2.9199 -0.8447 0.0, -2.9606 -0.8394 0.0, -3.0014 -0.8447 0.0, -3.0394 -0.8605 0.0, -3.097 -0.9181 0.2835, -3.3676 -0.9181 0.2835, -3.3518 -0.9561 0.2835, -3.4632 -1.149 0.2835, -3.4252 -1.1332 0.2835, -3.3926 -1.1082 0.2835, -3.4632 -0.8447 0.2835, -3.4252 -0.8605 0.2835, -3.3926 -0.8855 0.2835, -3.072 -1.1082 0.2835, -3.097 -1.0756 0.2835, -3.3518 -1.0376 0.2835, -3.1127 -1.0376 0.2835, -3.3465 -0.9969 0.2835, -3.1181 -0.9969 0.2835, -3.1127 -0.9561 0.2835, -3.072 -0.8855 0.2835, -3.0394 -0.8605 0.2835, -3.0014 -0.8447 0.2835, -2.9606 -0.8394 0.2835, -2.9199 -0.8447 0.2835, -2.8819 -0.8605 0.2835, -2.8493 -0.8855 0.2835, -2.8242 -0.9181 0.2835, -2.8085 -0.9561 0.2835, -2.8031 -0.9969 0.2835, -2.8085 -1.0376 0.2835, -2.8242 -1.0756 0.2835, -2.8493 -1.1082 0.2835, -2.8819 -1.1332 0.2835, -2.9199 -1.149 0.2835, -2.9606 -1.1543 0.2835, -3.0014 -1.149 0.2835, -3.3676 -1.0756 0.2835, -3.0394 -1.1332 0.2835, -2.9409 -1.7016 0.2795, -2.9409 -1.7016 0.2835, -2.8645 -1.7116 0.2835, -2.8645 -1.7116 0.2795, -2.7933 -1.7411 0.2835, -2.7933 -1.7411 0.2795, -2.7322 -1.7881 0.2835, -2.7322 -1.7881 0.2795, -2.6852 -1.8492 0.2835, -2.6852 -1.8492 0.2795, -2.6557 -1.9204 0.2835, -2.6557 -1.9204 0.2795, -2.6457 -1.9969 0.2835, -2.6457 -1.9969 0.2795, -2.6557 -2.0733 0.2835, -2.6557 -2.0733 0.2795, -2.6852 -2.1445 0.2835, -2.6852 -2.1445 0.2795, -2.7322 -2.2056 0.2835, -2.7322 -2.2056 0.2795, -2.7933 -2.2526 0.2835, -2.7933 -2.2526 0.2795, -2.8645 -2.2821 0.2835, -2.8645 -2.2821 0.2795, -2.9409 -2.2921 0.2835, -2.9409 -2.2921 0.2795, -3.5039 -2.2921 0.2795, -3.5043 -2.2921 0.0, -2.9409 -2.2921 0.0, -2.9409 -2.2921 0.0039, -3.5039 -2.2921 0.0039, -3.5043 -2.2921 0.2835, -2.9409 -1.7016 0.0039, -2.9409 -1.7016 0.0, -3.5039 -1.7016 0.0039, -3.5043 -1.7016 0.0, -3.5039 -1.7016 0.2795, -3.5043 -1.7016 0.2835, -2.8645 -1.7116 0.0039, -2.8645 -1.7116 0.0, -2.7933 -1.7411 0.0039, -2.7933 -1.7411 0.0, -2.7322 -1.7881 0.0039, -2.7322 -1.7881 0.0, -2.6852 -1.8492 0.0039, -2.6852 -1.8492 0.0, -2.6557 -1.9204 0.0039, -2.6557 -1.9204 0.0, -2.6457 -1.9969 0.0039, -2.6457 -1.9969 0.0, -2.6557 -2.0733 0.0039, -2.6557 -2.0733 0.0, -2.6852 -2.1445 0.0039, -2.6852 -2.1445 0.0, -2.7322 -2.2056 0.0039, -2.7322 -2.2056 0.0, -2.7933 -2.2526 0.0039, -2.7933 -2.2526 0.0, -2.8645 -2.2821 0.0039, -2.8645 -2.2821 0.0, -3.5043 -2.1543 0.2835, -3.5043 -2.1543 0.0, -3.5039 -2.1543 0.2835, -3.5039 -2.1543 0.0, -3.5039 -1.8394 0.2835, -3.5043 -1.8394 0.2835, -3.5039 -1.8394 0.0, -3.5043 -1.8394 0.0, -3.072 -1.8855 0.0, -3.097 -1.9181 0.0, -3.1127 -2.0376 0.0, -3.097 -2.0756 0.0, -3.3518 -2.0376 0.0, -3.072 -2.1082 0.0, -3.4632 -1.8447 0.0, -3.4632 -2.149 0.0, -3.4252 -2.1332 0.0, -3.3926 -2.1082 0.0, -3.1181 -1.9969 0.0, -3.3465 -1.9969 0.0, -3.1127 -1.9561 0.0, -3.3518 -1.9561 0.0, -3.3676 -1.9181 0.0, -3.3926 -1.8855 0.0, -3.4252 -1.8605 0.0, -3.0394 -2.1332 0.0, -3.3676 -2.0756 0.0, -3.0014 -2.149 0.0, -2.9606 -2.1543 0.0, -2.9199 -2.149 0.0, -2.8819 -2.1332 0.0, -2.8493 -2.1082 0.0, -2.8242 -2.0756 0.0, -2.8085 -2.0376 0.0, -2.8031 -1.9969 0.0, -2.8085 -1.9561 0.0, -2.8242 -1.9181 0.0, -2.8493 -1.8855 0.0, -2.8819 -1.8605 0.0, -2.9199 -1.8447 0.0, -2.9606 -1.8394 0.0, -3.0014 -1.8447 0.0, -3.0394 -1.8605 0.0, -3.3926 -2.1082 0.2835, -3.4252 -2.1332 0.2835, -3.4632 -2.149 0.2835, -3.097 -1.9181 0.2835, -3.3676 -1.9181 0.2835, -3.3518 -1.9561 0.2835, -3.072 -1.8855 0.2835, -3.0394 -1.8605 0.2835, -3.072 -2.1082 0.2835, -3.097 -2.0756 0.2835, -3.3518 -2.0376 0.2835, -3.1127 -2.0376 0.2835, -3.3465 -1.9969 0.2835, -3.1181 -1.9969 0.2835, -3.1127 -1.9561 0.2835, -3.4632 -1.8447 0.2835, -3.4252 -1.8605 0.2835, -3.3926 -1.8855 0.2835, -3.0014 -1.8447 0.2835, -2.9606 -1.8394 0.2835, -2.9199 -1.8447 0.2835, -2.8819 -1.8605 0.2835, -2.8493 -1.8855 0.2835, -2.8242 -1.9181 0.2835, -2.8085 -1.9561 0.2835, -2.8031 -1.9969 0.2835, -2.8085 -2.0376 0.2835, -2.8242 -2.0756 0.2835, -2.8493 -2.1082 0.2835, -2.8819 -2.1332 0.2835, -2.9199 -2.149 0.2835, -2.9606 -2.1543 0.2835, -3.0014 -2.149 0.2835, -3.3676 -2.0756 0.2835, -3.0394 -2.1332 0.2835, -2.9409 -2.7016 0.2795, -2.9409 -2.7016 0.2835, -2.8645 -2.7116 0.2835, -2.8645 -2.7116 0.2795, -2.7933 -2.7411 0.2835, -2.7933 -2.7411 0.2795, -2.7322 -2.7881 0.2835, -2.7322 -2.7881 0.2795, -2.6852 -2.8492 0.2835, -2.6852 -2.8492 0.2795, -2.6557 -2.9204 0.2835, -2.6557 -2.9204 0.2795, -2.6457 -2.9969 0.2835, -2.6457 -2.9969 0.2795, -2.6557 -3.0733 0.2835, -2.6557 -3.0733 0.2795, -2.6852 -3.1445 0.2835, -2.6852 -3.1445 0.2795, -2.7322 -3.2056 0.2835, -2.7322 -3.2056 0.2795, -2.7933 -3.2526 0.2835, -2.7933 -3.2526 0.2795, -2.8645 -3.2821 0.2835, -2.8645 -3.2821 0.2795, -2.9409 -3.2921 0.2835, -2.9409 -3.2921 0.2795, -3.5039 -3.2921 0.2795, -3.5043 -3.2921 0.0, -2.9409 -3.2921 0.0, -2.9409 -3.2921 0.0039, -3.5039 -3.2921 0.0039, -3.5043 -3.2921 0.2835, -2.9409 -2.7016 0.0039, -2.9409 -2.7016 0.0, -3.5039 -2.7016 0.0039, -3.5043 -2.7016 0.0, -3.5039 -2.7016 0.2795, -3.5043 -2.7016 0.2835, -2.8645 -2.7116 0.0039, -2.8645 -2.7116 0.0, -2.7933 -2.7411 0.0039, -2.7933 -2.7411 0.0, -2.7322 -2.7881 0.0039, -2.7322 -2.7881 0.0, -2.6852 -2.8492 0.0039, -2.6852 -2.8492 0.0, -2.6557 -2.9204 0.0039, -2.6557 -2.9204 0.0, -2.6457 -2.9969 0.0039, -2.6457 -2.9969 0.0, -2.6557 -3.0733 0.0039, -2.6557 -3.0733 0.0, -2.6852 -3.1445 0.0039, -2.6852 -3.1445 0.0, -2.7322 -3.2056 0.0039, -2.7322 -3.2056 0.0, -2.7933 -3.2526 0.0039, -2.7933 -3.2526 0.0, -2.8645 -3.2821 0.0039, -2.8645 -3.2821 0.0, -3.5043 -3.1543 0.2835, -3.5043 -3.1543 0.0, -3.5039 -3.1543 0.2835, -3.5039 -3.1543 0.0, -3.5039 -2.8394 0.2835, -3.5043 -2.8394 0.2835, -3.5039 -2.8394 0.0, -3.5043 -2.8394 0.0, -3.1127 -3.0376 0.0, -3.097 -3.0756 0.0, -3.3518 -3.0376 0.0, -3.3676 -3.0756 0.0, -3.072 -2.8855 0.0, -3.097 -2.9181 0.0, -3.4632 -2.8447 0.0, -3.072 -3.1082 0.0, -3.0394 -3.1332 0.0, -3.4632 -3.149 0.0, -3.4252 -3.1332 0.0, -3.3926 -3.1082 0.0, -3.1181 -2.9969 0.0, -3.3465 -2.9969 0.0, -3.1127 -2.9561 0.0, -3.3518 -2.9561 0.0, -3.3676 -2.9181 0.0, -3.3926 -2.8855 0.0, -3.4252 -2.8605 0.0, -3.0014 -3.149 0.0, -2.9606 -3.1543 0.0, -2.9199 -3.149 0.0, -2.8819 -3.1332 0.0, -2.8493 -3.1082 0.0, -2.8242 -3.0756 0.0, -2.8085 -3.0376 0.0, -2.8031 -2.9969 0.0, -2.8085 -2.9561 0.0, -2.8242 -2.9181 0.0, -2.8493 -2.8855 0.0, -2.8819 -2.8605 0.0, -2.9199 -2.8447 0.0, -2.9606 -2.8394 0.0, -3.0014 -2.8447 0.0, -3.0394 -2.8605 0.0, -3.0014 -3.149 0.2835, -3.0394 -3.1332 0.2835, -3.072 -3.1082 0.2835, -3.097 -3.0756 0.2835, -3.3676 -3.0756 0.2835, -3.3926 -3.1082 0.2835, -3.4632 -3.149 0.2835, -3.097 -2.9181 0.2835, -3.3676 -2.9181 0.2835, -3.3518 -2.9561 0.2835, -3.072 -2.8855 0.2835, -3.0394 -2.8605 0.2835, -3.4252 -3.1332 0.2835, -3.3518 -3.0376 0.2835, -3.1127 -3.0376 0.2835, -3.3465 -2.9969 0.2835, -3.1181 -2.9969 0.2835, -3.1127 -2.9561 0.2835, -3.4632 -2.8447 0.2835, -3.4252 -2.8605 0.2835, -3.3926 -2.8855 0.2835, -3.0014 -2.8447 0.2835, -2.9606 -2.8394 0.2835, -2.9199 -2.8447 0.2835, -2.8819 -2.8605 0.2835, -2.8493 -2.8855 0.2835, -2.8242 -2.9181 0.2835, -2.8085 -2.9561 0.2835, -2.8031 -2.9969 0.2835, -2.8085 -3.0376 0.2835, -2.8242 -3.0756 0.2835, -2.8493 -3.1082 0.2835, -2.8819 -3.1332 0.2835, -2.9199 -3.149 0.2835, -2.9606 -3.1543 0.2835, -2.9409 -3.7016 0.2795, -2.9409 -3.7016 0.2835, -2.8645 -3.7116 0.2835, -2.8645 -3.7116 0.2795, -2.7933 -3.7411 0.2835, -2.7933 -3.7411 0.2795, -2.7322 -3.7881 0.2835, -2.7322 -3.7881 0.2795, -2.6852 -3.8492 0.2835, -2.6852 -3.8492 0.2795, -2.6557 -3.9204 0.2835, -2.6557 -3.9204 0.2795, -2.6457 -3.9969 0.2835, -2.6457 -3.9969 0.2795, -2.6557 -4.0733 0.2835, -2.6557 -4.0733 0.2795, -2.6852 -4.1445 0.2835, -2.6852 -4.1445 0.2795, -2.7322 -4.2056 0.2835, -2.7322 -4.2056 0.2795, -2.7933 -4.2526 0.2835, -2.7933 -4.2526 0.2795, -2.8645 -4.2821 0.2835, -2.8645 -4.2821 0.2795, -2.9409 -4.2921 0.2835, -2.9409 -4.2921 0.2795, -3.5039 -4.2921 0.2795, -3.5043 -4.2921 0.0, -2.9409 -4.2921 0.0, -2.9409 -4.2921 0.0039, -3.5039 -4.2921 0.0039, -3.5043 -4.2921 0.2835, -2.9409 -3.7016 0.0039, -2.9409 -3.7016 0.0, -3.5039 -3.7016 0.0039, -3.5043 -3.7016 0.0, -3.5039 -3.7016 0.2795, -3.5043 -3.7016 0.2835, -2.8645 -3.7116 0.0039, -2.8645 -3.7116 0.0, -2.7933 -3.7411 0.0039, -2.7933 -3.7411 0.0, -2.7322 -3.7881 0.0039, -2.7322 -3.7881 0.0, -2.6852 -3.8492 0.0039, -2.6852 -3.8492 0.0, -2.6557 -3.9204 0.0039, -2.6557 -3.9204 0.0, -2.6457 -3.9969 0.0039, -2.6457 -3.9969 0.0, -2.6557 -4.0733 0.0039, -2.6557 -4.0733 0.0, -2.6852 -4.1445 0.0039, -2.6852 -4.1445 0.0, -2.7322 -4.2056 0.0039, -2.7322 -4.2056 0.0, -2.7933 -4.2526 0.0039, -2.7933 -4.2526 0.0, -2.8645 -4.2821 0.0039, -2.8645 -4.2821 0.0, -3.5043 -4.1543 0.2835, -3.5043 -4.1543 0.0, -3.5039 -4.1543 0.2835, -3.5039 -4.1543 0.0, -3.5039 -3.8394 0.2835, -3.5043 -3.8394 0.2835, -3.5039 -3.8394 0.0, -3.5043 -3.8394 0.0, -3.1127 -4.0376 0.0, -3.097 -4.0756 0.0, -3.3518 -4.0376 0.0, -3.3676 -4.0756 0.0, -3.072 -4.1082 0.0, -3.0394 -4.1332 0.0, -3.4632 -4.149 0.0, -3.4252 -4.1332 0.0, -3.3926 -4.1082 0.0, -3.3676 -3.9181 0.0, -3.3926 -3.8855 0.0, -3.4252 -3.8605 0.0, -3.4632 -3.8447 0.0, -3.0014 -3.8447 0.0, -3.0394 -3.8605 0.0, -3.097 -3.9181 0.0, -3.1127 -3.9561 0.0, -3.072 -3.8855 0.0, -3.1181 -3.9969 0.0, -3.3465 -3.9969 0.0, -3.3518 -3.9561 0.0, -3.0014 -4.149 0.0, -2.9606 -4.1543 0.0, -2.9199 -4.149 0.0, -2.8819 -4.1332 0.0, -2.8493 -4.1082 0.0, -2.8242 -4.0756 0.0, -2.8085 -4.0376 0.0, -2.8031 -3.9969 0.0, -2.8085 -3.9561 0.0, -2.8242 -3.9181 0.0, -2.8493 -3.8855 0.0, -2.8819 -3.8605 0.0, -2.9199 -3.8447 0.0, -2.9606 -3.8394 0.0, -3.0014 -4.149 0.2835, -3.0394 -4.1332 0.2835, -3.072 -4.1082 0.2835, -3.097 -4.0756 0.2835, -3.4632 -4.149 0.2835, -3.4632 -3.8447 0.2835, -3.4252 -3.8605 0.2835, -3.3926 -3.8855 0.2835, -3.3676 -4.0756 0.2835, -3.3926 -4.1082 0.2835, -3.4252 -4.1332 0.2835, -3.3676 -3.9181 0.2835, -3.072 -3.8855 0.2835, -3.0394 -3.8605 0.2835, -3.0014 -3.8447 0.2835, -2.9606 -3.8394 0.2835, -2.9199 -3.8447 0.2835, -2.8819 -3.8605 0.2835, -2.8493 -3.8855 0.2835, -2.8242 -3.9181 0.2835, -2.8085 -3.9561 0.2835, -2.8031 -3.9969 0.2835, -2.8085 -4.0376 0.2835, -2.8242 -4.0756 0.2835, -2.8493 -4.1082 0.2835, -2.8819 -4.1332 0.2835, -2.9199 -4.149 0.2835, -2.9606 -4.1543 0.2835, -3.3518 -4.0376 0.2835, -3.1127 -4.0376 0.2835, -3.3465 -3.9969 0.2835, -3.1181 -3.9969 0.2835, -3.3518 -3.9561 0.2835, -3.1127 -3.9561 0.2835, -3.097 -3.9181 0.2835, 2.9409 3.7079 0.2795, 2.9409 3.7079 0.2835, 2.8645 3.7179 0.2835, 2.8645 3.7179 0.2795, 2.7933 3.7474 0.2835, 2.7933 3.7474 0.2795, 2.7322 3.7944 0.2835, 2.7322 3.7944 0.2795, 2.6852 3.8555 0.2835, 2.6852 3.8555 0.2795, 2.6557 3.9267 0.2835, 2.6557 3.9267 0.2795, 2.6457 4.0031 0.2835, 2.6457 4.0031 0.2795, 2.6557 4.0796 0.2835, 2.6557 4.0796 0.2795, 2.6852 4.1508 0.2835, 2.6852 4.1508 0.2795, 2.7322 4.2119 0.2835, 2.7322 4.2119 0.2795, 2.7933 4.2589 0.2835, 2.7933 4.2589 0.2795, 2.8645 4.2884 0.2835, 2.8645 4.2884 0.2795, 2.9409 4.2984 0.2835, 2.9409 4.2984 0.2795, 3.5039 4.2984 0.2795, 3.5043 4.2984 0.0, 2.9409 4.2984 0.0, 2.9409 4.2984 0.0039, 3.5039 4.2984 0.0039, 3.5043 4.2984 0.2835, 2.9409 3.7079 0.0039, 2.9409 3.7079 0.0, 3.5039 3.7079 0.0039, 3.5043 3.7079 0.0, 3.5039 3.7079 0.2795, 3.5043 3.7079 0.2835, 3.072 4.1145 0.0, 3.0394 4.1395 0.0, 3.0014 3.851 0.0, 3.0394 3.8668 0.0, 3.072 3.8918 0.0, 3.3995 3.8853 0.0, 3.4308 3.8637 0.0, 3.1127 3.9624 0.0, 3.3567 3.9473 0.0, 3.3743 3.9137 0.0, 3.0014 4.1553 0.0, 2.9606 4.1606 0.0, 2.8645 4.2884 0.0, 2.9199 4.1553 0.0, 2.7933 4.2589 0.0, 2.8819 4.1395 0.0, 2.7322 4.2119 0.0, 2.8493 4.1145 0.0, 2.6852 4.1508 0.0, 2.8242 4.0819 0.0, 2.6557 4.0796 0.0, 2.8085 4.0439 0.0, 2.6457 4.0031 0.0, 2.8031 4.0031 0.0, 2.6557 3.9267 0.0, 2.8085 3.9624 0.0, 2.6852 3.8555 0.0, 2.8242 3.9244 0.0, 2.7322 3.7944 0.0, 2.8493 3.8918 0.0, 2.7933 3.7474 0.0, 2.8819 3.8668 0.0, 2.8645 3.7179 0.0, 2.9199 3.851 0.0, 2.9606 3.8457 0.0, 3.3476 3.9842 0.0, 3.1181 4.0031 0.0, 3.3476 4.0221 0.0, 3.1127 4.0439 0.0, 3.3567 4.059 0.0, 3.4308 4.1426 0.0, 3.3995 4.121 0.0, 3.097 3.9244 0.0, 3.4662 3.8502 0.0, 3.5039 3.8457 0.0, 3.5043 3.8457 0.0, 3.5043 4.1606 0.0, 3.5039 4.1606 0.0, 3.4662 4.1561 0.0, 3.097 4.0819 0.0, 3.3743 4.0926 0.0, 2.8645 3.7179 0.0039, 2.7933 3.7474 0.0039, 2.7322 3.7944 0.0039, 2.6852 3.8555 0.0039, 2.6557 3.9267 0.0039, 2.6457 4.0031 0.0039, 2.6557 4.0796 0.0039, 2.6852 4.1508 0.0039, 2.7322 4.2119 0.0039, 2.7933 4.2589 0.0039, 2.8645 4.2884 0.0039, 3.5043 4.1606 0.2835, 3.5039 4.1606 0.2835, 3.5039 3.8457 0.2835, 3.5043 3.8457 0.2835, 3.097 3.9244 0.2835, 3.072 3.8918 0.2835, 3.0394 3.8668 0.2835, 3.0014 4.1553 0.2835, 3.0394 4.1395 0.2835, 3.072 4.1145 0.2835, 3.3995 4.121 0.2835, 3.4308 4.1426 0.2835, 3.1127 4.0439 0.2835, 3.3567 4.059 0.2835, 3.3743 4.0926 0.2835, 3.4662 3.8502 0.2835, 3.1127 3.9624 0.2835, 3.3995 3.8853 0.2835, 3.4308 3.8637 0.2835, 3.0014 3.851 0.2835, 2.9606 3.8457 0.2835, 2.9199 3.851 0.2835, 2.8819 3.8668 0.2835, 2.8493 3.8918 0.2835, 2.8242 3.9244 0.2835, 2.8085 3.9624 0.2835, 2.8031 4.0031 0.2835, 2.8085 4.0439 0.2835, 2.8242 4.0819 0.2835, 2.8493 4.1145 0.2835, 2.8819 4.1395 0.2835, 2.9199 4.1553 0.2835, 2.9606 4.1606 0.2835, 3.3743 3.9137 0.2835, 3.3567 3.9473 0.2835, 3.1181 4.0031 0.2835, 3.3476 3.9842 0.2835, 3.3476 4.0221 0.2835, 3.097 4.0819 0.2835, 3.4662 4.1561 0.2835, 2.9409 2.7079 0.2795, 2.9409 2.7079 0.2835, 2.8645 2.7179 0.2835, 2.8645 2.7179 0.2795, 2.7933 2.7474 0.2835, 2.7933 2.7474 0.2795, 2.7322 2.7944 0.2835, 2.7322 2.7944 0.2795, 2.6852 2.8555 0.2835, 2.6852 2.8555 0.2795, 2.6557 2.9267 0.2835, 2.6557 2.9267 0.2795, 2.6457 3.0031 0.2835, 2.6457 3.0031 0.2795, 2.6557 3.0796 0.2835, 2.6557 3.0796 0.2795, 2.6852 3.1508 0.2835, 2.6852 3.1508 0.2795, 2.7322 3.2119 0.2835, 2.7322 3.2119 0.2795, 2.7933 3.2589 0.2835, 2.7933 3.2589 0.2795, 2.8645 3.2884 0.2835, 2.8645 3.2884 0.2795, 2.9409 3.2984 0.2835, 2.9409 3.2984 0.2795, 3.5039 3.2984 0.2795, 3.5043 3.2984 0.0, 2.9409 3.2984 0.0, 2.9409 3.2984 0.0039, 3.5039 3.2984 0.0039, 3.5043 3.2984 0.2835, 2.9409 2.7079 0.0039, 2.9409 2.7079 0.0, 3.5039 2.7079 0.0039, 3.5043 2.7079 0.0, 3.5039 2.7079 0.2795, 3.5043 2.7079 0.2835, 3.072 3.1145 0.0, 3.0394 3.1395 0.0, 3.3995 2.8853 0.0, 3.4308 2.8637 0.0, 3.1127 2.9624 0.0, 3.3567 2.9473 0.0, 3.3743 2.9137 0.0, 3.4308 3.1426 0.0, 3.3995 3.121 0.0, 3.0014 2.851 0.0, 3.0394 2.8668 0.0, 3.072 2.8918 0.0, 3.3476 2.9842 0.0, 3.1181 3.0031 0.0, 3.3476 3.0221 0.0, 3.1127 3.0439 0.0, 3.3567 3.059 0.0, 3.5043 3.1606 0.0, 3.5039 3.1606 0.0, 3.4662 3.1561 0.0, 3.097 3.0819 0.0, 3.3743 3.0926 0.0, 3.0014 3.1553 0.0, 2.9606 3.1606 0.0, 2.8645 3.2884 0.0, 2.9199 3.1553 0.0, 2.7933 3.2589 0.0, 2.8819 3.1395 0.0, 2.7322 3.2119 0.0, 2.8493 3.1145 0.0, 2.6852 3.1508 0.0, 2.8242 3.0819 0.0, 2.6557 3.0796 0.0, 2.8085 3.0439 0.0, 2.6457 3.0031 0.0, 2.8031 3.0031 0.0, 2.6557 2.9267 0.0, 2.8085 2.9624 0.0, 2.6852 2.8555 0.0, 2.8242 2.9244 0.0, 2.7322 2.7944 0.0, 2.8493 2.8918 0.0, 2.7933 2.7474 0.0, 2.8819 2.8668 0.0, 2.8645 2.7179 0.0, 2.9199 2.851 0.0, 2.9606 2.8457 0.0, 3.097 2.9244 0.0, 3.4662 2.8502 0.0, 3.5039 2.8457 0.0, 3.5043 2.8457 0.0, 2.8645 2.7179 0.0039, 2.7933 2.7474 0.0039, 2.7322 2.7944 0.0039, 2.6852 2.8555 0.0039, 2.6557 2.9267 0.0039, 2.6457 3.0031 0.0039, 2.6557 3.0796 0.0039, 2.6852 3.1508 0.0039, 2.7322 3.2119 0.0039, 2.7933 3.2589 0.0039, 2.8645 3.2884 0.0039, 3.5043 3.1606 0.2835, 3.5039 3.1606 0.2835, 3.5039 2.8457 0.2835, 3.5043 2.8457 0.2835, 3.072 2.8918 0.2835, 3.0394 2.8668 0.2835, 3.0014 3.1553 0.2835, 3.0394 3.1395 0.2835, 3.072 3.1145 0.2835, 3.3995 3.121 0.2835, 3.4308 3.1426 0.2835, 3.1127 3.0439 0.2835, 3.3567 3.059 0.2835, 3.3743 3.0926 0.2835, 3.4308 2.8637 0.2835, 3.3995 2.8853 0.2835, 3.097 3.0819 0.2835, 3.4662 3.1561 0.2835, 3.1127 2.9624 0.2835, 3.3567 2.9473 0.2835, 3.1181 3.0031 0.2835, 3.3476 2.9842 0.2835, 3.3476 3.0221 0.2835, 3.4662 2.8502 0.2835, 3.097 2.9244 0.2835, 3.3743 2.9137 0.2835, 3.0014 2.851 0.2835, 2.9606 2.8457 0.2835, 2.9199 2.851 0.2835, 2.8819 2.8668 0.2835, 2.8493 2.8918 0.2835, 2.8242 2.9244 0.2835, 2.8085 2.9624 0.2835, 2.8031 3.0031 0.2835, 2.8085 3.0439 0.2835, 2.8242 3.0819 0.2835, 2.8493 3.1145 0.2835, 2.8819 3.1395 0.2835, 2.9199 3.1553 0.2835, 2.9606 3.1606 0.2835, 2.9409 1.7079 0.2795, 2.9409 1.7079 0.2835, 2.8645 1.7179 0.2835, 2.8645 1.7179 0.2795, 2.7933 1.7474 0.2835, 2.7933 1.7474 0.2795, 2.7322 1.7944 0.2835, 2.7322 1.7944 0.2795, 2.6852 1.8555 0.2835, 2.6852 1.8555 0.2795, 2.6557 1.9267 0.2835, 2.6557 1.9267 0.2795, 2.6457 2.0031 0.2835, 2.6457 2.0031 0.2795, 2.6557 2.0796 0.2835, 2.6557 2.0796 0.2795, 2.6852 2.1508 0.2835, 2.6852 2.1508 0.2795, 2.7322 2.2119 0.2835, 2.7322 2.2119 0.2795, 2.7933 2.2589 0.2835, 2.7933 2.2589 0.2795, 2.8645 2.2884 0.2835, 2.8645 2.2884 0.2795, 2.9409 2.2984 0.2835, 2.9409 2.2984 0.2795, 3.5039 2.2984 0.2795, 3.5043 2.2984 0.0, 2.9409 2.2984 0.0, 2.9409 2.2984 0.0039, 3.5039 2.2984 0.0039, 3.5043 2.2984 0.2835, 2.9409 1.7079 0.0039, 2.9409 1.7079 0.0, 3.5039 1.7079 0.0039, 3.5043 1.7079 0.0, 3.5039 1.7079 0.2795, 3.5043 1.7079 0.2835, 3.0394 2.1395 0.0, 3.4308 2.1426 0.0, 3.3995 2.121 0.0, 3.5043 2.1606 0.0, 3.5039 2.1606 0.0, 3.4662 2.1561 0.0, 3.3743 2.0926 0.0, 3.1127 2.0439 0.0, 3.097 2.0819 0.0, 3.072 2.1145 0.0, 3.3567 2.059 0.0, 3.3476 2.0221 0.0, 3.1181 2.0031 0.0, 3.3476 1.9842 0.0, 3.1127 1.9624 0.0, 3.3567 1.9473 0.0, 3.0394 1.8668 0.0, 3.0014 1.851 0.0, 3.5043 1.8457 0.0, 3.5039 1.8457 0.0, 3.4662 1.8502 0.0, 3.0014 2.1553 0.0, 2.9606 2.1606 0.0, 2.8645 2.2884 0.0, 2.9199 2.1553 0.0, 2.7933 2.2589 0.0, 2.8819 2.1395 0.0, 2.7322 2.2119 0.0, 2.8493 2.1145 0.0, 2.6852 2.1508 0.0, 2.8242 2.0819 0.0, 2.6557 2.0796 0.0, 2.8085 2.0439 0.0, 2.6457 2.0031 0.0, 2.8031 2.0031 0.0, 2.6557 1.9267 0.0, 2.8085 1.9624 0.0, 2.6852 1.8555 0.0, 2.8242 1.9244 0.0, 2.7322 1.7944 0.0, 2.8493 1.8918 0.0, 2.7933 1.7474 0.0, 2.8819 1.8668 0.0, 2.8645 1.7179 0.0, 2.9199 1.851 0.0, 2.9606 1.8457 0.0, 3.072 1.8918 0.0, 3.097 1.9244 0.0, 3.3743 1.9137 0.0, 3.3995 1.8853 0.0, 3.4308 1.8637 0.0, 2.8645 1.7179 0.0039, 2.7933 1.7474 0.0039, 2.7322 1.7944 0.0039, 2.6852 1.8555 0.0039, 2.6557 1.9267 0.0039, 2.6457 2.0031 0.0039, 2.6557 2.0796 0.0039, 2.6852 2.1508 0.0039, 2.7322 2.2119 0.0039, 2.7933 2.2589 0.0039, 2.8645 2.2884 0.0039, 3.5043 2.1606 0.2835, 3.5039 2.1606 0.2835, 3.5039 1.8457 0.2835, 3.5043 1.8457 0.2835, 3.3995 2.121 0.2835, 3.4308 2.1426 0.2835, 3.072 1.8918 0.2835, 3.0394 1.8668 0.2835, 3.1127 2.0439 0.2835, 3.3567 2.059 0.2835, 3.3743 2.0926 0.2835, 3.097 2.0819 0.2835, 3.072 2.1145 0.2835, 3.4662 2.1561 0.2835, 3.1127 1.9624 0.2835, 3.3567 1.9473 0.2835, 3.1181 2.0031 0.2835, 3.3476 1.9842 0.2835, 3.3476 2.0221 0.2835, 3.4662 1.8502 0.2835, 3.4308 1.8637 0.2835, 3.3995 1.8853 0.2835, 3.0014 1.851 0.2835, 2.9606 1.8457 0.2835, 2.9199 1.851 0.2835, 2.8819 1.8668 0.2835, 2.8493 1.8918 0.2835, 2.8242 1.9244 0.2835, 2.8085 1.9624 0.2835, 2.8031 2.0031 0.2835, 2.8085 2.0439 0.2835, 2.8242 2.0819 0.2835, 2.8493 2.1145 0.2835, 2.8819 2.1395 0.2835, 2.9199 2.1553 0.2835, 3.097 1.9244 0.2835, 3.3743 1.9137 0.2835, 2.9606 2.1606 0.2835, 3.0014 2.1553 0.2835, 3.0394 2.1395 0.2835, 2.9409 0.7079 0.2795, 2.9409 0.7079 0.2835, 2.8645 0.7179 0.2835, 2.8645 0.7179 0.2795, 2.7933 0.7474 0.2835, 2.7933 0.7474 0.2795, 2.7322 0.7944 0.2835, 2.7322 0.7944 0.2795, 2.6852 0.8555 0.2835, 2.6852 0.8555 0.2795, 2.6557 0.9267 0.2835, 2.6557 0.9267 0.2795, 2.6457 1.0031 0.2835, 2.6457 1.0031 0.2795, 2.6557 1.0796 0.2835, 2.6557 1.0796 0.2795, 2.6852 1.1508 0.2835, 2.6852 1.1508 0.2795, 2.7322 1.2119 0.2835, 2.7322 1.2119 0.2795, 2.7933 1.2589 0.2835, 2.7933 1.2589 0.2795, 2.8645 1.2884 0.2835, 2.8645 1.2884 0.2795, 2.9409 1.2984 0.2835, 2.9409 1.2984 0.2795, 3.5039 1.2984 0.2795, 3.5043 1.2984 0.0, 2.9409 1.2984 0.0, 2.9409 1.2984 0.0039, 3.5039 1.2984 0.0039, 3.5043 1.2984 0.2835, 2.9409 0.7079 0.0039, 2.9409 0.7079 0.0, 3.5039 0.7079 0.0039, 3.5043 0.7079 0.0, 3.5039 0.7079 0.2795, 3.5043 0.7079 0.2835, 3.5043 0.8457 0.0, 3.5039 0.8457 0.0, 3.4662 0.8502 0.0, 3.5043 1.1606 0.0, 3.5039 1.1606 0.0, 3.072 1.1145 0.0, 3.0394 1.1395 0.0, 3.072 0.8918 0.0, 3.097 0.9244 0.0, 3.1127 0.9624 0.0, 3.3567 0.9473 0.0, 3.3476 0.9842 0.0, 3.1181 1.0031 0.0, 3.3476 1.0221 0.0, 3.1127 1.0439 0.0, 3.3567 1.059 0.0, 3.4662 1.1561 0.0, 3.4308 1.1426 0.0, 3.3995 1.121 0.0, 3.0014 0.851 0.0, 3.0394 0.8668 0.0, 3.3743 0.9137 0.0, 3.3995 0.8853 0.0, 3.4308 0.8637 0.0, 3.097 1.0819 0.0, 3.3743 1.0926 0.0, 3.0014 1.1553 0.0, 2.9606 1.1606 0.0, 2.8645 1.2884 0.0, 2.9199 1.1553 0.0, 2.7933 1.2589 0.0, 2.8819 1.1395 0.0, 2.7322 1.2119 0.0, 2.8493 1.1145 0.0, 2.6852 1.1508 0.0, 2.8242 1.0819 0.0, 2.6557 1.0796 0.0, 2.8085 1.0439 0.0, 2.6457 1.0031 0.0, 2.8031 1.0031 0.0, 2.6557 0.9267 0.0, 2.8085 0.9624 0.0, 2.6852 0.8555 0.0, 2.8242 0.9244 0.0, 2.7322 0.7944 0.0, 2.8493 0.8918 0.0, 2.7933 0.7474 0.0, 2.8819 0.8668 0.0, 2.8645 0.7179 0.0, 2.9199 0.851 0.0, 2.9606 0.8457 0.0, 2.8645 0.7179 0.0039, 2.7933 0.7474 0.0039, 2.7322 0.7944 0.0039, 2.6852 0.8555 0.0039, 2.6557 0.9267 0.0039, 2.6457 1.0031 0.0039, 2.6557 1.0796 0.0039, 2.6852 1.1508 0.0039, 2.7322 1.2119 0.0039, 2.7933 1.2589 0.0039, 2.8645 1.2884 0.0039, 3.5043 1.1606 0.2835, 3.5039 1.1606 0.2835, 3.5039 0.8457 0.2835, 3.5043 0.8457 0.2835, 3.4662 0.8502 0.2835, 3.4662 1.1561 0.2835, 3.1127 0.9624 0.2835, 3.097 0.9244 0.2835, 3.3995 0.8853 0.2835, 3.4308 0.8637 0.2835, 3.3743 0.9137 0.2835, 3.3567 0.9473 0.2835, 3.1181 1.0031 0.2835, 3.3476 0.9842 0.2835, 3.1127 1.0439 0.2835, 3.3476 1.0221 0.2835, 3.3567 1.059 0.2835, 3.072 0.8918 0.2835, 3.0394 0.8668 0.2835, 3.0014 1.1553 0.2835, 3.0394 1.1395 0.2835, 3.072 1.1145 0.2835, 3.097 1.0819 0.2835, 3.3743 1.0926 0.2835, 3.3995 1.121 0.2835, 3.4308 1.1426 0.2835, 3.0014 0.851 0.2835, 2.9606 0.8457 0.2835, 2.9199 0.851 0.2835, 2.8819 0.8668 0.2835, 2.8493 0.8918 0.2835, 2.8242 0.9244 0.2835, 2.8085 0.9624 0.2835, 2.8031 1.0031 0.2835, 2.8085 1.0439 0.2835, 2.8242 1.0819 0.2835, 2.8493 1.1145 0.2835, 2.8819 1.1395 0.2835, 2.9199 1.1553 0.2835, 2.9606 1.1606 0.2835, 2.9409 -0.2921 0.2795, 2.9409 -0.2921 0.2835, 2.8645 -0.2821 0.2835, 2.8645 -0.2821 0.2795, 2.7933 -0.2526 0.2835, 2.7933 -0.2526 0.2795, 2.7322 -0.2056 0.2835, 2.7322 -0.2056 0.2795, 2.6852 -0.1445 0.2835, 2.6852 -0.1445 0.2795, 2.6557 -0.0733 0.2835, 2.6557 -0.0733 0.2795, 2.6457 0.0031 0.2835, 2.6457 0.0031 0.2795, 2.6557 0.0796 0.2835, 2.6557 0.0796 0.2795, 2.6852 0.1508 0.2835, 2.6852 0.1508 0.2795, 2.7322 0.2119 0.2835, 2.7322 0.2119 0.2795, 2.7933 0.2589 0.2835, 2.7933 0.2589 0.2795, 2.8645 0.2884 0.2835, 2.8645 0.2884 0.2795, 2.9409 0.2984 0.2835, 2.9409 0.2984 0.2795, 3.5039 0.2984 0.2795, 3.5043 0.2984 0.0, 2.9409 0.2984 0.0, 2.9409 0.2984 0.0039, 3.5039 0.2984 0.0039, 3.5043 0.2984 0.2835, 2.9409 -0.2921 0.0039, 2.9409 -0.2921 0.0, 3.5039 -0.2921 0.0039, 3.5043 -0.2921 0.0, 3.5039 -0.2921 0.2795, 3.5043 -0.2921 0.2835, 3.5043 -0.1543 0.0, 3.5039 -0.1543 0.0, 3.4662 -0.1498 0.0, 3.1127 0.0439 0.0, 3.3995 0.121 0.0, 3.3743 0.0926 0.0, 3.3567 -0.0527 0.0, 3.1127 -0.0376 0.0, 3.3476 -0.0158 0.0, 3.1181 0.0031 0.0, 3.3476 0.0221 0.0, 3.3567 0.059 0.0, 3.4662 0.1561 0.0, 3.5039 0.1606 0.0, 3.5043 0.1606 0.0, 3.097 0.0819 0.0, 3.4308 0.1426 0.0, 3.072 0.1145 0.0, 3.0394 0.1395 0.0, 3.3743 -0.0863 0.0, 3.3995 -0.1147 0.0, 3.4308 -0.1363 0.0, 3.0014 -0.149 0.0, 3.0394 -0.1332 0.0, 3.072 -0.1082 0.0, 3.097 -0.0756 0.0, 3.0014 0.1553 0.0, 2.9606 0.1606 0.0, 2.8645 0.2884 0.0, 2.9199 0.1553 0.0, 2.7933 0.2589 0.0, 2.8819 0.1395 0.0, 2.7322 0.2119 0.0, 2.8493 0.1145 0.0, 2.6852 0.1508 0.0, 2.8242 0.0819 0.0, 2.6557 0.0796 0.0, 2.8085 0.0439 0.0, 2.6457 0.0031 0.0, 2.8031 0.0031 0.0, 2.6557 -0.0733 0.0, 2.8085 -0.0376 0.0, 2.6852 -0.1445 0.0, 2.8242 -0.0756 0.0, 2.7322 -0.2056 0.0, 2.8493 -0.1082 0.0, 2.7933 -0.2526 0.0, 2.8819 -0.1332 0.0, 2.8645 -0.2821 0.0, 2.9199 -0.149 0.0, 2.9606 -0.1543 0.0, 2.8645 -0.2821 0.0039, 2.7933 -0.2526 0.0039, 2.7322 -0.2056 0.0039, 2.6852 -0.1445 0.0039, 2.6557 -0.0733 0.0039, 2.6457 0.0031 0.0039, 2.6557 0.0796 0.0039, 2.6852 0.1508 0.0039, 2.7322 0.2119 0.0039, 2.7933 0.2589 0.0039, 2.8645 0.2884 0.0039, 3.5043 0.1606 0.2835, 3.5039 0.1606 0.2835, 3.5039 -0.1543 0.2835, 3.5043 -0.1543 0.2835, 3.4662 0.1561 0.2835, 3.072 0.1145 0.2835, 3.097 0.0819 0.2835, 3.1127 0.0439 0.2835, 3.3995 -0.1147 0.2835, 3.3743 -0.0863 0.2835, 3.1127 -0.0376 0.2835, 3.3567 -0.0527 0.2835, 3.1181 0.0031 0.2835, 3.3476 -0.0158 0.2835, 3.3476 0.0221 0.2835, 3.3567 0.059 0.2835, 3.4662 -0.1498 0.2835, 3.097 -0.0756 0.2835, 3.4308 -0.1363 0.2835, 3.3743 0.0926 0.2835, 3.3995 0.121 0.2835, 3.4308 0.1426 0.2835, 3.072 -0.1082 0.2835, 3.0394 -0.1332 0.2835, 3.0014 -0.149 0.2835, 2.9606 -0.1543 0.2835, 2.9199 -0.149 0.2835, 2.8819 -0.1332 0.2835, 2.8493 -0.1082 0.2835, 2.8242 -0.0756 0.2835, 2.8085 -0.0376 0.2835, 2.8031 0.0031 0.2835, 2.8085 0.0439 0.2835, 2.8242 0.0819 0.2835, 2.8493 0.1145 0.2835, 2.8819 0.1395 0.2835, 2.9199 0.1553 0.2835, 2.9606 0.1606 0.2835, 3.0014 0.1553 0.2835, 3.0394 0.1395 0.2835, 2.9409 -1.2921 0.2795, 2.9409 -1.2921 0.2835, 2.8645 -1.2821 0.2835, 2.8645 -1.2821 0.2795, 2.7933 -1.2526 0.2835, 2.7933 -1.2526 0.2795, 2.7322 -1.2056 0.2835, 2.7322 -1.2056 0.2795, 2.6852 -1.1445 0.2835, 2.6852 -1.1445 0.2795, 2.6557 -1.0733 0.2835, 2.6557 -1.0733 0.2795, 2.6457 -0.9969 0.2835, 2.6457 -0.9969 0.2795, 2.6557 -0.9204 0.2835, 2.6557 -0.9204 0.2795, 2.6852 -0.8492 0.2835, 2.6852 -0.8492 0.2795, 2.7322 -0.7881 0.2835, 2.7322 -0.7881 0.2795, 2.7933 -0.7411 0.2835, 2.7933 -0.7411 0.2795, 2.8645 -0.7116 0.2835, 2.8645 -0.7116 0.2795, 2.9409 -0.7016 0.2835, 2.9409 -0.7016 0.2795, 3.5039 -0.7016 0.2795, 3.5043 -0.7016 0.0, 2.9409 -0.7016 0.0, 2.9409 -0.7016 0.0039, 3.5039 -0.7016 0.0039, 3.5043 -0.7016 0.2835, 2.9409 -1.2921 0.0039, 2.9409 -1.2921 0.0, 3.5039 -1.2921 0.0039, 3.5043 -1.2921 0.0, 3.5039 -1.2921 0.2795, 3.5043 -1.2921 0.2835, 3.5043 -1.1543 0.0, 3.5039 -1.1543 0.0, 3.4662 -1.1498 0.0, 3.5043 -0.8394 0.0, 3.5039 -0.8394 0.0, 3.072 -0.8855 0.0, 3.0394 -0.8605 0.0, 3.072 -1.1082 0.0, 3.097 -1.0756 0.0, 3.1127 -1.0376 0.0, 3.3567 -1.0527 0.0, 3.3476 -1.0158 0.0, 3.1181 -0.9969 0.0, 3.3476 -0.9779 0.0, 3.1127 -0.9561 0.0, 3.3567 -0.941 0.0, 3.4662 -0.8439 0.0, 3.4308 -0.8574 0.0, 3.3995 -0.879 0.0, 3.0014 -1.149 0.0, 3.0394 -1.1332 0.0, 3.3743 -1.0863 0.0, 3.3995 -1.1147 0.0, 3.4308 -1.1363 0.0, 3.097 -0.9181 0.0, 3.3743 -0.9074 0.0, 3.0014 -0.8447 0.0, 2.9606 -0.8394 0.0, 2.8645 -0.7116 0.0, 2.9199 -0.8447 0.0, 2.7933 -0.7411 0.0, 2.8819 -0.8605 0.0, 2.7322 -0.7881 0.0, 2.8493 -0.8855 0.0, 2.6852 -0.8492 0.0, 2.8242 -0.9181 0.0, 2.6557 -0.9204 0.0, 2.8085 -0.9561 0.0, 2.6457 -0.9969 0.0, 2.8031 -0.9969 0.0, 2.6557 -1.0733 0.0, 2.8085 -1.0376 0.0, 2.6852 -1.1445 0.0, 2.8242 -1.0756 0.0, 2.7322 -1.2056 0.0, 2.8493 -1.1082 0.0, 2.7933 -1.2526 0.0, 2.8819 -1.1332 0.0, 2.8645 -1.2821 0.0, 2.9199 -1.149 0.0, 2.9606 -1.1543 0.0, 2.8645 -1.2821 0.0039, 2.7933 -1.2526 0.0039, 2.7322 -1.2056 0.0039, 2.6852 -1.1445 0.0039, 2.6557 -1.0733 0.0039, 2.6457 -0.9969 0.0039, 2.6557 -0.9204 0.0039, 2.6852 -0.8492 0.0039, 2.7322 -0.7881 0.0039, 2.7933 -0.7411 0.0039, 2.8645 -0.7116 0.0039, 3.5043 -0.8394 0.2835, 3.5039 -0.8394 0.2835, 3.5039 -1.1543 0.2835, 3.5043 -1.1543 0.2835, 3.4662 -1.1498 0.2835, 3.4662 -0.8439 0.2835, 3.1127 -1.0376 0.2835, 3.097 -1.0756 0.2835, 3.3995 -1.1147 0.2835, 3.4308 -1.1363 0.2835, 3.3743 -1.0863 0.2835, 3.3567 -1.0527 0.2835, 3.1181 -0.9969 0.2835, 3.3476 -1.0158 0.2835, 3.1127 -0.9561 0.2835, 3.3476 -0.9779 0.2835, 3.3567 -0.941 0.2835, 3.072 -1.1082 0.2835, 3.0394 -1.1332 0.2835, 3.0014 -0.8447 0.2835, 3.0394 -0.8605 0.2835, 3.072 -0.8855 0.2835, 3.097 -0.9181 0.2835, 3.3743 -0.9074 0.2835, 3.3995 -0.879 0.2835, 3.4308 -0.8574 0.2835, 3.0014 -1.149 0.2835, 2.9606 -1.1543 0.2835, 2.9199 -1.149 0.2835, 2.8819 -1.1332 0.2835, 2.8493 -1.1082 0.2835, 2.8242 -1.0756 0.2835, 2.8085 -1.0376 0.2835, 2.8031 -0.9969 0.2835, 2.8085 -0.9561 0.2835, 2.8242 -0.9181 0.2835, 2.8493 -0.8855 0.2835, 2.8819 -0.8605 0.2835, 2.9199 -0.8447 0.2835, 2.9606 -0.8394 0.2835, 2.9409 -2.2921 0.2795, 2.9409 -2.2921 0.2835, 2.8645 -2.2821 0.2835, 2.8645 -2.2821 0.2795, 2.7933 -2.2526 0.2835, 2.7933 -2.2526 0.2795, 2.7322 -2.2056 0.2835, 2.7322 -2.2056 0.2795, 2.6852 -2.1445 0.2835, 2.6852 -2.1445 0.2795, 2.6557 -2.0733 0.2835, 2.6557 -2.0733 0.2795, 2.6457 -1.9969 0.2835, 2.6457 -1.9969 0.2795, 2.6557 -1.9204 0.2835, 2.6557 -1.9204 0.2795, 2.6852 -1.8492 0.2835, 2.6852 -1.8492 0.2795, 2.7322 -1.7881 0.2835, 2.7322 -1.7881 0.2795, 2.7933 -1.7411 0.2835, 2.7933 -1.7411 0.2795, 2.8645 -1.7116 0.2835, 2.8645 -1.7116 0.2795, 2.9409 -1.7016 0.2835, 2.9409 -1.7016 0.2795, 3.5039 -1.7016 0.2795, 3.5043 -1.7016 0.0, 2.9409 -1.7016 0.0, 2.9409 -1.7016 0.0039, 3.5039 -1.7016 0.0039, 3.5043 -1.7016 0.2835, 2.9409 -2.2921 0.0039, 2.9409 -2.2921 0.0, 3.5039 -2.2921 0.0039, 3.5043 -2.2921 0.0, 3.5039 -2.2921 0.2795, 3.5043 -2.2921 0.2835, 3.0394 -1.8605 0.0, 3.4308 -1.8574 0.0, 3.3995 -1.879 0.0, 3.5043 -1.8394 0.0, 3.5039 -1.8394 0.0, 3.4662 -1.8439 0.0, 3.3743 -1.9074 0.0, 3.1127 -1.9561 0.0, 3.097 -1.9181 0.0, 3.072 -1.8855 0.0, 3.3995 -2.1147 0.0, 3.4308 -2.1363 0.0, 3.3567 -1.941 0.0, 3.3476 -1.9779 0.0, 3.1181 -1.9969 0.0, 3.3476 -2.0158 0.0, 3.1127 -2.0376 0.0, 3.3567 -2.0527 0.0, 3.3743 -2.0863 0.0, 3.0014 -2.149 0.0, 3.0394 -2.1332 0.0, 3.072 -2.1082 0.0, 3.0014 -1.8447 0.0, 2.9606 -1.8394 0.0, 2.8645 -1.7116 0.0, 2.9199 -1.8447 0.0, 2.7933 -1.7411 0.0, 2.8819 -1.8605 0.0, 2.7322 -1.7881 0.0, 2.8493 -1.8855 0.0, 2.6852 -1.8492 0.0, 2.8242 -1.9181 0.0, 2.6557 -1.9204 0.0, 2.8085 -1.9561 0.0, 2.6457 -1.9969 0.0, 2.8031 -1.9969 0.0, 2.6557 -2.0733 0.0, 2.8085 -2.0376 0.0, 2.6852 -2.1445 0.0, 2.8242 -2.0756 0.0, 2.7322 -2.2056 0.0, 2.8493 -2.1082 0.0, 2.7933 -2.2526 0.0, 2.8819 -2.1332 0.0, 2.8645 -2.2821 0.0, 2.9199 -2.149 0.0, 2.9606 -2.1543 0.0, 3.097 -2.0756 0.0, 3.4662 -2.1498 0.0, 3.5039 -2.1543 0.0, 3.5043 -2.1543 0.0, 2.8645 -2.2821 0.0039, 2.7933 -2.2526 0.0039, 2.7322 -2.2056 0.0039, 2.6852 -2.1445 0.0039, 2.6557 -2.0733 0.0039, 2.6457 -1.9969 0.0039, 2.6557 -1.9204 0.0039, 2.6852 -1.8492 0.0039, 2.7322 -1.7881 0.0039, 2.7933 -1.7411 0.0039, 2.8645 -1.7116 0.0039, 3.5043 -1.8394 0.2835, 3.5039 -1.8394 0.2835, 3.5039 -2.1543 0.2835, 3.5043 -2.1543 0.2835, 3.3995 -1.879 0.2835, 3.4308 -1.8574 0.2835, 3.072 -2.1082 0.2835, 3.0394 -2.1332 0.2835, 3.1127 -1.9561 0.2835, 3.3567 -1.941 0.2835, 3.3743 -1.9074 0.2835, 3.097 -1.9181 0.2835, 3.072 -1.8855 0.2835, 3.4662 -1.8439 0.2835, 3.1127 -2.0376 0.2835, 3.3567 -2.0527 0.2835, 3.1181 -1.9969 0.2835, 3.3476 -2.0158 0.2835, 3.3476 -1.9779 0.2835, 3.4308 -2.1363 0.2835, 3.3995 -2.1147 0.2835, 3.4662 -2.1498 0.2835, 3.097 -2.0756 0.2835, 3.3743 -2.0863 0.2835, 3.0014 -2.149 0.2835, 2.9606 -2.1543 0.2835, 2.9199 -2.149 0.2835, 2.8819 -2.1332 0.2835, 2.8493 -2.1082 0.2835, 2.8242 -2.0756 0.2835, 2.8085 -2.0376 0.2835, 2.8031 -1.9969 0.2835, 2.8085 -1.9561 0.2835, 2.8242 -1.9181 0.2835, 2.8493 -1.8855 0.2835, 2.8819 -1.8605 0.2835, 2.9199 -1.8447 0.2835, 2.9606 -1.8394 0.2835, 3.0014 -1.8447 0.2835, 3.0394 -1.8605 0.2835, 2.9409 -3.2921 0.2795, 2.9409 -3.2921 0.2835, 2.8645 -3.2821 0.2835, 2.8645 -3.2821 0.2795, 2.7933 -3.2526 0.2835, 2.7933 -3.2526 0.2795, 2.7322 -3.2056 0.2835, 2.7322 -3.2056 0.2795, 2.6852 -3.1445 0.2835, 2.6852 -3.1445 0.2795, 2.6557 -3.0733 0.2835, 2.6557 -3.0733 0.2795, 2.6457 -2.9969 0.2835, 2.6457 -2.9969 0.2795, 2.6557 -2.9204 0.2835, 2.6557 -2.9204 0.2795, 2.6852 -2.8492 0.2835, 2.6852 -2.8492 0.2795, 2.7322 -2.7881 0.2835, 2.7322 -2.7881 0.2795, 2.7933 -2.7411 0.2835, 2.7933 -2.7411 0.2795, 2.8645 -2.7116 0.2835, 2.8645 -2.7116 0.2795, 2.9409 -2.7016 0.2835, 2.9409 -2.7016 0.2795, 3.5039 -2.7016 0.2795, 3.5043 -2.7016 0.0, 2.9409 -2.7016 0.0, 2.9409 -2.7016 0.0039, 3.5039 -2.7016 0.0039, 3.5043 -2.7016 0.2835, 2.9409 -3.2921 0.0039, 2.9409 -3.2921 0.0, 3.5039 -3.2921 0.0039, 3.5043 -3.2921 0.0, 3.5039 -3.2921 0.2795, 3.5043 -3.2921 0.2835, 3.072 -2.8855 0.0, 3.0394 -2.8605 0.0, 3.0014 -3.149 0.0, 3.0394 -3.1332 0.0, 3.072 -3.1082 0.0, 3.4308 -2.8574 0.0, 3.3995 -2.879 0.0, 3.0014 -2.8447 0.0, 2.9606 -2.8394 0.0, 2.8645 -2.7116 0.0, 2.9199 -2.8447 0.0, 2.7933 -2.7411 0.0, 2.8819 -2.8605 0.0, 2.7322 -2.7881 0.0, 2.8493 -2.8855 0.0, 2.6852 -2.8492 0.0, 2.8242 -2.9181 0.0, 2.6557 -2.9204 0.0, 2.8085 -2.9561 0.0, 2.6457 -2.9969 0.0, 2.8031 -2.9969 0.0, 2.6557 -3.0733 0.0, 2.8085 -3.0376 0.0, 2.6852 -3.1445 0.0, 2.8242 -3.0756 0.0, 2.7322 -3.2056 0.0, 2.8493 -3.1082 0.0, 2.7933 -3.2526 0.0, 2.8819 -3.1332 0.0, 2.8645 -3.2821 0.0, 2.9199 -3.149 0.0, 2.9606 -3.1543 0.0, 3.3995 -3.1147 0.0, 3.4308 -3.1363 0.0, 3.1127 -3.0376 0.0, 3.3567 -3.0527 0.0, 3.3743 -3.0863 0.0, 3.3476 -3.0158 0.0, 3.1181 -2.9969 0.0, 3.3476 -2.9779 0.0, 3.1127 -2.9561 0.0, 3.3567 -2.941 0.0, 3.5043 -2.8394 0.0, 3.5039 -2.8394 0.0, 3.4662 -2.8439 0.0, 3.097 -2.9181 0.0, 3.3743 -2.9074 0.0, 3.097 -3.0756 0.0, 3.4662 -3.1498 0.0, 3.5039 -3.1543 0.0, 3.5043 -3.1543 0.0, 2.8645 -3.2821 0.0039, 2.7933 -3.2526 0.0039, 2.7322 -3.2056 0.0039, 2.6852 -3.1445 0.0039, 2.6557 -3.0733 0.0039, 2.6457 -2.9969 0.0039, 2.6557 -2.9204 0.0039, 2.6852 -2.8492 0.0039, 2.7322 -2.7881 0.0039, 2.7933 -2.7411 0.0039, 2.8645 -2.7116 0.0039, 3.5043 -2.8394 0.2835, 3.5039 -2.8394 0.2835, 3.5039 -3.1543 0.2835, 3.5043 -3.1543 0.2835, 3.3995 -2.879 0.2835, 3.4308 -2.8574 0.2835, 3.1127 -2.9561 0.2835, 3.3567 -2.941 0.2835, 3.3743 -2.9074 0.2835, 3.072 -3.1082 0.2835, 3.0394 -3.1332 0.2835, 3.097 -2.9181 0.2835, 3.072 -2.8855 0.2835, 3.4662 -2.8439 0.2835, 3.1127 -3.0376 0.2835, 3.3567 -3.0527 0.2835, 3.1181 -2.9969 0.2835, 3.3476 -3.0158 0.2835, 3.3476 -2.9779 0.2835, 3.4308 -3.1363 0.2835, 3.3995 -3.1147 0.2835, 3.0014 -3.149 0.2835, 2.9606 -3.1543 0.2835, 2.9199 -3.149 0.2835, 2.8819 -3.1332 0.2835, 2.8493 -3.1082 0.2835, 2.8242 -3.0756 0.2835, 2.8085 -3.0376 0.2835, 2.8031 -2.9969 0.2835, 2.8085 -2.9561 0.2835, 2.8242 -2.9181 0.2835, 2.8493 -2.8855 0.2835, 2.8819 -2.8605 0.2835, 2.9199 -2.8447 0.2835, 3.4662 -3.1498 0.2835, 3.097 -3.0756 0.2835, 3.3743 -3.0863 0.2835, 2.9606 -2.8394 0.2835, 3.0014 -2.8447 0.2835, 3.0394 -2.8605 0.2835, 2.9409 -4.2921 0.2795, 2.9409 -4.2921 0.2835, 2.8645 -4.2821 0.2835, 2.8645 -4.2821 0.2795, 2.7933 -4.2526 0.2835, 2.7933 -4.2526 0.2795, 2.7322 -4.2056 0.2835, 2.7322 -4.2056 0.2795, 2.6852 -4.1445 0.2835, 2.6852 -4.1445 0.2795, 2.6557 -4.0733 0.2835, 2.6557 -4.0733 0.2795, 2.6457 -3.9969 0.2835, 2.6457 -3.9969 0.2795, 2.6557 -3.9204 0.2835, 2.6557 -3.9204 0.2795, 2.6852 -3.8492 0.2835, 2.6852 -3.8492 0.2795, 2.7322 -3.7881 0.2835, 2.7322 -3.7881 0.2795, 2.7933 -3.7411 0.2835, 2.7933 -3.7411 0.2795, 2.8645 -3.7116 0.2835, 2.8645 -3.7116 0.2795, 2.9409 -3.7016 0.2835, 2.9409 -3.7016 0.2795, 3.5039 -3.7016 0.2795, 3.5043 -3.7016 0.0, 2.9409 -3.7016 0.0, 2.9409 -3.7016 0.0039, 3.5039 -3.7016 0.0039, 3.5043 -3.7016 0.2835, 2.9409 -4.2921 0.0039, 2.9409 -4.2921 0.0, 3.5039 -4.2921 0.0039, 3.5043 -4.2921 0.0, 3.5039 -4.2921 0.2795, 3.5043 -4.2921 0.2835, 3.072 -3.8855 0.0, 3.0394 -3.8605 0.0, 3.0014 -4.149 0.0, 3.0394 -4.1332 0.0, 3.072 -4.1082 0.0, 3.3995 -4.1147 0.0, 3.4308 -4.1363 0.0, 3.1127 -4.0376 0.0, 3.3567 -4.0527 0.0, 3.3743 -4.0863 0.0, 3.0014 -3.8447 0.0, 2.9606 -3.8394 0.0, 2.8645 -3.7116 0.0, 2.9199 -3.8447 0.0, 2.7933 -3.7411 0.0, 2.8819 -3.8605 0.0, 2.7322 -3.7881 0.0, 2.8493 -3.8855 0.0, 2.6852 -3.8492 0.0, 2.8242 -3.9181 0.0, 2.6557 -3.9204 0.0, 2.8085 -3.9561 0.0, 2.6457 -3.9969 0.0, 2.8031 -3.9969 0.0, 2.6557 -4.0733 0.0, 2.8085 -4.0376 0.0, 2.6852 -4.1445 0.0, 2.8242 -4.0756 0.0, 2.7322 -4.2056 0.0, 2.8493 -4.1082 0.0, 2.7933 -4.2526 0.0, 2.8819 -4.1332 0.0, 2.8645 -4.2821 0.0, 2.9199 -4.149 0.0, 2.9606 -4.1543 0.0, 3.3476 -4.0158 0.0, 3.1181 -3.9969 0.0, 3.3476 -3.9779 0.0, 3.1127 -3.9561 0.0, 3.3567 -3.941 0.0, 3.4308 -3.8574 0.0, 3.3995 -3.879 0.0, 3.097 -4.0756 0.0, 3.4662 -4.1498 0.0, 3.5039 -4.1543 0.0, 3.5043 -4.1543 0.0, 3.5043 -3.8394 0.0, 3.5039 -3.8394 0.0, 3.4662 -3.8439 0.0, 3.097 -3.9181 0.0, 3.3743 -3.9074 0.0, 2.8645 -4.2821 0.0039, 2.7933 -4.2526 0.0039, 2.7322 -4.2056 0.0039, 2.6852 -4.1445 0.0039, 2.6557 -4.0733 0.0039, 2.6457 -3.9969 0.0039, 2.6557 -3.9204 0.0039, 2.6852 -3.8492 0.0039, 2.7322 -3.7881 0.0039, 2.7933 -3.7411 0.0039, 2.8645 -3.7116 0.0039, 3.5043 -3.8394 0.2835, 3.5039 -3.8394 0.2835, 3.5039 -4.1543 0.2835, 3.5043 -4.1543 0.2835, 3.097 -4.0756 0.2835, 3.072 -4.1082 0.2835, 3.0394 -4.1332 0.2835, 3.0014 -3.8447 0.2835, 3.0394 -3.8605 0.2835, 3.072 -3.8855 0.2835, 3.3995 -3.879 0.2835, 3.4308 -3.8574 0.2835, 3.1127 -3.9561 0.2835, 3.3567 -3.941 0.2835, 3.3743 -3.9074 0.2835, 3.4662 -4.1498 0.2835, 3.1127 -4.0376 0.2835, 3.3995 -4.1147 0.2835, 3.4308 -4.1363 0.2835, 3.0014 -4.149 0.2835, 2.9606 -4.1543 0.2835, 2.9199 -4.149 0.2835, 2.8819 -4.1332 0.2835, 2.8493 -4.1082 0.2835, 2.8242 -4.0756 0.2835, 2.8085 -4.0376 0.2835, 2.8031 -3.9969 0.2835, 2.8085 -3.9561 0.2835, 2.8242 -3.9181 0.2835, 2.8493 -3.8855 0.2835, 2.8819 -3.8605 0.2835, 2.9199 -3.8447 0.2835, 2.9606 -3.8394 0.2835, 3.3743 -4.0863 0.2835, 3.3567 -4.0527 0.2835, 3.1181 -3.9969 0.2835, 3.3476 -4.0158 0.2835, 3.3476 -3.9779 0.2835, 3.097 -3.9181 0.2835, 3.4662 -3.8439 0.2835
            ]
        }
        coordIndex [
            0,1,2,-1,0,2,3,-1,3,2,4,-1,3,4,5,-1,5,4,6,-1,5,6,7,-1,7,6,8,-1,7,8,9,-1,9,8,10,-1,9,10,11,-1,11,10,12,-1,11,12,13,-1,13,12,14,-1,13,14,15,-1,15,14,16,-1,15,16,17,-1,17,16,18,-1,17,18,19,-1,19,18,20,-1,19,20,21,-1,21,20,22,-1,21,22,23,-1,23,22,24,-1,23,24,25,-1,26,25,24,-1,27,28,29,-1,29,30,27,-1,27,30,26,-1,27,26,31,-1,31,26,24,-1,32,33,34,-1,34,33,35,-1,34,35,36,-1,36,35,37,-1,36,37,0,-1,0,37,1,-1,33,32,38,-1,33,38,39,-1,39,38,40,-1,39,40,41,-1,41,40,42,-1,41,42,43,-1,43,42,44,-1,43,44,45,-1,45,44,46,-1,45,46,47,-1,47,46,48,-1,47,48,49,-1,49,48,50,-1,49,50,51,-1,51,50,52,-1,51,52,53,-1,53,52,54,-1,53,54,55,-1,55,54,56,-1,55,56,57,-1,57,56,58,-1,57,58,59,-1,59,58,29,-1,59,29,28,-1,60,61,31,-1,31,61,27,-1,62,63,60,-1,60,63,61,-1,64,65,66,-1,66,65,67,-1,37,35,65,-1,65,35,67,-1,66,67,35,-1,68,69,70,-1,27,61,63,-1,70,69,71,-1,69,72,27,-1,27,72,73,-1,27,73,28,-1,63,74,27,-1,27,74,75,-1,27,75,69,-1,69,75,76,-1,69,76,71,-1,77,78,33,-1,33,78,79,-1,33,79,35,-1,35,79,80,-1,35,80,66,-1,33,81,82,-1,83,84,77,-1,33,82,77,-1,77,82,85,-1,77,85,83,-1,68,70,86,-1,86,70,87,-1,86,87,84,-1,84,87,88,-1,84,88,77,-1,73,89,28,-1,28,89,90,-1,28,90,59,-1,59,90,91,-1,59,91,57,-1,57,91,92,-1,57,92,55,-1,55,92,93,-1,55,93,53,-1,53,93,94,-1,53,94,51,-1,51,94,95,-1,51,95,49,-1,49,95,96,-1,49,96,47,-1,47,96,97,-1,47,97,45,-1,45,97,98,-1,45,98,43,-1,43,98,99,-1,43,99,41,-1,41,99,100,-1,41,100,39,-1,39,100,101,-1,39,101,33,-1,33,101,102,-1,33,102,81,-1,31,24,103,-1,103,104,31,-1,31,104,105,-1,31,105,106,-1,60,31,62,-1,62,31,107,-1,65,64,37,-1,37,64,108,-1,37,108,1,-1,1,108,109,-1,1,109,110,-1,111,112,106,-1,106,112,31,-1,31,112,113,-1,31,113,107,-1,110,114,1,-1,1,114,115,-1,1,115,116,-1,116,117,1,-1,1,117,118,-1,1,118,2,-1,2,118,119,-1,2,119,4,-1,4,119,120,-1,4,120,6,-1,6,120,121,-1,6,121,8,-1,8,121,122,-1,8,122,10,-1,10,122,123,-1,10,123,12,-1,12,123,124,-1,12,124,14,-1,14,124,125,-1,14,125,16,-1,16,125,126,-1,16,126,18,-1,18,126,127,-1,18,127,20,-1,20,127,128,-1,20,128,22,-1,22,128,129,-1,22,129,24,-1,24,129,130,-1,24,130,103,-1,111,106,131,-1,131,106,132,-1,131,132,133,-1,133,132,134,-1,133,134,135,-1,135,134,136,-1,135,136,114,-1,114,136,137,-1,114,137,115,-1,63,62,74,-1,74,62,107,-1,74,107,75,-1,75,107,113,-1,75,113,76,-1,76,113,112,-1,76,112,71,-1,71,112,111,-1,71,111,70,-1,70,111,131,-1,70,131,87,-1,87,131,133,-1,87,133,88,-1,88,133,135,-1,88,135,77,-1,77,135,114,-1,77,114,78,-1,78,114,110,-1,78,110,79,-1,79,110,109,-1,79,109,80,-1,80,109,108,-1,80,108,66,-1,66,108,64,-1,96,124,97,-1,97,124,123,-1,97,123,98,-1,98,123,122,-1,98,122,99,-1,99,122,121,-1,99,121,100,-1,100,121,120,-1,100,120,101,-1,101,120,119,-1,101,119,102,-1,102,119,118,-1,102,118,81,-1,81,118,117,-1,81,117,82,-1,82,117,116,-1,82,116,85,-1,85,116,115,-1,85,115,83,-1,83,115,137,-1,83,137,84,-1,84,137,136,-1,84,136,86,-1,86,136,134,-1,86,134,68,-1,68,134,132,-1,68,132,69,-1,69,132,106,-1,69,106,72,-1,72,106,105,-1,72,105,73,-1,73,105,104,-1,73,104,89,-1,89,104,103,-1,89,103,90,-1,90,103,130,-1,90,130,91,-1,91,130,129,-1,91,129,92,-1,92,129,128,-1,92,128,93,-1,93,128,127,-1,93,127,94,-1,94,127,126,-1,94,126,95,-1,95,126,125,-1,95,125,96,-1,96,125,124,-1,138,139,140,-1,138,140,141,-1,141,140,142,-1,141,142,143,-1,143,142,144,-1,143,144,145,-1,145,144,146,-1,145,146,147,-1,147,146,148,-1,147,148,149,-1,149,148,150,-1,149,150,151,-1,151,150,152,-1,151,152,153,-1,153,152,154,-1,153,154,155,-1,155,154,156,-1,155,156,157,-1,157,156,158,-1,157,158,159,-1,159,158,160,-1,159,160,161,-1,161,160,162,-1,161,162,163,-1,164,163,162,-1,165,166,167,-1,167,168,165,-1,165,168,164,-1,165,164,169,-1,169,164,162,-1,170,171,172,-1,172,171,173,-1,172,173,174,-1,174,173,175,-1,174,175,138,-1,138,175,139,-1,171,170,176,-1,171,176,177,-1,177,176,178,-1,177,178,179,-1,179,178,180,-1,179,180,181,-1,181,180,182,-1,181,182,183,-1,183,182,184,-1,183,184,185,-1,185,184,186,-1,185,186,187,-1,187,186,188,-1,187,188,189,-1,189,188,190,-1,189,190,191,-1,191,190,192,-1,191,192,193,-1,193,192,194,-1,193,194,195,-1,195,194,196,-1,195,196,197,-1,197,196,167,-1,197,167,166,-1,198,199,169,-1,169,199,165,-1,200,201,198,-1,198,201,199,-1,202,203,204,-1,204,203,205,-1,175,173,203,-1,203,173,205,-1,204,205,173,-1,206,207,208,-1,209,210,211,-1,207,212,171,-1,171,212,213,-1,171,213,173,-1,173,213,214,-1,173,214,204,-1,208,207,215,-1,215,207,171,-1,215,171,216,-1,199,201,165,-1,165,201,217,-1,165,217,166,-1,166,217,218,-1,166,218,219,-1,208,220,206,-1,206,220,221,-1,206,221,222,-1,222,221,223,-1,222,223,209,-1,209,223,224,-1,209,224,210,-1,211,225,209,-1,209,225,166,-1,209,166,226,-1,226,166,219,-1,225,227,166,-1,166,227,228,-1,166,228,197,-1,197,228,229,-1,197,229,195,-1,195,229,230,-1,195,230,193,-1,193,230,231,-1,193,231,191,-1,191,231,232,-1,191,232,189,-1,189,232,233,-1,189,233,187,-1,187,233,234,-1,187,234,185,-1,185,234,235,-1,185,235,183,-1,183,235,236,-1,183,236,181,-1,181,236,237,-1,181,237,179,-1,179,237,238,-1,179,238,177,-1,177,238,239,-1,177,239,171,-1,171,239,240,-1,171,240,216,-1,200,198,169,-1,241,242,162,-1,243,244,139,-1,162,242,169,-1,169,242,245,-1,169,245,200,-1,203,202,175,-1,175,202,246,-1,175,246,139,-1,139,246,247,-1,139,247,243,-1,248,249,250,-1,251,139,249,-1,249,139,244,-1,249,244,250,-1,241,162,252,-1,252,162,253,-1,252,253,254,-1,254,253,255,-1,254,255,256,-1,256,257,254,-1,254,257,258,-1,254,258,259,-1,259,258,260,-1,259,260,250,-1,250,260,261,-1,250,261,248,-1,251,262,139,-1,139,262,263,-1,139,263,140,-1,140,263,264,-1,140,264,142,-1,142,264,265,-1,142,265,144,-1,144,265,266,-1,144,266,146,-1,146,266,267,-1,146,267,148,-1,148,267,268,-1,148,268,150,-1,150,268,269,-1,150,269,152,-1,152,269,270,-1,152,270,154,-1,154,270,271,-1,154,271,156,-1,156,271,272,-1,156,272,158,-1,158,272,273,-1,158,273,160,-1,160,273,274,-1,160,274,162,-1,162,274,275,-1,162,275,253,-1,201,200,217,-1,217,200,245,-1,217,245,218,-1,218,245,242,-1,218,242,219,-1,219,242,241,-1,219,241,226,-1,226,241,252,-1,226,252,209,-1,209,252,254,-1,209,254,222,-1,222,254,259,-1,222,259,206,-1,206,259,250,-1,206,250,207,-1,207,250,244,-1,207,244,212,-1,212,244,243,-1,212,243,213,-1,213,243,247,-1,213,247,214,-1,214,247,246,-1,214,246,204,-1,204,246,202,-1,234,269,235,-1,235,269,268,-1,235,268,236,-1,236,268,267,-1,236,267,237,-1,237,267,266,-1,237,266,238,-1,238,266,265,-1,238,265,239,-1,239,265,264,-1,239,264,240,-1,240,264,263,-1,240,263,216,-1,216,263,262,-1,216,262,215,-1,215,262,251,-1,215,251,208,-1,208,251,249,-1,208,249,220,-1,220,249,248,-1,220,248,221,-1,221,248,261,-1,221,261,223,-1,223,261,260,-1,223,260,224,-1,224,260,258,-1,224,258,210,-1,210,258,257,-1,210,257,211,-1,211,257,256,-1,211,256,225,-1,225,256,255,-1,225,255,227,-1,227,255,253,-1,227,253,228,-1,228,253,275,-1,228,275,229,-1,229,275,274,-1,229,274,230,-1,230,274,273,-1,230,273,231,-1,231,273,272,-1,231,272,232,-1,232,272,271,-1,232,271,233,-1,233,271,270,-1,233,270,234,-1,234,270,269,-1,276,277,278,-1,276,278,279,-1,279,278,280,-1,279,280,281,-1,281,280,282,-1,281,282,283,-1,283,282,284,-1,283,284,285,-1,285,284,286,-1,285,286,287,-1,287,286,288,-1,287,288,289,-1,289,288,290,-1,289,290,291,-1,291,290,292,-1,291,292,293,-1,293,292,294,-1,293,294,295,-1,295,294,296,-1,295,296,297,-1,297,296,298,-1,297,298,299,-1,299,298,300,-1,299,300,301,-1,302,301,300,-1,303,304,305,-1,305,306,303,-1,303,306,302,-1,303,302,307,-1,307,302,300,-1,308,309,310,-1,310,309,311,-1,310,311,312,-1,312,311,313,-1,312,313,276,-1,276,313,277,-1,309,308,314,-1,309,314,315,-1,315,314,316,-1,315,316,317,-1,317,316,318,-1,317,318,319,-1,319,318,320,-1,319,320,321,-1,321,320,322,-1,321,322,323,-1,323,322,324,-1,323,324,325,-1,325,324,326,-1,325,326,327,-1,327,326,328,-1,327,328,329,-1,329,328,330,-1,329,330,331,-1,331,330,332,-1,331,332,333,-1,333,332,334,-1,333,334,335,-1,335,334,305,-1,335,305,304,-1,336,337,307,-1,307,337,303,-1,338,339,336,-1,336,339,337,-1,340,341,342,-1,342,341,343,-1,313,311,341,-1,341,311,343,-1,344,345,311,-1,346,347,348,-1,348,347,349,-1,343,311,342,-1,342,311,350,-1,303,337,339,-1,339,351,303,-1,303,351,352,-1,303,352,347,-1,347,352,353,-1,347,353,349,-1,347,354,303,-1,303,354,355,-1,303,355,304,-1,346,348,356,-1,356,348,357,-1,356,357,358,-1,358,357,359,-1,358,359,345,-1,359,360,345,-1,345,360,361,-1,345,361,311,-1,311,361,362,-1,311,362,350,-1,355,363,304,-1,304,363,364,-1,304,364,335,-1,335,364,365,-1,335,365,333,-1,333,365,366,-1,333,366,331,-1,331,366,367,-1,331,367,329,-1,329,367,368,-1,329,368,327,-1,327,368,369,-1,327,369,325,-1,325,369,370,-1,325,370,323,-1,323,370,371,-1,323,371,321,-1,321,371,372,-1,321,372,319,-1,319,372,373,-1,319,373,317,-1,317,373,374,-1,317,374,315,-1,315,374,375,-1,315,375,309,-1,375,376,309,-1,309,376,377,-1,309,377,311,-1,311,377,378,-1,311,378,344,-1,379,380,307,-1,381,382,383,-1,381,384,313,-1,313,384,385,-1,313,385,277,-1,386,307,387,-1,387,307,300,-1,388,379,389,-1,389,379,307,-1,389,307,390,-1,390,307,386,-1,380,391,307,-1,307,391,338,-1,307,338,336,-1,313,341,340,-1,388,389,392,-1,392,389,393,-1,392,393,394,-1,394,393,395,-1,394,395,383,-1,383,395,396,-1,383,396,381,-1,340,397,313,-1,313,397,398,-1,313,398,381,-1,381,398,399,-1,381,399,382,-1,385,400,277,-1,277,400,401,-1,277,401,278,-1,278,401,402,-1,278,402,280,-1,280,402,403,-1,280,403,282,-1,282,403,404,-1,282,404,284,-1,284,404,405,-1,284,405,286,-1,286,405,406,-1,286,406,288,-1,288,406,407,-1,288,407,290,-1,290,407,408,-1,290,408,292,-1,292,408,409,-1,292,409,294,-1,294,409,410,-1,294,410,296,-1,296,410,411,-1,296,411,298,-1,298,411,412,-1,298,412,300,-1,300,412,413,-1,300,413,387,-1,339,338,351,-1,351,338,391,-1,351,391,352,-1,352,391,380,-1,352,380,353,-1,353,380,379,-1,353,379,349,-1,349,379,388,-1,349,388,348,-1,348,388,392,-1,348,392,357,-1,357,392,394,-1,357,394,359,-1,359,394,383,-1,359,383,360,-1,360,383,382,-1,360,382,361,-1,361,382,399,-1,361,399,362,-1,362,399,398,-1,362,398,350,-1,350,398,397,-1,350,397,342,-1,342,397,340,-1,370,407,371,-1,371,407,406,-1,371,406,372,-1,372,406,405,-1,372,405,373,-1,373,405,404,-1,373,404,374,-1,374,404,403,-1,374,403,375,-1,375,403,402,-1,375,402,376,-1,376,402,401,-1,376,401,377,-1,377,401,400,-1,377,400,378,-1,378,400,385,-1,378,385,344,-1,344,385,384,-1,344,384,345,-1,345,384,381,-1,345,381,358,-1,358,381,396,-1,358,396,356,-1,356,396,395,-1,356,395,346,-1,346,395,393,-1,346,393,347,-1,347,393,389,-1,347,389,354,-1,354,389,390,-1,354,390,355,-1,355,390,386,-1,355,386,363,-1,363,386,387,-1,363,387,364,-1,364,387,413,-1,364,413,365,-1,365,413,412,-1,365,412,366,-1,366,412,411,-1,366,411,367,-1,367,411,410,-1,367,410,368,-1,368,410,409,-1,368,409,369,-1,369,409,408,-1,369,408,370,-1,370,408,407,-1,414,415,416,-1,414,416,417,-1,417,416,418,-1,417,418,419,-1,419,418,420,-1,419,420,421,-1,421,420,422,-1,421,422,423,-1,423,422,424,-1,423,424,425,-1,425,424,426,-1,425,426,427,-1,427,426,428,-1,427,428,429,-1,429,428,430,-1,429,430,431,-1,431,430,432,-1,431,432,433,-1,433,432,434,-1,433,434,435,-1,435,434,436,-1,435,436,437,-1,437,436,438,-1,437,438,439,-1,440,439,438,-1,441,442,443,-1,443,444,441,-1,441,444,440,-1,441,440,445,-1,445,440,438,-1,446,447,448,-1,448,447,449,-1,448,449,450,-1,450,449,451,-1,450,451,414,-1,414,451,415,-1,447,446,452,-1,447,452,453,-1,453,452,454,-1,453,454,455,-1,455,454,456,-1,455,456,457,-1,457,456,458,-1,457,458,459,-1,459,458,460,-1,459,460,461,-1,461,460,462,-1,461,462,463,-1,463,462,464,-1,463,464,465,-1,465,464,466,-1,465,466,467,-1,467,466,468,-1,467,468,469,-1,469,468,470,-1,469,470,471,-1,471,470,472,-1,471,472,473,-1,473,472,443,-1,473,443,442,-1,474,475,445,-1,445,475,441,-1,476,477,474,-1,474,477,475,-1,478,479,480,-1,480,479,481,-1,451,449,479,-1,479,449,481,-1,482,483,449,-1,484,485,486,-1,486,485,487,-1,481,449,480,-1,480,449,488,-1,475,477,441,-1,441,477,489,-1,441,489,442,-1,442,489,490,-1,442,490,491,-1,484,486,492,-1,492,486,493,-1,492,493,494,-1,494,493,495,-1,494,495,483,-1,495,496,483,-1,483,496,497,-1,483,497,449,-1,449,497,498,-1,449,498,488,-1,487,499,486,-1,486,499,442,-1,486,442,500,-1,500,442,491,-1,499,501,442,-1,442,501,502,-1,442,502,473,-1,473,502,503,-1,473,503,471,-1,471,503,504,-1,471,504,469,-1,469,504,505,-1,469,505,467,-1,467,505,506,-1,467,506,465,-1,465,506,507,-1,465,507,463,-1,463,507,508,-1,463,508,461,-1,461,508,509,-1,461,509,459,-1,459,509,510,-1,459,510,457,-1,457,510,511,-1,457,511,455,-1,455,511,512,-1,455,512,453,-1,453,512,513,-1,453,513,447,-1,513,514,447,-1,447,514,515,-1,447,515,449,-1,449,515,516,-1,449,516,482,-1,517,518,519,-1,474,445,476,-1,476,445,520,-1,520,445,521,-1,521,445,438,-1,521,438,522,-1,451,479,478,-1,478,523,451,-1,451,523,524,-1,451,524,517,-1,517,524,525,-1,517,525,518,-1,526,527,528,-1,528,527,529,-1,528,529,530,-1,530,529,531,-1,530,531,519,-1,519,531,532,-1,519,532,517,-1,517,533,451,-1,451,533,534,-1,451,534,415,-1,534,535,415,-1,415,535,536,-1,415,536,416,-1,416,536,537,-1,416,537,418,-1,418,537,538,-1,418,538,420,-1,420,538,539,-1,420,539,422,-1,422,539,540,-1,422,540,424,-1,424,540,541,-1,424,541,426,-1,426,541,542,-1,426,542,428,-1,428,542,543,-1,428,543,430,-1,430,543,544,-1,430,544,432,-1,432,544,545,-1,432,545,434,-1,434,545,546,-1,434,546,436,-1,436,546,547,-1,436,547,438,-1,438,547,548,-1,438,548,549,-1,522,438,550,-1,550,438,549,-1,550,549,528,-1,528,549,551,-1,528,551,526,-1,477,476,489,-1,489,476,520,-1,489,520,490,-1,490,520,521,-1,490,521,491,-1,491,521,522,-1,491,522,500,-1,500,522,550,-1,500,550,486,-1,486,550,528,-1,486,528,493,-1,493,528,530,-1,493,530,495,-1,495,530,519,-1,495,519,496,-1,496,519,518,-1,496,518,497,-1,497,518,525,-1,497,525,498,-1,498,525,524,-1,498,524,488,-1,488,524,523,-1,488,523,480,-1,480,523,478,-1,508,542,509,-1,509,542,541,-1,509,541,510,-1,510,541,540,-1,510,540,511,-1,511,540,539,-1,511,539,512,-1,512,539,538,-1,512,538,513,-1,513,538,537,-1,513,537,514,-1,514,537,536,-1,514,536,515,-1,515,536,535,-1,515,535,516,-1,516,535,534,-1,516,534,482,-1,482,534,533,-1,482,533,483,-1,483,533,517,-1,483,517,494,-1,494,517,532,-1,494,532,492,-1,492,532,531,-1,492,531,484,-1,484,531,529,-1,484,529,485,-1,485,529,527,-1,485,527,487,-1,487,527,526,-1,487,526,499,-1,499,526,551,-1,499,551,501,-1,501,551,549,-1,501,549,502,-1,502,549,548,-1,502,548,503,-1,503,548,547,-1,503,547,504,-1,504,547,546,-1,504,546,505,-1,505,546,545,-1,505,545,506,-1,506,545,544,-1,506,544,507,-1,507,544,543,-1,507,543,508,-1,508,543,542,-1,552,553,554,-1,552,554,555,-1,555,554,556,-1,555,556,557,-1,557,556,558,-1,557,558,559,-1,559,558,560,-1,559,560,561,-1,561,560,562,-1,561,562,563,-1,563,562,564,-1,563,564,565,-1,565,564,566,-1,565,566,567,-1,567,566,568,-1,567,568,569,-1,569,568,570,-1,569,570,571,-1,571,570,572,-1,571,572,573,-1,573,572,574,-1,573,574,575,-1,575,574,576,-1,575,576,577,-1,578,577,576,-1,579,580,581,-1,581,582,579,-1,579,582,578,-1,579,578,583,-1,583,578,576,-1,584,585,586,-1,586,585,587,-1,586,587,588,-1,588,587,589,-1,588,589,552,-1,552,589,553,-1,585,584,590,-1,585,590,591,-1,591,590,592,-1,591,592,593,-1,593,592,594,-1,593,594,595,-1,595,594,596,-1,595,596,597,-1,597,596,598,-1,597,598,599,-1,599,598,600,-1,599,600,601,-1,601,600,602,-1,601,602,603,-1,603,602,604,-1,603,604,605,-1,605,604,606,-1,605,606,607,-1,607,606,608,-1,607,608,609,-1,609,608,610,-1,609,610,611,-1,611,610,581,-1,611,581,580,-1,612,613,583,-1,583,613,579,-1,614,615,612,-1,612,615,613,-1,616,617,618,-1,618,617,619,-1,589,587,617,-1,617,587,619,-1,620,621,587,-1,622,623,624,-1,624,623,625,-1,619,587,618,-1,618,587,626,-1,613,615,579,-1,579,615,627,-1,579,627,580,-1,580,627,628,-1,580,628,629,-1,622,624,630,-1,630,624,631,-1,630,631,632,-1,632,631,633,-1,632,633,621,-1,633,634,621,-1,621,634,635,-1,621,635,587,-1,587,635,636,-1,587,636,626,-1,625,637,624,-1,624,637,580,-1,624,580,638,-1,638,580,629,-1,637,639,580,-1,580,639,640,-1,580,640,611,-1,611,640,641,-1,611,641,609,-1,609,641,642,-1,609,642,607,-1,607,642,643,-1,607,643,605,-1,605,643,644,-1,605,644,603,-1,603,644,645,-1,603,645,601,-1,601,645,646,-1,601,646,599,-1,599,646,647,-1,599,647,597,-1,597,647,648,-1,597,648,595,-1,595,648,649,-1,595,649,593,-1,593,649,650,-1,593,650,591,-1,591,650,651,-1,591,651,585,-1,651,652,585,-1,585,652,653,-1,585,653,587,-1,587,653,654,-1,587,654,620,-1,612,583,614,-1,614,583,655,-1,656,657,658,-1,655,583,659,-1,659,583,576,-1,659,576,660,-1,589,617,616,-1,661,662,663,-1,663,662,664,-1,663,664,665,-1,665,664,666,-1,665,666,658,-1,658,666,667,-1,658,667,656,-1,616,668,589,-1,589,668,669,-1,589,669,656,-1,656,669,670,-1,656,670,657,-1,656,671,589,-1,589,671,672,-1,589,672,553,-1,660,576,673,-1,673,576,674,-1,673,674,663,-1,663,674,675,-1,663,675,661,-1,672,676,553,-1,553,676,677,-1,553,677,554,-1,554,677,678,-1,554,678,556,-1,556,678,679,-1,556,679,558,-1,558,679,680,-1,558,680,560,-1,560,680,681,-1,560,681,562,-1,562,681,682,-1,562,682,564,-1,564,682,683,-1,564,683,566,-1,566,683,684,-1,566,684,568,-1,568,684,685,-1,568,685,570,-1,570,685,686,-1,570,686,572,-1,572,686,687,-1,572,687,574,-1,574,687,688,-1,574,688,576,-1,576,688,689,-1,576,689,674,-1,615,614,627,-1,627,614,655,-1,627,655,628,-1,628,655,659,-1,628,659,629,-1,629,659,660,-1,629,660,638,-1,638,660,673,-1,638,673,624,-1,624,673,663,-1,624,663,631,-1,631,663,665,-1,631,665,633,-1,633,665,658,-1,633,658,634,-1,634,658,657,-1,634,657,635,-1,635,657,670,-1,635,670,636,-1,636,670,669,-1,636,669,626,-1,626,669,668,-1,626,668,618,-1,618,668,616,-1,646,683,647,-1,647,683,682,-1,647,682,648,-1,648,682,681,-1,648,681,649,-1,649,681,680,-1,649,680,650,-1,650,680,679,-1,650,679,651,-1,651,679,678,-1,651,678,652,-1,652,678,677,-1,652,677,653,-1,653,677,676,-1,653,676,654,-1,654,676,672,-1,654,672,620,-1,620,672,671,-1,620,671,621,-1,621,671,656,-1,621,656,632,-1,632,656,667,-1,632,667,630,-1,630,667,666,-1,630,666,622,-1,622,666,664,-1,622,664,623,-1,623,664,662,-1,623,662,625,-1,625,662,661,-1,625,661,637,-1,637,661,675,-1,637,675,639,-1,639,675,674,-1,639,674,640,-1,640,674,689,-1,640,689,641,-1,641,689,688,-1,641,688,642,-1,642,688,687,-1,642,687,643,-1,643,687,686,-1,643,686,644,-1,644,686,685,-1,644,685,645,-1,645,685,684,-1,645,684,646,-1,646,684,683,-1,690,691,692,-1,690,692,693,-1,693,692,694,-1,693,694,695,-1,695,694,696,-1,695,696,697,-1,697,696,698,-1,697,698,699,-1,699,698,700,-1,699,700,701,-1,701,700,702,-1,701,702,703,-1,703,702,704,-1,703,704,705,-1,705,704,706,-1,705,706,707,-1,707,706,708,-1,707,708,709,-1,709,708,710,-1,709,710,711,-1,711,710,712,-1,711,712,713,-1,713,712,714,-1,713,714,715,-1,716,715,714,-1,717,718,719,-1,719,720,717,-1,717,720,716,-1,717,716,721,-1,721,716,714,-1,722,723,724,-1,724,723,725,-1,724,725,726,-1,726,725,727,-1,726,727,690,-1,690,727,691,-1,723,722,728,-1,723,728,729,-1,729,728,730,-1,729,730,731,-1,731,730,732,-1,731,732,733,-1,733,732,734,-1,733,734,735,-1,735,734,736,-1,735,736,737,-1,737,736,738,-1,737,738,739,-1,739,738,740,-1,739,740,741,-1,741,740,742,-1,741,742,743,-1,743,742,744,-1,743,744,745,-1,745,744,746,-1,745,746,747,-1,747,746,748,-1,747,748,749,-1,749,748,719,-1,749,719,718,-1,750,751,721,-1,721,751,717,-1,752,753,750,-1,750,753,751,-1,754,755,756,-1,756,755,757,-1,727,725,755,-1,755,725,757,-1,758,759,725,-1,760,761,762,-1,762,761,763,-1,757,725,756,-1,756,725,764,-1,751,753,717,-1,717,753,765,-1,717,765,718,-1,718,765,766,-1,718,766,767,-1,760,762,768,-1,768,762,769,-1,768,769,770,-1,770,769,771,-1,770,771,759,-1,771,772,759,-1,759,772,773,-1,759,773,725,-1,725,773,774,-1,725,774,764,-1,763,775,762,-1,762,775,718,-1,762,718,776,-1,776,718,767,-1,775,777,718,-1,718,777,778,-1,718,778,749,-1,749,778,779,-1,749,779,747,-1,747,779,780,-1,747,780,745,-1,745,780,781,-1,745,781,743,-1,743,781,782,-1,743,782,741,-1,741,782,783,-1,741,783,739,-1,739,783,784,-1,739,784,737,-1,737,784,785,-1,737,785,735,-1,735,785,786,-1,735,786,733,-1,733,786,787,-1,733,787,731,-1,731,787,788,-1,731,788,729,-1,729,788,789,-1,729,789,723,-1,789,790,723,-1,723,790,791,-1,723,791,725,-1,725,791,792,-1,725,792,758,-1,793,794,795,-1,750,721,752,-1,752,721,796,-1,796,721,797,-1,797,721,714,-1,797,714,798,-1,727,755,754,-1,754,799,727,-1,727,799,800,-1,727,800,793,-1,793,800,801,-1,793,801,794,-1,802,803,804,-1,804,803,805,-1,804,805,806,-1,806,805,807,-1,806,807,795,-1,795,807,808,-1,795,808,793,-1,793,809,727,-1,727,809,810,-1,727,810,691,-1,810,811,691,-1,691,811,812,-1,691,812,692,-1,692,812,813,-1,692,813,694,-1,694,813,814,-1,694,814,696,-1,696,814,815,-1,696,815,698,-1,698,815,816,-1,698,816,700,-1,700,816,817,-1,700,817,702,-1,702,817,818,-1,702,818,704,-1,704,818,819,-1,704,819,706,-1,706,819,820,-1,706,820,708,-1,708,820,821,-1,708,821,710,-1,710,821,822,-1,710,822,712,-1,712,822,823,-1,712,823,714,-1,714,823,824,-1,714,824,825,-1,798,714,826,-1,826,714,825,-1,826,825,804,-1,804,825,827,-1,804,827,802,-1,753,752,765,-1,765,752,796,-1,765,796,766,-1,766,796,797,-1,766,797,767,-1,767,797,798,-1,767,798,776,-1,776,798,826,-1,776,826,762,-1,762,826,804,-1,762,804,769,-1,769,804,806,-1,769,806,771,-1,771,806,795,-1,771,795,772,-1,772,795,794,-1,772,794,773,-1,773,794,801,-1,773,801,774,-1,774,801,800,-1,774,800,764,-1,764,800,799,-1,764,799,756,-1,756,799,754,-1,784,818,785,-1,785,818,817,-1,785,817,786,-1,786,817,816,-1,786,816,787,-1,787,816,815,-1,787,815,788,-1,788,815,814,-1,788,814,789,-1,789,814,813,-1,789,813,790,-1,790,813,812,-1,790,812,791,-1,791,812,811,-1,791,811,792,-1,792,811,810,-1,792,810,758,-1,758,810,809,-1,758,809,759,-1,759,809,793,-1,759,793,770,-1,770,793,808,-1,770,808,768,-1,768,808,807,-1,768,807,760,-1,760,807,805,-1,760,805,761,-1,761,805,803,-1,761,803,763,-1,763,803,802,-1,763,802,775,-1,775,802,827,-1,775,827,777,-1,777,827,825,-1,777,825,778,-1,778,825,824,-1,778,824,779,-1,779,824,823,-1,779,823,780,-1,780,823,822,-1,780,822,781,-1,781,822,821,-1,781,821,782,-1,782,821,820,-1,782,820,783,-1,783,820,819,-1,783,819,784,-1,784,819,818,-1,828,829,830,-1,828,830,831,-1,831,830,832,-1,831,832,833,-1,833,832,834,-1,833,834,835,-1,835,834,836,-1,835,836,837,-1,837,836,838,-1,837,838,839,-1,839,838,840,-1,839,840,841,-1,841,840,842,-1,841,842,843,-1,843,842,844,-1,843,844,845,-1,845,844,846,-1,845,846,847,-1,847,846,848,-1,847,848,849,-1,849,848,850,-1,849,850,851,-1,851,850,852,-1,851,852,853,-1,854,853,852,-1,855,856,857,-1,857,858,855,-1,855,858,854,-1,855,854,859,-1,859,854,852,-1,860,861,862,-1,862,861,863,-1,862,863,864,-1,864,863,865,-1,864,865,828,-1,828,865,829,-1,861,860,866,-1,861,866,867,-1,867,866,868,-1,867,868,869,-1,869,868,870,-1,869,870,871,-1,871,870,872,-1,871,872,873,-1,873,872,874,-1,873,874,875,-1,875,874,876,-1,875,876,877,-1,877,876,878,-1,877,878,879,-1,879,878,880,-1,879,880,881,-1,881,880,882,-1,881,882,883,-1,883,882,884,-1,883,884,885,-1,885,884,886,-1,885,886,887,-1,887,886,857,-1,887,857,856,-1,888,889,859,-1,859,889,855,-1,890,891,888,-1,888,891,889,-1,892,893,894,-1,894,893,895,-1,865,863,893,-1,893,863,895,-1,896,897,863,-1,898,899,900,-1,900,899,901,-1,895,863,894,-1,894,863,902,-1,889,891,855,-1,855,891,903,-1,855,903,856,-1,856,903,904,-1,856,904,905,-1,898,900,906,-1,906,900,907,-1,906,907,908,-1,908,907,909,-1,908,909,897,-1,909,910,897,-1,897,910,911,-1,897,911,863,-1,863,911,912,-1,863,912,902,-1,901,913,900,-1,900,913,856,-1,900,856,914,-1,914,856,905,-1,913,915,856,-1,856,915,916,-1,856,916,887,-1,887,916,917,-1,887,917,885,-1,885,917,918,-1,885,918,883,-1,883,918,919,-1,883,919,881,-1,881,919,920,-1,881,920,879,-1,879,920,921,-1,879,921,877,-1,877,921,922,-1,877,922,875,-1,875,922,923,-1,875,923,873,-1,873,923,924,-1,873,924,871,-1,871,924,925,-1,871,925,869,-1,869,925,926,-1,869,926,867,-1,867,926,927,-1,867,927,861,-1,927,928,861,-1,861,928,929,-1,861,929,863,-1,863,929,930,-1,863,930,896,-1,890,888,859,-1,931,932,852,-1,852,932,859,-1,859,932,933,-1,859,933,890,-1,934,935,936,-1,934,937,865,-1,865,937,938,-1,865,938,829,-1,865,893,892,-1,939,940,941,-1,941,940,942,-1,941,942,943,-1,943,942,944,-1,943,944,936,-1,936,944,945,-1,936,945,934,-1,892,946,865,-1,865,946,947,-1,865,947,934,-1,934,947,948,-1,934,948,935,-1,938,949,829,-1,829,949,950,-1,829,950,830,-1,830,950,951,-1,830,951,832,-1,832,951,952,-1,832,952,834,-1,834,952,953,-1,834,953,836,-1,836,953,954,-1,836,954,838,-1,838,954,955,-1,838,955,840,-1,840,955,956,-1,840,956,842,-1,842,956,957,-1,842,957,844,-1,844,957,958,-1,844,958,846,-1,846,958,959,-1,846,959,848,-1,848,959,960,-1,848,960,850,-1,850,960,961,-1,850,961,852,-1,852,961,962,-1,852,962,963,-1,931,852,964,-1,964,852,963,-1,964,963,941,-1,941,963,965,-1,941,965,939,-1,891,890,903,-1,903,890,933,-1,903,933,904,-1,904,933,932,-1,904,932,905,-1,905,932,931,-1,905,931,914,-1,914,931,964,-1,914,964,900,-1,900,964,941,-1,900,941,907,-1,907,941,943,-1,907,943,909,-1,909,943,936,-1,909,936,910,-1,910,936,935,-1,910,935,911,-1,911,935,948,-1,911,948,912,-1,912,948,947,-1,912,947,902,-1,902,947,946,-1,902,946,894,-1,894,946,892,-1,922,956,923,-1,923,956,955,-1,923,955,924,-1,924,955,954,-1,924,954,925,-1,925,954,953,-1,925,953,926,-1,926,953,952,-1,926,952,927,-1,927,952,951,-1,927,951,928,-1,928,951,950,-1,928,950,929,-1,929,950,949,-1,929,949,930,-1,930,949,938,-1,930,938,896,-1,896,938,937,-1,896,937,897,-1,897,937,934,-1,897,934,908,-1,908,934,945,-1,908,945,906,-1,906,945,944,-1,906,944,898,-1,898,944,942,-1,898,942,899,-1,899,942,940,-1,899,940,901,-1,901,940,939,-1,901,939,913,-1,913,939,965,-1,913,965,915,-1,915,965,963,-1,915,963,916,-1,916,963,962,-1,916,962,917,-1,917,962,961,-1,917,961,918,-1,918,961,960,-1,918,960,919,-1,919,960,959,-1,919,959,920,-1,920,959,958,-1,920,958,921,-1,921,958,957,-1,921,957,922,-1,922,957,956,-1,966,967,968,-1,966,968,969,-1,969,968,970,-1,969,970,971,-1,971,970,972,-1,971,972,973,-1,973,972,974,-1,973,974,975,-1,975,974,976,-1,975,976,977,-1,977,976,978,-1,977,978,979,-1,979,978,980,-1,979,980,981,-1,981,980,982,-1,981,982,983,-1,983,982,984,-1,983,984,985,-1,985,984,986,-1,985,986,987,-1,987,986,988,-1,987,988,989,-1,989,988,990,-1,989,990,991,-1,992,991,990,-1,993,994,995,-1,995,996,993,-1,993,996,992,-1,993,992,997,-1,997,992,990,-1,998,999,1000,-1,1000,999,1001,-1,1000,1001,1002,-1,1002,1001,1003,-1,1002,1003,966,-1,966,1003,967,-1,999,998,1004,-1,999,1004,1005,-1,1005,1004,1006,-1,1005,1006,1007,-1,1007,1006,1008,-1,1007,1008,1009,-1,1009,1008,1010,-1,1009,1010,1011,-1,1011,1010,1012,-1,1011,1012,1013,-1,1013,1012,1014,-1,1013,1014,1015,-1,1015,1014,1016,-1,1015,1016,1017,-1,1017,1016,1018,-1,1017,1018,1019,-1,1019,1018,1020,-1,1019,1020,1021,-1,1021,1020,1022,-1,1021,1022,1023,-1,1023,1022,1024,-1,1023,1024,1025,-1,1025,1024,995,-1,1025,995,994,-1,1026,1027,997,-1,997,1027,993,-1,1028,1029,1026,-1,1026,1029,1027,-1,1030,1031,1032,-1,1032,1031,1033,-1,1003,1001,1031,-1,1031,1001,1033,-1,1034,1035,1036,-1,1036,1035,1037,-1,1038,1039,1001,-1,993,1027,1029,-1,1033,1001,1032,-1,1032,1001,1040,-1,1035,1041,993,-1,993,1041,1042,-1,993,1042,994,-1,1029,1043,993,-1,993,1043,1044,-1,993,1044,1035,-1,1035,1044,1045,-1,1035,1045,1037,-1,1034,1036,1046,-1,1046,1036,1047,-1,1046,1047,1048,-1,1048,1047,1049,-1,1048,1049,1039,-1,1049,1050,1039,-1,1039,1050,1051,-1,1039,1051,1001,-1,1001,1051,1052,-1,1001,1052,1040,-1,1042,1053,994,-1,994,1053,1054,-1,994,1054,1025,-1,1025,1054,1055,-1,1025,1055,1023,-1,1023,1055,1056,-1,1023,1056,1021,-1,1021,1056,1057,-1,1021,1057,1019,-1,1019,1057,1058,-1,1019,1058,1017,-1,1017,1058,1059,-1,1017,1059,1015,-1,1015,1059,1060,-1,1015,1060,1013,-1,1013,1060,1061,-1,1013,1061,1011,-1,1011,1061,1062,-1,1011,1062,1009,-1,1009,1062,1063,-1,1009,1063,1007,-1,1007,1063,1064,-1,1007,1064,1005,-1,1005,1064,1065,-1,1005,1065,999,-1,1065,1066,999,-1,999,1066,1067,-1,999,1067,1001,-1,1001,1067,1068,-1,1001,1068,1038,-1,997,990,1069,-1,1069,1070,997,-1,997,1070,1071,-1,997,1071,1072,-1,1073,1074,1072,-1,1026,997,1028,-1,1028,997,1075,-1,1076,1077,1078,-1,1076,1079,1003,-1,1003,1079,1080,-1,1003,1080,967,-1,1072,1074,997,-1,997,1074,1081,-1,997,1081,1075,-1,1003,1031,1030,-1,1073,1072,1082,-1,1082,1072,1083,-1,1082,1083,1084,-1,1084,1083,1085,-1,1084,1085,1078,-1,1078,1085,1086,-1,1078,1086,1076,-1,1030,1087,1003,-1,1003,1087,1088,-1,1003,1088,1076,-1,1076,1088,1089,-1,1076,1089,1077,-1,1080,1090,967,-1,967,1090,1091,-1,967,1091,968,-1,968,1091,1092,-1,968,1092,970,-1,970,1092,1093,-1,970,1093,972,-1,972,1093,1094,-1,972,1094,974,-1,974,1094,1095,-1,974,1095,976,-1,976,1095,1096,-1,976,1096,978,-1,978,1096,1097,-1,978,1097,980,-1,980,1097,1098,-1,980,1098,982,-1,982,1098,1099,-1,982,1099,984,-1,984,1099,1100,-1,984,1100,986,-1,986,1100,1101,-1,986,1101,988,-1,988,1101,1102,-1,988,1102,990,-1,990,1102,1103,-1,990,1103,1069,-1,1029,1028,1043,-1,1043,1028,1075,-1,1043,1075,1044,-1,1044,1075,1081,-1,1044,1081,1045,-1,1045,1081,1074,-1,1045,1074,1037,-1,1037,1074,1073,-1,1037,1073,1036,-1,1036,1073,1082,-1,1036,1082,1047,-1,1047,1082,1084,-1,1047,1084,1049,-1,1049,1084,1078,-1,1049,1078,1050,-1,1050,1078,1077,-1,1050,1077,1051,-1,1051,1077,1089,-1,1051,1089,1052,-1,1052,1089,1088,-1,1052,1088,1040,-1,1040,1088,1087,-1,1040,1087,1032,-1,1032,1087,1030,-1,1060,1097,1061,-1,1061,1097,1096,-1,1061,1096,1062,-1,1062,1096,1095,-1,1062,1095,1063,-1,1063,1095,1094,-1,1063,1094,1064,-1,1064,1094,1093,-1,1064,1093,1065,-1,1065,1093,1092,-1,1065,1092,1066,-1,1066,1092,1091,-1,1066,1091,1067,-1,1067,1091,1090,-1,1067,1090,1068,-1,1068,1090,1080,-1,1068,1080,1038,-1,1038,1080,1079,-1,1038,1079,1039,-1,1039,1079,1076,-1,1039,1076,1048,-1,1048,1076,1086,-1,1048,1086,1046,-1,1046,1086,1085,-1,1046,1085,1034,-1,1034,1085,1083,-1,1034,1083,1035,-1,1035,1083,1072,-1,1035,1072,1041,-1,1041,1072,1071,-1,1041,1071,1042,-1,1042,1071,1070,-1,1042,1070,1053,-1,1053,1070,1069,-1,1053,1069,1054,-1,1054,1069,1103,-1,1054,1103,1055,-1,1055,1103,1102,-1,1055,1102,1056,-1,1056,1102,1101,-1,1056,1101,1057,-1,1057,1101,1100,-1,1057,1100,1058,-1,1058,1100,1099,-1,1058,1099,1059,-1,1059,1099,1098,-1,1059,1098,1060,-1,1060,1098,1097,-1,1104,1105,1106,-1,1104,1106,1107,-1,1107,1106,1108,-1,1107,1108,1109,-1,1109,1108,1110,-1,1109,1110,1111,-1,1111,1110,1112,-1,1111,1112,1113,-1,1113,1112,1114,-1,1113,1114,1115,-1,1115,1114,1116,-1,1115,1116,1117,-1,1117,1116,1118,-1,1117,1118,1119,-1,1119,1118,1120,-1,1119,1120,1121,-1,1121,1120,1122,-1,1121,1122,1123,-1,1123,1122,1124,-1,1123,1124,1125,-1,1125,1124,1126,-1,1125,1126,1127,-1,1127,1126,1128,-1,1127,1128,1129,-1,1130,1129,1128,-1,1131,1132,1133,-1,1133,1134,1131,-1,1131,1134,1130,-1,1131,1130,1135,-1,1135,1130,1128,-1,1136,1137,1138,-1,1138,1137,1139,-1,1138,1139,1140,-1,1140,1139,1141,-1,1140,1141,1104,-1,1104,1141,1105,-1,1137,1136,1142,-1,1137,1142,1143,-1,1143,1142,1144,-1,1143,1144,1145,-1,1145,1144,1146,-1,1145,1146,1147,-1,1147,1146,1148,-1,1147,1148,1149,-1,1149,1148,1150,-1,1149,1150,1151,-1,1151,1150,1152,-1,1151,1152,1153,-1,1153,1152,1154,-1,1153,1154,1155,-1,1155,1154,1156,-1,1155,1156,1157,-1,1157,1156,1158,-1,1157,1158,1159,-1,1159,1158,1160,-1,1159,1160,1161,-1,1161,1160,1162,-1,1161,1162,1163,-1,1163,1162,1133,-1,1163,1133,1132,-1,1164,1165,1135,-1,1135,1165,1131,-1,1166,1167,1164,-1,1164,1167,1165,-1,1168,1169,1170,-1,1170,1169,1171,-1,1141,1139,1169,-1,1169,1139,1171,-1,1170,1171,1139,-1,1172,1173,1174,-1,1131,1165,1167,-1,1174,1173,1175,-1,1173,1176,1131,-1,1131,1176,1177,-1,1131,1177,1132,-1,1167,1178,1131,-1,1131,1178,1179,-1,1131,1179,1173,-1,1173,1179,1180,-1,1173,1180,1175,-1,1181,1182,1137,-1,1137,1182,1183,-1,1137,1183,1139,-1,1139,1183,1184,-1,1139,1184,1170,-1,1137,1185,1186,-1,1187,1188,1181,-1,1137,1186,1181,-1,1181,1186,1189,-1,1181,1189,1187,-1,1172,1174,1190,-1,1190,1174,1191,-1,1190,1191,1188,-1,1188,1191,1192,-1,1188,1192,1181,-1,1177,1193,1132,-1,1132,1193,1194,-1,1132,1194,1163,-1,1163,1194,1195,-1,1163,1195,1161,-1,1161,1195,1196,-1,1161,1196,1159,-1,1159,1196,1197,-1,1159,1197,1157,-1,1157,1197,1198,-1,1157,1198,1155,-1,1155,1198,1199,-1,1155,1199,1153,-1,1153,1199,1200,-1,1153,1200,1151,-1,1151,1200,1201,-1,1151,1201,1149,-1,1149,1201,1202,-1,1149,1202,1147,-1,1147,1202,1203,-1,1147,1203,1145,-1,1145,1203,1204,-1,1145,1204,1143,-1,1143,1204,1205,-1,1143,1205,1137,-1,1137,1205,1206,-1,1137,1206,1185,-1,1135,1128,1207,-1,1207,1208,1135,-1,1135,1208,1209,-1,1135,1209,1210,-1,1164,1135,1166,-1,1166,1135,1211,-1,1169,1168,1141,-1,1141,1168,1212,-1,1141,1212,1105,-1,1105,1212,1213,-1,1105,1213,1214,-1,1215,1216,1210,-1,1210,1216,1135,-1,1135,1216,1217,-1,1135,1217,1211,-1,1214,1218,1105,-1,1105,1218,1219,-1,1105,1219,1220,-1,1220,1221,1105,-1,1105,1221,1222,-1,1105,1222,1106,-1,1106,1222,1223,-1,1106,1223,1108,-1,1108,1223,1224,-1,1108,1224,1110,-1,1110,1224,1225,-1,1110,1225,1112,-1,1112,1225,1226,-1,1112,1226,1114,-1,1114,1226,1227,-1,1114,1227,1116,-1,1116,1227,1228,-1,1116,1228,1118,-1,1118,1228,1229,-1,1118,1229,1120,-1,1120,1229,1230,-1,1120,1230,1122,-1,1122,1230,1231,-1,1122,1231,1124,-1,1124,1231,1232,-1,1124,1232,1126,-1,1126,1232,1233,-1,1126,1233,1128,-1,1128,1233,1234,-1,1128,1234,1207,-1,1215,1210,1235,-1,1235,1210,1236,-1,1235,1236,1237,-1,1237,1236,1238,-1,1237,1238,1239,-1,1239,1238,1240,-1,1239,1240,1218,-1,1218,1240,1241,-1,1218,1241,1219,-1,1167,1166,1178,-1,1178,1166,1211,-1,1178,1211,1179,-1,1179,1211,1217,-1,1179,1217,1180,-1,1180,1217,1216,-1,1180,1216,1175,-1,1175,1216,1215,-1,1175,1215,1174,-1,1174,1215,1235,-1,1174,1235,1191,-1,1191,1235,1237,-1,1191,1237,1192,-1,1192,1237,1239,-1,1192,1239,1181,-1,1181,1239,1218,-1,1181,1218,1182,-1,1182,1218,1214,-1,1182,1214,1183,-1,1183,1214,1213,-1,1183,1213,1184,-1,1184,1213,1212,-1,1184,1212,1170,-1,1170,1212,1168,-1,1200,1228,1201,-1,1201,1228,1227,-1,1201,1227,1202,-1,1202,1227,1226,-1,1202,1226,1203,-1,1203,1226,1225,-1,1203,1225,1204,-1,1204,1225,1224,-1,1204,1224,1205,-1,1205,1224,1223,-1,1205,1223,1206,-1,1206,1223,1222,-1,1206,1222,1185,-1,1185,1222,1221,-1,1185,1221,1186,-1,1186,1221,1220,-1,1186,1220,1189,-1,1189,1220,1219,-1,1189,1219,1187,-1,1187,1219,1241,-1,1187,1241,1188,-1,1188,1241,1240,-1,1188,1240,1190,-1,1190,1240,1238,-1,1190,1238,1172,-1,1172,1238,1236,-1,1172,1236,1173,-1,1173,1236,1210,-1,1173,1210,1176,-1,1176,1210,1209,-1,1176,1209,1177,-1,1177,1209,1208,-1,1177,1208,1193,-1,1193,1208,1207,-1,1193,1207,1194,-1,1194,1207,1234,-1,1194,1234,1195,-1,1195,1234,1233,-1,1195,1233,1196,-1,1196,1233,1232,-1,1196,1232,1197,-1,1197,1232,1231,-1,1197,1231,1198,-1,1198,1231,1230,-1,1198,1230,1199,-1,1199,1230,1229,-1,1199,1229,1200,-1,1200,1229,1228,-1,1242,1243,1244,-1,1242,1244,1245,-1,1245,1244,1246,-1,1245,1246,1247,-1,1247,1246,1248,-1,1247,1248,1249,-1,1249,1248,1250,-1,1249,1250,1251,-1,1251,1250,1252,-1,1251,1252,1253,-1,1253,1252,1254,-1,1253,1254,1255,-1,1255,1254,1256,-1,1255,1256,1257,-1,1257,1256,1258,-1,1257,1258,1259,-1,1259,1258,1260,-1,1259,1260,1261,-1,1261,1260,1262,-1,1261,1262,1263,-1,1263,1262,1264,-1,1263,1264,1265,-1,1265,1264,1266,-1,1265,1266,1267,-1,1268,1267,1266,-1,1269,1270,1271,-1,1271,1272,1269,-1,1269,1272,1268,-1,1269,1268,1273,-1,1273,1268,1266,-1,1274,1275,1276,-1,1276,1275,1277,-1,1276,1277,1278,-1,1278,1277,1279,-1,1278,1279,1242,-1,1242,1279,1243,-1,1269,1280,1281,-1,1275,1282,1277,-1,1277,1282,1283,-1,1277,1283,1284,-1,1269,1281,1270,-1,1285,1286,1277,-1,1287,1288,1289,-1,1281,1290,1270,-1,1270,1290,1291,-1,1270,1291,1292,-1,1292,1291,1293,-1,1292,1293,1294,-1,1294,1293,1295,-1,1294,1295,1296,-1,1296,1295,1297,-1,1296,1297,1298,-1,1298,1297,1299,-1,1298,1299,1300,-1,1300,1299,1301,-1,1300,1301,1302,-1,1302,1301,1303,-1,1302,1303,1304,-1,1304,1303,1305,-1,1304,1305,1306,-1,1306,1305,1307,-1,1306,1307,1308,-1,1308,1307,1309,-1,1308,1309,1310,-1,1310,1309,1311,-1,1310,1311,1312,-1,1312,1311,1313,-1,1312,1313,1275,-1,1275,1313,1314,-1,1275,1314,1282,-1,1288,1287,1315,-1,1315,1287,1316,-1,1315,1316,1317,-1,1317,1316,1318,-1,1317,1318,1319,-1,1269,1320,1321,-1,1289,1285,1287,-1,1287,1285,1277,-1,1287,1277,1322,-1,1322,1277,1284,-1,1286,1323,1277,-1,1277,1323,1324,-1,1277,1324,1325,-1,1326,1327,1269,-1,1269,1327,1328,-1,1269,1328,1320,-1,1280,1269,1329,-1,1329,1269,1321,-1,1329,1321,1318,-1,1318,1321,1330,-1,1318,1330,1319,-1,1275,1274,1331,-1,1275,1331,1312,-1,1312,1331,1332,-1,1312,1332,1310,-1,1310,1332,1333,-1,1310,1333,1308,-1,1308,1333,1334,-1,1308,1334,1306,-1,1306,1334,1335,-1,1306,1335,1304,-1,1304,1335,1336,-1,1304,1336,1302,-1,1302,1336,1337,-1,1302,1337,1300,-1,1300,1337,1338,-1,1300,1338,1298,-1,1298,1338,1339,-1,1298,1339,1296,-1,1296,1339,1340,-1,1296,1340,1294,-1,1294,1340,1341,-1,1294,1341,1292,-1,1292,1341,1271,-1,1292,1271,1270,-1,1342,1326,1273,-1,1273,1326,1269,-1,1343,1327,1342,-1,1342,1327,1326,-1,1344,1345,1324,-1,1324,1345,1325,-1,1279,1277,1345,-1,1345,1277,1325,-1,1346,1347,1279,-1,1279,1347,1348,-1,1279,1348,1243,-1,1266,1349,1273,-1,1273,1349,1350,-1,1273,1350,1351,-1,1352,1353,1273,-1,1354,1355,1356,-1,1357,1279,1344,-1,1344,1279,1345,-1,1358,1346,1359,-1,1359,1346,1279,-1,1359,1279,1360,-1,1360,1279,1357,-1,1348,1361,1243,-1,1243,1361,1362,-1,1243,1362,1244,-1,1244,1362,1363,-1,1244,1363,1246,-1,1246,1363,1364,-1,1246,1364,1248,-1,1248,1364,1365,-1,1248,1365,1250,-1,1250,1365,1366,-1,1250,1366,1252,-1,1252,1366,1367,-1,1252,1367,1254,-1,1254,1367,1368,-1,1254,1368,1256,-1,1256,1368,1369,-1,1256,1369,1258,-1,1258,1369,1370,-1,1258,1370,1260,-1,1260,1370,1371,-1,1260,1371,1262,-1,1262,1371,1372,-1,1262,1372,1264,-1,1264,1372,1373,-1,1264,1373,1266,-1,1266,1373,1374,-1,1266,1374,1349,-1,1359,1375,1358,-1,1358,1375,1376,-1,1358,1376,1377,-1,1377,1376,1378,-1,1377,1378,1354,-1,1354,1378,1379,-1,1354,1379,1355,-1,1356,1352,1354,-1,1354,1352,1273,-1,1354,1273,1380,-1,1380,1273,1351,-1,1353,1381,1273,-1,1273,1381,1343,-1,1273,1343,1342,-1,1316,1377,1318,-1,1318,1377,1354,-1,1318,1354,1329,-1,1329,1354,1380,-1,1329,1380,1280,-1,1280,1380,1351,-1,1280,1351,1281,-1,1281,1351,1350,-1,1281,1350,1290,-1,1290,1350,1349,-1,1290,1349,1291,-1,1291,1349,1374,-1,1291,1374,1293,-1,1293,1374,1373,-1,1293,1373,1295,-1,1295,1373,1372,-1,1295,1372,1297,-1,1297,1372,1371,-1,1297,1371,1299,-1,1299,1371,1370,-1,1299,1370,1301,-1,1301,1370,1369,-1,1301,1369,1303,-1,1303,1369,1368,-1,1303,1368,1305,-1,1305,1368,1367,-1,1305,1367,1307,-1,1307,1367,1366,-1,1307,1366,1309,-1,1309,1366,1365,-1,1309,1365,1311,-1,1311,1365,1364,-1,1311,1364,1313,-1,1313,1364,1363,-1,1313,1363,1314,-1,1314,1363,1362,-1,1314,1362,1282,-1,1282,1362,1361,-1,1282,1361,1283,-1,1283,1361,1348,-1,1283,1348,1284,-1,1284,1348,1347,-1,1284,1347,1322,-1,1322,1347,1346,-1,1322,1346,1287,-1,1287,1346,1358,-1,1287,1358,1316,-1,1316,1358,1377,-1,1327,1343,1328,-1,1328,1343,1381,-1,1328,1381,1320,-1,1320,1381,1353,-1,1320,1353,1321,-1,1321,1353,1352,-1,1321,1352,1330,-1,1330,1352,1356,-1,1330,1356,1319,-1,1319,1356,1355,-1,1319,1355,1317,-1,1317,1355,1379,-1,1317,1379,1315,-1,1315,1379,1378,-1,1315,1378,1288,-1,1288,1378,1376,-1,1288,1376,1289,-1,1289,1376,1375,-1,1289,1375,1285,-1,1285,1375,1359,-1,1285,1359,1286,-1,1286,1359,1360,-1,1286,1360,1323,-1,1323,1360,1357,-1,1323,1357,1324,-1,1324,1357,1344,-1,1382,1383,1384,-1,1382,1384,1385,-1,1385,1384,1386,-1,1385,1386,1387,-1,1387,1386,1388,-1,1387,1388,1389,-1,1389,1388,1390,-1,1389,1390,1391,-1,1391,1390,1392,-1,1391,1392,1393,-1,1393,1392,1394,-1,1393,1394,1395,-1,1395,1394,1396,-1,1395,1396,1397,-1,1397,1396,1398,-1,1397,1398,1399,-1,1399,1398,1400,-1,1399,1400,1401,-1,1401,1400,1402,-1,1401,1402,1403,-1,1403,1402,1404,-1,1403,1404,1405,-1,1405,1404,1406,-1,1405,1406,1407,-1,1408,1407,1406,-1,1409,1410,1411,-1,1411,1412,1409,-1,1409,1412,1408,-1,1409,1408,1413,-1,1413,1408,1406,-1,1414,1415,1416,-1,1416,1415,1417,-1,1416,1417,1418,-1,1418,1417,1419,-1,1418,1419,1382,-1,1382,1419,1383,-1,1409,1420,1421,-1,1409,1421,1410,-1,1422,1423,1417,-1,1424,1425,1426,-1,1409,1427,1428,-1,1415,1429,1417,-1,1417,1429,1430,-1,1417,1430,1431,-1,1425,1424,1432,-1,1432,1424,1433,-1,1432,1433,1434,-1,1434,1433,1435,-1,1434,1435,1436,-1,1437,1438,1409,-1,1409,1438,1439,-1,1409,1439,1427,-1,1420,1409,1440,-1,1440,1409,1428,-1,1440,1428,1435,-1,1435,1428,1441,-1,1435,1441,1436,-1,1421,1442,1410,-1,1410,1442,1443,-1,1410,1443,1444,-1,1444,1443,1445,-1,1444,1445,1446,-1,1446,1445,1447,-1,1446,1447,1448,-1,1448,1447,1449,-1,1448,1449,1450,-1,1450,1449,1451,-1,1450,1451,1452,-1,1452,1451,1453,-1,1452,1453,1454,-1,1454,1453,1455,-1,1454,1455,1456,-1,1456,1455,1457,-1,1456,1457,1458,-1,1458,1457,1459,-1,1458,1459,1460,-1,1460,1459,1461,-1,1460,1461,1462,-1,1462,1461,1463,-1,1462,1463,1464,-1,1464,1463,1465,-1,1464,1465,1415,-1,1415,1465,1466,-1,1415,1466,1429,-1,1426,1422,1424,-1,1424,1422,1417,-1,1424,1417,1467,-1,1467,1417,1431,-1,1423,1468,1417,-1,1417,1468,1469,-1,1417,1469,1470,-1,1415,1414,1471,-1,1415,1471,1464,-1,1464,1471,1472,-1,1464,1472,1462,-1,1462,1472,1473,-1,1462,1473,1460,-1,1460,1473,1474,-1,1460,1474,1458,-1,1458,1474,1475,-1,1458,1475,1456,-1,1456,1475,1476,-1,1456,1476,1454,-1,1454,1476,1477,-1,1454,1477,1452,-1,1452,1477,1478,-1,1452,1478,1450,-1,1450,1478,1479,-1,1450,1479,1448,-1,1448,1479,1480,-1,1448,1480,1446,-1,1446,1480,1481,-1,1446,1481,1444,-1,1444,1481,1411,-1,1444,1411,1410,-1,1482,1437,1413,-1,1413,1437,1409,-1,1483,1438,1482,-1,1482,1438,1437,-1,1484,1485,1469,-1,1469,1485,1470,-1,1419,1417,1485,-1,1485,1417,1470,-1,1419,1486,1487,-1,1406,1488,1413,-1,1413,1488,1489,-1,1413,1489,1490,-1,1491,1492,1413,-1,1419,1487,1383,-1,1493,1494,1495,-1,1419,1496,1497,-1,1495,1491,1493,-1,1493,1491,1413,-1,1493,1413,1498,-1,1498,1413,1490,-1,1492,1499,1413,-1,1413,1499,1483,-1,1413,1483,1482,-1,1500,1501,1502,-1,1502,1501,1503,-1,1502,1503,1493,-1,1493,1503,1504,-1,1493,1504,1494,-1,1485,1484,1419,-1,1419,1484,1505,-1,1419,1505,1496,-1,1486,1419,1506,-1,1506,1419,1497,-1,1506,1497,1500,-1,1500,1497,1507,-1,1500,1507,1501,-1,1487,1508,1383,-1,1383,1508,1509,-1,1383,1509,1384,-1,1384,1509,1510,-1,1384,1510,1386,-1,1386,1510,1511,-1,1386,1511,1388,-1,1388,1511,1512,-1,1388,1512,1390,-1,1390,1512,1513,-1,1390,1513,1392,-1,1392,1513,1514,-1,1392,1514,1394,-1,1394,1514,1515,-1,1394,1515,1396,-1,1396,1515,1516,-1,1396,1516,1398,-1,1398,1516,1517,-1,1398,1517,1400,-1,1400,1517,1518,-1,1400,1518,1402,-1,1402,1518,1519,-1,1402,1519,1404,-1,1404,1519,1520,-1,1404,1520,1406,-1,1406,1520,1521,-1,1406,1521,1488,-1,1433,1502,1435,-1,1435,1502,1493,-1,1435,1493,1440,-1,1440,1493,1498,-1,1440,1498,1420,-1,1420,1498,1490,-1,1420,1490,1421,-1,1421,1490,1489,-1,1421,1489,1442,-1,1442,1489,1488,-1,1442,1488,1443,-1,1443,1488,1521,-1,1443,1521,1445,-1,1445,1521,1520,-1,1445,1520,1447,-1,1447,1520,1519,-1,1447,1519,1449,-1,1449,1519,1518,-1,1449,1518,1451,-1,1451,1518,1517,-1,1451,1517,1453,-1,1453,1517,1516,-1,1453,1516,1455,-1,1455,1516,1515,-1,1455,1515,1457,-1,1457,1515,1514,-1,1457,1514,1459,-1,1459,1514,1513,-1,1459,1513,1461,-1,1461,1513,1512,-1,1461,1512,1463,-1,1463,1512,1511,-1,1463,1511,1465,-1,1465,1511,1510,-1,1465,1510,1466,-1,1466,1510,1509,-1,1466,1509,1429,-1,1429,1509,1508,-1,1429,1508,1430,-1,1430,1508,1487,-1,1430,1487,1431,-1,1431,1487,1486,-1,1431,1486,1467,-1,1467,1486,1506,-1,1467,1506,1424,-1,1424,1506,1500,-1,1424,1500,1433,-1,1433,1500,1502,-1,1438,1483,1439,-1,1439,1483,1499,-1,1439,1499,1427,-1,1427,1499,1492,-1,1427,1492,1428,-1,1428,1492,1491,-1,1428,1491,1441,-1,1441,1491,1495,-1,1441,1495,1436,-1,1436,1495,1494,-1,1436,1494,1434,-1,1434,1494,1504,-1,1434,1504,1432,-1,1432,1504,1503,-1,1432,1503,1425,-1,1425,1503,1501,-1,1425,1501,1426,-1,1426,1501,1507,-1,1426,1507,1422,-1,1422,1507,1497,-1,1422,1497,1423,-1,1423,1497,1496,-1,1423,1496,1468,-1,1468,1496,1505,-1,1468,1505,1469,-1,1469,1505,1484,-1,1522,1523,1524,-1,1522,1524,1525,-1,1525,1524,1526,-1,1525,1526,1527,-1,1527,1526,1528,-1,1527,1528,1529,-1,1529,1528,1530,-1,1529,1530,1531,-1,1531,1530,1532,-1,1531,1532,1533,-1,1533,1532,1534,-1,1533,1534,1535,-1,1535,1534,1536,-1,1535,1536,1537,-1,1537,1536,1538,-1,1537,1538,1539,-1,1539,1538,1540,-1,1539,1540,1541,-1,1541,1540,1542,-1,1541,1542,1543,-1,1543,1542,1544,-1,1543,1544,1545,-1,1545,1544,1546,-1,1545,1546,1547,-1,1548,1547,1546,-1,1549,1550,1551,-1,1551,1552,1549,-1,1549,1552,1548,-1,1549,1548,1553,-1,1553,1548,1546,-1,1554,1555,1556,-1,1556,1555,1557,-1,1556,1557,1558,-1,1558,1557,1559,-1,1558,1559,1522,-1,1522,1559,1523,-1,1550,1549,1560,-1,1549,1561,1562,-1,1563,1564,1549,-1,1549,1564,1565,-1,1549,1565,1561,-1,1566,1567,1562,-1,1562,1567,1568,-1,1562,1568,1549,-1,1549,1568,1569,-1,1549,1569,1560,-1,1566,1570,1567,-1,1567,1570,1571,-1,1567,1571,1572,-1,1572,1571,1573,-1,1572,1573,1574,-1,1574,1573,1575,-1,1576,1557,1577,-1,1577,1557,1555,-1,1578,1557,1579,-1,1579,1557,1580,-1,1560,1581,1550,-1,1550,1581,1582,-1,1550,1582,1583,-1,1583,1582,1584,-1,1583,1584,1585,-1,1585,1584,1586,-1,1585,1586,1587,-1,1587,1586,1588,-1,1587,1588,1589,-1,1589,1588,1590,-1,1589,1590,1591,-1,1591,1590,1592,-1,1591,1592,1593,-1,1593,1592,1594,-1,1593,1594,1595,-1,1595,1594,1596,-1,1595,1596,1597,-1,1597,1596,1598,-1,1597,1598,1599,-1,1599,1598,1600,-1,1599,1600,1601,-1,1601,1600,1602,-1,1601,1602,1603,-1,1603,1602,1604,-1,1603,1604,1555,-1,1555,1604,1605,-1,1555,1605,1577,-1,1576,1606,1557,-1,1557,1606,1607,-1,1557,1607,1574,-1,1575,1608,1574,-1,1574,1608,1609,-1,1574,1609,1557,-1,1557,1609,1610,-1,1557,1610,1580,-1,1555,1554,1611,-1,1555,1611,1603,-1,1603,1611,1612,-1,1603,1612,1601,-1,1601,1612,1613,-1,1601,1613,1599,-1,1599,1613,1614,-1,1599,1614,1597,-1,1597,1614,1615,-1,1597,1615,1595,-1,1595,1615,1616,-1,1595,1616,1593,-1,1593,1616,1617,-1,1593,1617,1591,-1,1591,1617,1618,-1,1591,1618,1589,-1,1589,1618,1619,-1,1589,1619,1587,-1,1587,1619,1620,-1,1587,1620,1585,-1,1585,1620,1621,-1,1585,1621,1583,-1,1583,1621,1551,-1,1583,1551,1550,-1,1622,1563,1553,-1,1553,1563,1549,-1,1623,1564,1622,-1,1622,1564,1563,-1,1624,1625,1579,-1,1579,1625,1578,-1,1559,1557,1625,-1,1625,1557,1578,-1,1626,1627,1553,-1,1559,1628,1629,-1,1630,1631,1632,-1,1632,1626,1630,-1,1630,1626,1553,-1,1630,1553,1633,-1,1633,1553,1634,-1,1627,1635,1553,-1,1553,1635,1623,-1,1553,1623,1622,-1,1636,1637,1638,-1,1638,1637,1639,-1,1638,1639,1630,-1,1630,1639,1640,-1,1630,1640,1631,-1,1559,1629,1523,-1,1559,1625,1624,-1,1624,1641,1559,-1,1559,1641,1642,-1,1559,1642,1643,-1,1629,1644,1523,-1,1523,1644,1645,-1,1523,1645,1524,-1,1524,1645,1646,-1,1524,1646,1526,-1,1526,1646,1647,-1,1526,1647,1528,-1,1528,1647,1648,-1,1528,1648,1530,-1,1530,1648,1649,-1,1530,1649,1532,-1,1532,1649,1650,-1,1532,1650,1534,-1,1534,1650,1651,-1,1534,1651,1536,-1,1536,1651,1652,-1,1536,1652,1538,-1,1538,1652,1653,-1,1538,1653,1540,-1,1540,1653,1654,-1,1540,1654,1542,-1,1542,1654,1655,-1,1542,1655,1544,-1,1544,1655,1656,-1,1544,1656,1546,-1,1628,1559,1657,-1,1657,1559,1643,-1,1657,1643,1636,-1,1636,1643,1658,-1,1636,1658,1637,-1,1656,1659,1546,-1,1546,1659,1660,-1,1546,1660,1553,-1,1553,1660,1661,-1,1553,1661,1634,-1,1572,1638,1567,-1,1567,1638,1630,-1,1567,1630,1568,-1,1568,1630,1633,-1,1568,1633,1569,-1,1569,1633,1634,-1,1569,1634,1560,-1,1560,1634,1661,-1,1560,1661,1581,-1,1581,1661,1660,-1,1581,1660,1582,-1,1582,1660,1659,-1,1582,1659,1584,-1,1584,1659,1656,-1,1584,1656,1586,-1,1586,1656,1655,-1,1586,1655,1588,-1,1588,1655,1654,-1,1588,1654,1590,-1,1590,1654,1653,-1,1590,1653,1592,-1,1592,1653,1652,-1,1592,1652,1594,-1,1594,1652,1651,-1,1594,1651,1596,-1,1596,1651,1650,-1,1596,1650,1598,-1,1598,1650,1649,-1,1598,1649,1600,-1,1600,1649,1648,-1,1600,1648,1602,-1,1602,1648,1647,-1,1602,1647,1604,-1,1604,1647,1646,-1,1604,1646,1605,-1,1605,1646,1645,-1,1605,1645,1577,-1,1577,1645,1644,-1,1577,1644,1576,-1,1576,1644,1629,-1,1576,1629,1606,-1,1606,1629,1628,-1,1606,1628,1607,-1,1607,1628,1657,-1,1607,1657,1574,-1,1574,1657,1636,-1,1574,1636,1572,-1,1572,1636,1638,-1,1564,1623,1565,-1,1565,1623,1635,-1,1565,1635,1561,-1,1561,1635,1627,-1,1561,1627,1562,-1,1562,1627,1626,-1,1562,1626,1566,-1,1566,1626,1632,-1,1566,1632,1570,-1,1570,1632,1631,-1,1570,1631,1571,-1,1571,1631,1640,-1,1571,1640,1573,-1,1573,1640,1639,-1,1573,1639,1575,-1,1575,1639,1637,-1,1575,1637,1608,-1,1608,1637,1658,-1,1608,1658,1609,-1,1609,1658,1643,-1,1609,1643,1610,-1,1610,1643,1642,-1,1610,1642,1580,-1,1580,1642,1641,-1,1580,1641,1579,-1,1579,1641,1624,-1,1662,1663,1664,-1,1662,1664,1665,-1,1665,1664,1666,-1,1665,1666,1667,-1,1667,1666,1668,-1,1667,1668,1669,-1,1669,1668,1670,-1,1669,1670,1671,-1,1671,1670,1672,-1,1671,1672,1673,-1,1673,1672,1674,-1,1673,1674,1675,-1,1675,1674,1676,-1,1675,1676,1677,-1,1677,1676,1678,-1,1677,1678,1679,-1,1679,1678,1680,-1,1679,1680,1681,-1,1681,1680,1682,-1,1681,1682,1683,-1,1683,1682,1684,-1,1683,1684,1685,-1,1685,1684,1686,-1,1685,1686,1687,-1,1688,1687,1686,-1,1689,1690,1691,-1,1691,1692,1689,-1,1689,1692,1688,-1,1689,1688,1693,-1,1693,1688,1686,-1,1694,1695,1696,-1,1696,1695,1697,-1,1696,1697,1698,-1,1698,1697,1699,-1,1698,1699,1662,-1,1662,1699,1663,-1,1700,1697,1701,-1,1701,1697,1702,-1,1689,1703,1704,-1,1705,1706,1689,-1,1707,1708,1697,-1,1697,1708,1709,-1,1710,1709,1711,-1,1711,1709,1712,-1,1711,1712,1713,-1,1713,1712,1714,-1,1713,1714,1715,-1,1704,1716,1689,-1,1689,1716,1717,-1,1689,1717,1718,-1,1689,1706,1690,-1,1695,1719,1697,-1,1697,1719,1720,-1,1697,1720,1707,-1,1710,1721,1709,-1,1709,1721,1722,-1,1709,1722,1697,-1,1697,1722,1723,-1,1697,1723,1702,-1,1705,1689,1724,-1,1724,1689,1718,-1,1724,1718,1714,-1,1714,1718,1725,-1,1714,1725,1715,-1,1706,1726,1690,-1,1690,1726,1727,-1,1690,1727,1728,-1,1728,1727,1729,-1,1728,1729,1730,-1,1730,1729,1731,-1,1730,1731,1732,-1,1732,1731,1733,-1,1732,1733,1734,-1,1734,1733,1735,-1,1734,1735,1736,-1,1736,1735,1737,-1,1736,1737,1738,-1,1738,1737,1739,-1,1738,1739,1740,-1,1740,1739,1741,-1,1740,1741,1742,-1,1742,1741,1743,-1,1742,1743,1744,-1,1744,1743,1745,-1,1744,1745,1746,-1,1746,1745,1747,-1,1746,1747,1748,-1,1748,1747,1749,-1,1748,1749,1695,-1,1695,1749,1750,-1,1695,1750,1719,-1,1695,1694,1751,-1,1695,1751,1748,-1,1748,1751,1752,-1,1748,1752,1746,-1,1746,1752,1753,-1,1746,1753,1744,-1,1744,1753,1754,-1,1744,1754,1742,-1,1742,1754,1755,-1,1742,1755,1740,-1,1740,1755,1756,-1,1740,1756,1738,-1,1738,1756,1757,-1,1738,1757,1736,-1,1736,1757,1758,-1,1736,1758,1734,-1,1734,1758,1759,-1,1734,1759,1732,-1,1732,1759,1760,-1,1732,1760,1730,-1,1730,1760,1761,-1,1730,1761,1728,-1,1728,1761,1691,-1,1728,1691,1690,-1,1762,1703,1693,-1,1693,1703,1689,-1,1763,1704,1762,-1,1762,1704,1703,-1,1764,1765,1701,-1,1701,1765,1700,-1,1699,1697,1765,-1,1765,1697,1700,-1,1766,1699,1764,-1,1764,1699,1765,-1,1762,1693,1763,-1,1763,1693,1767,-1,1768,1769,1770,-1,1770,1769,1699,-1,1770,1699,1771,-1,1771,1699,1766,-1,1770,1772,1768,-1,1768,1772,1773,-1,1768,1773,1774,-1,1774,1773,1775,-1,1774,1775,1776,-1,1776,1775,1777,-1,1776,1777,1778,-1,1769,1779,1699,-1,1699,1779,1780,-1,1699,1780,1663,-1,1686,1781,1693,-1,1693,1781,1782,-1,1782,1783,1693,-1,1693,1783,1784,-1,1693,1784,1776,-1,1778,1785,1776,-1,1776,1785,1786,-1,1776,1786,1693,-1,1693,1786,1787,-1,1693,1787,1767,-1,1780,1788,1663,-1,1663,1788,1789,-1,1663,1789,1664,-1,1664,1789,1790,-1,1664,1790,1666,-1,1666,1790,1791,-1,1666,1791,1668,-1,1668,1791,1792,-1,1668,1792,1670,-1,1670,1792,1793,-1,1670,1793,1672,-1,1672,1793,1794,-1,1672,1794,1674,-1,1674,1794,1795,-1,1674,1795,1676,-1,1676,1795,1796,-1,1676,1796,1678,-1,1678,1796,1797,-1,1678,1797,1680,-1,1680,1797,1798,-1,1680,1798,1682,-1,1682,1798,1799,-1,1682,1799,1684,-1,1684,1799,1800,-1,1684,1800,1686,-1,1686,1800,1801,-1,1686,1801,1781,-1,1712,1774,1714,-1,1714,1774,1776,-1,1714,1776,1724,-1,1724,1776,1784,-1,1724,1784,1705,-1,1705,1784,1783,-1,1705,1783,1706,-1,1706,1783,1782,-1,1706,1782,1726,-1,1726,1782,1781,-1,1726,1781,1727,-1,1727,1781,1801,-1,1727,1801,1729,-1,1729,1801,1800,-1,1729,1800,1731,-1,1731,1800,1799,-1,1731,1799,1733,-1,1733,1799,1798,-1,1733,1798,1735,-1,1735,1798,1797,-1,1735,1797,1737,-1,1737,1797,1796,-1,1737,1796,1739,-1,1739,1796,1795,-1,1739,1795,1741,-1,1741,1795,1794,-1,1741,1794,1743,-1,1743,1794,1793,-1,1743,1793,1745,-1,1745,1793,1792,-1,1745,1792,1747,-1,1747,1792,1791,-1,1747,1791,1749,-1,1749,1791,1790,-1,1749,1790,1750,-1,1750,1790,1789,-1,1750,1789,1719,-1,1719,1789,1788,-1,1719,1788,1720,-1,1720,1788,1780,-1,1720,1780,1707,-1,1707,1780,1779,-1,1707,1779,1708,-1,1708,1779,1769,-1,1708,1769,1709,-1,1709,1769,1768,-1,1709,1768,1712,-1,1712,1768,1774,-1,1704,1763,1716,-1,1716,1763,1767,-1,1716,1767,1717,-1,1717,1767,1787,-1,1717,1787,1718,-1,1718,1787,1786,-1,1718,1786,1725,-1,1725,1786,1785,-1,1725,1785,1715,-1,1715,1785,1778,-1,1715,1778,1713,-1,1713,1778,1777,-1,1713,1777,1711,-1,1711,1777,1775,-1,1711,1775,1710,-1,1710,1775,1773,-1,1710,1773,1721,-1,1721,1773,1772,-1,1721,1772,1722,-1,1722,1772,1770,-1,1722,1770,1723,-1,1723,1770,1771,-1,1723,1771,1702,-1,1702,1771,1766,-1,1702,1766,1701,-1,1701,1766,1764,-1,1802,1803,1804,-1,1802,1804,1805,-1,1805,1804,1806,-1,1805,1806,1807,-1,1807,1806,1808,-1,1807,1808,1809,-1,1809,1808,1810,-1,1809,1810,1811,-1,1811,1810,1812,-1,1811,1812,1813,-1,1813,1812,1814,-1,1813,1814,1815,-1,1815,1814,1816,-1,1815,1816,1817,-1,1817,1816,1818,-1,1817,1818,1819,-1,1819,1818,1820,-1,1819,1820,1821,-1,1821,1820,1822,-1,1821,1822,1823,-1,1823,1822,1824,-1,1823,1824,1825,-1,1825,1824,1826,-1,1825,1826,1827,-1,1828,1827,1826,-1,1829,1830,1831,-1,1831,1832,1829,-1,1829,1832,1828,-1,1829,1828,1833,-1,1833,1828,1826,-1,1834,1835,1836,-1,1836,1835,1837,-1,1836,1837,1838,-1,1838,1837,1839,-1,1838,1839,1802,-1,1802,1839,1803,-1,1840,1837,1841,-1,1841,1837,1842,-1,1843,1844,1845,-1,1846,1847,1848,-1,1848,1847,1849,-1,1848,1849,1850,-1,1850,1849,1843,-1,1850,1843,1851,-1,1851,1843,1845,-1,1852,1829,1853,-1,1853,1829,1854,-1,1843,1855,1844,-1,1844,1855,1829,-1,1844,1829,1856,-1,1856,1829,1852,-1,1855,1857,1829,-1,1829,1857,1858,-1,1829,1858,1830,-1,1846,1859,1847,-1,1847,1859,1860,-1,1847,1860,1837,-1,1837,1860,1861,-1,1837,1861,1842,-1,1835,1862,1837,-1,1837,1862,1863,-1,1863,1864,1837,-1,1837,1864,1865,-1,1837,1865,1847,-1,1858,1866,1830,-1,1830,1866,1867,-1,1830,1867,1868,-1,1868,1867,1869,-1,1868,1869,1870,-1,1870,1869,1871,-1,1870,1871,1872,-1,1872,1871,1873,-1,1872,1873,1874,-1,1874,1873,1875,-1,1874,1875,1876,-1,1876,1875,1877,-1,1876,1877,1878,-1,1878,1877,1879,-1,1878,1879,1880,-1,1880,1879,1881,-1,1880,1881,1882,-1,1882,1881,1883,-1,1882,1883,1884,-1,1884,1883,1885,-1,1884,1885,1886,-1,1886,1885,1887,-1,1886,1887,1888,-1,1888,1887,1889,-1,1888,1889,1835,-1,1835,1889,1890,-1,1835,1890,1862,-1,1835,1834,1891,-1,1835,1891,1888,-1,1888,1891,1892,-1,1888,1892,1886,-1,1886,1892,1893,-1,1886,1893,1884,-1,1884,1893,1894,-1,1884,1894,1882,-1,1882,1894,1895,-1,1882,1895,1880,-1,1880,1895,1896,-1,1880,1896,1878,-1,1878,1896,1897,-1,1878,1897,1876,-1,1876,1897,1898,-1,1876,1898,1874,-1,1874,1898,1899,-1,1874,1899,1872,-1,1872,1899,1900,-1,1872,1900,1870,-1,1870,1900,1901,-1,1870,1901,1868,-1,1868,1901,1831,-1,1868,1831,1830,-1,1902,1854,1833,-1,1833,1854,1829,-1,1903,1853,1902,-1,1902,1853,1854,-1,1904,1905,1841,-1,1841,1905,1840,-1,1839,1837,1905,-1,1905,1837,1840,-1,1902,1833,1903,-1,1903,1833,1906,-1,1907,1908,1833,-1,1833,1908,1909,-1,1910,1911,1912,-1,1912,1911,1913,-1,1912,1913,1914,-1,1914,1913,1915,-1,1914,1915,1909,-1,1909,1915,1916,-1,1909,1916,1917,-1,1918,1839,1904,-1,1904,1839,1905,-1,1912,1919,1910,-1,1910,1919,1839,-1,1910,1839,1920,-1,1920,1839,1918,-1,1917,1921,1909,-1,1909,1921,1922,-1,1909,1922,1833,-1,1833,1922,1923,-1,1833,1923,1906,-1,1919,1924,1839,-1,1839,1924,1925,-1,1839,1925,1803,-1,1925,1926,1803,-1,1803,1926,1927,-1,1803,1927,1804,-1,1804,1927,1928,-1,1804,1928,1806,-1,1806,1928,1929,-1,1806,1929,1808,-1,1808,1929,1930,-1,1808,1930,1810,-1,1810,1930,1931,-1,1810,1931,1812,-1,1812,1931,1932,-1,1812,1932,1814,-1,1814,1932,1933,-1,1814,1933,1816,-1,1816,1933,1934,-1,1816,1934,1818,-1,1818,1934,1935,-1,1818,1935,1820,-1,1820,1935,1936,-1,1820,1936,1822,-1,1822,1936,1937,-1,1822,1937,1824,-1,1824,1937,1938,-1,1824,1938,1826,-1,1938,1939,1826,-1,1826,1939,1940,-1,1826,1940,1833,-1,1833,1940,1941,-1,1833,1941,1907,-1,1849,1914,1843,-1,1843,1914,1909,-1,1843,1909,1855,-1,1855,1909,1908,-1,1855,1908,1857,-1,1857,1908,1907,-1,1857,1907,1858,-1,1858,1907,1941,-1,1858,1941,1866,-1,1866,1941,1940,-1,1866,1940,1867,-1,1867,1940,1939,-1,1867,1939,1869,-1,1869,1939,1938,-1,1869,1938,1871,-1,1871,1938,1937,-1,1871,1937,1873,-1,1873,1937,1936,-1,1873,1936,1875,-1,1875,1936,1935,-1,1875,1935,1877,-1,1877,1935,1934,-1,1877,1934,1879,-1,1879,1934,1933,-1,1879,1933,1881,-1,1881,1933,1932,-1,1881,1932,1883,-1,1883,1932,1931,-1,1883,1931,1885,-1,1885,1931,1930,-1,1885,1930,1887,-1,1887,1930,1929,-1,1887,1929,1889,-1,1889,1929,1928,-1,1889,1928,1890,-1,1890,1928,1927,-1,1890,1927,1862,-1,1862,1927,1926,-1,1862,1926,1863,-1,1863,1926,1925,-1,1863,1925,1864,-1,1864,1925,1924,-1,1864,1924,1865,-1,1865,1924,1919,-1,1865,1919,1847,-1,1847,1919,1912,-1,1847,1912,1849,-1,1849,1912,1914,-1,1853,1903,1852,-1,1852,1903,1906,-1,1852,1906,1856,-1,1856,1906,1923,-1,1856,1923,1844,-1,1844,1923,1922,-1,1844,1922,1845,-1,1845,1922,1921,-1,1845,1921,1851,-1,1851,1921,1917,-1,1851,1917,1850,-1,1850,1917,1916,-1,1850,1916,1848,-1,1848,1916,1915,-1,1848,1915,1846,-1,1846,1915,1913,-1,1846,1913,1859,-1,1859,1913,1911,-1,1859,1911,1860,-1,1860,1911,1910,-1,1860,1910,1861,-1,1861,1910,1920,-1,1861,1920,1842,-1,1842,1920,1918,-1,1842,1918,1841,-1,1841,1918,1904,-1,1942,1943,1944,-1,1942,1944,1945,-1,1945,1944,1946,-1,1945,1946,1947,-1,1947,1946,1948,-1,1947,1948,1949,-1,1949,1948,1950,-1,1949,1950,1951,-1,1951,1950,1952,-1,1951,1952,1953,-1,1953,1952,1954,-1,1953,1954,1955,-1,1955,1954,1956,-1,1955,1956,1957,-1,1957,1956,1958,-1,1957,1958,1959,-1,1959,1958,1960,-1,1959,1960,1961,-1,1961,1960,1962,-1,1961,1962,1963,-1,1963,1962,1964,-1,1963,1964,1965,-1,1965,1964,1966,-1,1965,1966,1967,-1,1968,1967,1966,-1,1969,1970,1971,-1,1971,1972,1969,-1,1969,1972,1968,-1,1969,1968,1973,-1,1973,1968,1966,-1,1974,1975,1976,-1,1976,1975,1977,-1,1976,1977,1978,-1,1978,1977,1979,-1,1978,1979,1942,-1,1942,1979,1943,-1,1980,1977,1981,-1,1981,1977,1982,-1,1969,1983,1984,-1,1985,1986,1969,-1,1987,1988,1977,-1,1977,1988,1989,-1,1990,1989,1991,-1,1991,1989,1992,-1,1991,1992,1993,-1,1993,1992,1994,-1,1993,1994,1995,-1,1984,1996,1969,-1,1969,1996,1997,-1,1969,1997,1998,-1,1969,1986,1970,-1,1975,1999,1977,-1,1977,1999,2000,-1,1977,2000,1987,-1,1990,2001,1989,-1,1989,2001,2002,-1,1989,2002,1977,-1,1977,2002,2003,-1,1977,2003,1982,-1,1985,1969,2004,-1,2004,1969,1998,-1,2004,1998,1994,-1,1994,1998,2005,-1,1994,2005,1995,-1,1986,2006,1970,-1,1970,2006,2007,-1,1970,2007,2008,-1,2008,2007,2009,-1,2008,2009,2010,-1,2010,2009,2011,-1,2010,2011,2012,-1,2012,2011,2013,-1,2012,2013,2014,-1,2014,2013,2015,-1,2014,2015,2016,-1,2016,2015,2017,-1,2016,2017,2018,-1,2018,2017,2019,-1,2018,2019,2020,-1,2020,2019,2021,-1,2020,2021,2022,-1,2022,2021,2023,-1,2022,2023,2024,-1,2024,2023,2025,-1,2024,2025,2026,-1,2026,2025,2027,-1,2026,2027,2028,-1,2028,2027,2029,-1,2028,2029,1975,-1,1975,2029,2030,-1,1975,2030,1999,-1,1975,1974,2031,-1,1975,2031,2028,-1,2028,2031,2032,-1,2028,2032,2026,-1,2026,2032,2033,-1,2026,2033,2024,-1,2024,2033,2034,-1,2024,2034,2022,-1,2022,2034,2035,-1,2022,2035,2020,-1,2020,2035,2036,-1,2020,2036,2018,-1,2018,2036,2037,-1,2018,2037,2016,-1,2016,2037,2038,-1,2016,2038,2014,-1,2014,2038,2039,-1,2014,2039,2012,-1,2012,2039,2040,-1,2012,2040,2010,-1,2010,2040,2041,-1,2010,2041,2008,-1,2008,2041,1971,-1,2008,1971,1970,-1,2042,1983,1973,-1,1973,1983,1969,-1,2043,1984,2042,-1,2042,1984,1983,-1,2044,2045,1981,-1,1981,2045,1980,-1,1979,1977,2045,-1,2045,1977,1980,-1,2046,1979,2044,-1,2044,1979,2045,-1,2042,1973,2043,-1,2043,1973,2047,-1,2048,2049,2050,-1,2050,2049,1979,-1,2050,1979,2051,-1,2051,1979,2046,-1,2050,2052,2048,-1,2048,2052,2053,-1,2048,2053,2054,-1,2054,2053,2055,-1,2054,2055,2056,-1,2056,2055,2057,-1,2056,2057,2058,-1,2049,2059,1979,-1,1979,2059,2060,-1,1979,2060,1943,-1,1966,2061,1973,-1,1973,2061,2062,-1,2062,2063,1973,-1,1973,2063,2064,-1,1973,2064,2056,-1,2058,2065,2056,-1,2056,2065,2066,-1,2056,2066,1973,-1,1973,2066,2067,-1,1973,2067,2047,-1,2060,2068,1943,-1,1943,2068,2069,-1,1943,2069,1944,-1,1944,2069,2070,-1,1944,2070,1946,-1,1946,2070,2071,-1,1946,2071,1948,-1,1948,2071,2072,-1,1948,2072,1950,-1,1950,2072,2073,-1,1950,2073,1952,-1,1952,2073,2074,-1,1952,2074,1954,-1,1954,2074,2075,-1,1954,2075,1956,-1,1956,2075,2076,-1,1956,2076,1958,-1,1958,2076,2077,-1,1958,2077,1960,-1,1960,2077,2078,-1,1960,2078,1962,-1,1962,2078,2079,-1,1962,2079,1964,-1,1964,2079,2080,-1,1964,2080,1966,-1,1966,2080,2081,-1,1966,2081,2061,-1,1992,2054,1994,-1,1994,2054,2056,-1,1994,2056,2004,-1,2004,2056,2064,-1,2004,2064,1985,-1,1985,2064,2063,-1,1985,2063,1986,-1,1986,2063,2062,-1,1986,2062,2006,-1,2006,2062,2061,-1,2006,2061,2007,-1,2007,2061,2081,-1,2007,2081,2009,-1,2009,2081,2080,-1,2009,2080,2011,-1,2011,2080,2079,-1,2011,2079,2013,-1,2013,2079,2078,-1,2013,2078,2015,-1,2015,2078,2077,-1,2015,2077,2017,-1,2017,2077,2076,-1,2017,2076,2019,-1,2019,2076,2075,-1,2019,2075,2021,-1,2021,2075,2074,-1,2021,2074,2023,-1,2023,2074,2073,-1,2023,2073,2025,-1,2025,2073,2072,-1,2025,2072,2027,-1,2027,2072,2071,-1,2027,2071,2029,-1,2029,2071,2070,-1,2029,2070,2030,-1,2030,2070,2069,-1,2030,2069,1999,-1,1999,2069,2068,-1,1999,2068,2000,-1,2000,2068,2060,-1,2000,2060,1987,-1,1987,2060,2059,-1,1987,2059,1988,-1,1988,2059,2049,-1,1988,2049,1989,-1,1989,2049,2048,-1,1989,2048,1992,-1,1992,2048,2054,-1,1984,2043,1996,-1,1996,2043,2047,-1,1996,2047,1997,-1,1997,2047,2067,-1,1997,2067,1998,-1,1998,2067,2066,-1,1998,2066,2005,-1,2005,2066,2065,-1,2005,2065,1995,-1,1995,2065,2058,-1,1995,2058,1993,-1,1993,2058,2057,-1,1993,2057,1991,-1,1991,2057,2055,-1,1991,2055,1990,-1,1990,2055,2053,-1,1990,2053,2001,-1,2001,2053,2052,-1,2001,2052,2002,-1,2002,2052,2050,-1,2002,2050,2003,-1,2003,2050,2051,-1,2003,2051,1982,-1,1982,2051,2046,-1,1982,2046,1981,-1,1981,2046,2044,-1,2082,2083,2084,-1,2082,2084,2085,-1,2085,2084,2086,-1,2085,2086,2087,-1,2087,2086,2088,-1,2087,2088,2089,-1,2089,2088,2090,-1,2089,2090,2091,-1,2091,2090,2092,-1,2091,2092,2093,-1,2093,2092,2094,-1,2093,2094,2095,-1,2095,2094,2096,-1,2095,2096,2097,-1,2097,2096,2098,-1,2097,2098,2099,-1,2099,2098,2100,-1,2099,2100,2101,-1,2101,2100,2102,-1,2101,2102,2103,-1,2103,2102,2104,-1,2103,2104,2105,-1,2105,2104,2106,-1,2105,2106,2107,-1,2108,2107,2106,-1,2109,2110,2111,-1,2111,2112,2109,-1,2109,2112,2108,-1,2109,2108,2113,-1,2113,2108,2106,-1,2114,2115,2116,-1,2116,2115,2117,-1,2116,2117,2118,-1,2118,2117,2119,-1,2118,2119,2082,-1,2082,2119,2083,-1,2110,2109,2120,-1,2109,2121,2122,-1,2123,2124,2109,-1,2109,2124,2125,-1,2109,2125,2121,-1,2126,2127,2122,-1,2122,2127,2128,-1,2122,2128,2109,-1,2109,2128,2129,-1,2109,2129,2120,-1,2130,2131,2117,-1,2126,2132,2127,-1,2127,2132,2133,-1,2127,2133,2134,-1,2134,2133,2135,-1,2134,2135,2136,-1,2136,2135,2137,-1,2136,2137,2138,-1,2115,2139,2117,-1,2117,2139,2140,-1,2117,2140,2141,-1,2120,2142,2110,-1,2110,2142,2143,-1,2110,2143,2144,-1,2144,2143,2145,-1,2144,2145,2146,-1,2146,2145,2147,-1,2146,2147,2148,-1,2148,2147,2149,-1,2148,2149,2150,-1,2150,2149,2151,-1,2150,2151,2152,-1,2152,2151,2153,-1,2152,2153,2154,-1,2154,2153,2155,-1,2154,2155,2156,-1,2156,2155,2157,-1,2156,2157,2158,-1,2158,2157,2159,-1,2158,2159,2160,-1,2160,2159,2161,-1,2160,2161,2162,-1,2162,2161,2163,-1,2162,2163,2164,-1,2164,2163,2165,-1,2164,2165,2115,-1,2115,2165,2166,-1,2115,2166,2139,-1,2138,2130,2136,-1,2136,2130,2117,-1,2136,2117,2167,-1,2167,2117,2141,-1,2131,2168,2117,-1,2117,2168,2169,-1,2117,2169,2170,-1,2115,2114,2171,-1,2115,2171,2164,-1,2164,2171,2172,-1,2164,2172,2162,-1,2162,2172,2173,-1,2162,2173,2160,-1,2160,2173,2174,-1,2160,2174,2158,-1,2158,2174,2175,-1,2158,2175,2156,-1,2156,2175,2176,-1,2156,2176,2154,-1,2154,2176,2177,-1,2154,2177,2152,-1,2152,2177,2178,-1,2152,2178,2150,-1,2150,2178,2179,-1,2150,2179,2148,-1,2148,2179,2180,-1,2148,2180,2146,-1,2146,2180,2181,-1,2146,2181,2144,-1,2144,2181,2111,-1,2144,2111,2110,-1,2182,2123,2113,-1,2113,2123,2109,-1,2183,2124,2182,-1,2182,2124,2123,-1,2184,2185,2169,-1,2169,2185,2170,-1,2119,2117,2185,-1,2185,2117,2170,-1,2186,2187,2113,-1,2119,2188,2189,-1,2190,2191,2192,-1,2192,2186,2190,-1,2190,2186,2113,-1,2190,2113,2193,-1,2193,2113,2194,-1,2187,2195,2113,-1,2113,2195,2183,-1,2113,2183,2182,-1,2196,2197,2198,-1,2198,2197,2199,-1,2198,2199,2190,-1,2190,2199,2200,-1,2190,2200,2191,-1,2119,2189,2083,-1,2119,2201,2202,-1,2185,2184,2119,-1,2119,2184,2203,-1,2119,2203,2201,-1,2188,2119,2204,-1,2204,2119,2202,-1,2204,2202,2196,-1,2196,2202,2205,-1,2196,2205,2197,-1,2189,2206,2083,-1,2083,2206,2207,-1,2083,2207,2084,-1,2084,2207,2208,-1,2084,2208,2086,-1,2086,2208,2209,-1,2086,2209,2088,-1,2088,2209,2210,-1,2088,2210,2090,-1,2090,2210,2211,-1,2090,2211,2092,-1,2092,2211,2212,-1,2092,2212,2094,-1,2094,2212,2213,-1,2094,2213,2096,-1,2096,2213,2214,-1,2096,2214,2098,-1,2098,2214,2215,-1,2098,2215,2100,-1,2100,2215,2216,-1,2100,2216,2102,-1,2102,2216,2217,-1,2102,2217,2104,-1,2104,2217,2218,-1,2104,2218,2106,-1,2218,2219,2106,-1,2106,2219,2220,-1,2106,2220,2113,-1,2113,2220,2221,-1,2113,2221,2194,-1,2134,2198,2127,-1,2127,2198,2190,-1,2127,2190,2128,-1,2128,2190,2193,-1,2128,2193,2129,-1,2129,2193,2194,-1,2129,2194,2120,-1,2120,2194,2221,-1,2120,2221,2142,-1,2142,2221,2220,-1,2142,2220,2143,-1,2143,2220,2219,-1,2143,2219,2145,-1,2145,2219,2218,-1,2145,2218,2147,-1,2147,2218,2217,-1,2147,2217,2149,-1,2149,2217,2216,-1,2149,2216,2151,-1,2151,2216,2215,-1,2151,2215,2153,-1,2153,2215,2214,-1,2153,2214,2155,-1,2155,2214,2213,-1,2155,2213,2157,-1,2157,2213,2212,-1,2157,2212,2159,-1,2159,2212,2211,-1,2159,2211,2161,-1,2161,2211,2210,-1,2161,2210,2163,-1,2163,2210,2209,-1,2163,2209,2165,-1,2165,2209,2208,-1,2165,2208,2166,-1,2166,2208,2207,-1,2166,2207,2139,-1,2139,2207,2206,-1,2139,2206,2140,-1,2140,2206,2189,-1,2140,2189,2141,-1,2141,2189,2188,-1,2141,2188,2167,-1,2167,2188,2204,-1,2167,2204,2136,-1,2136,2204,2196,-1,2136,2196,2134,-1,2134,2196,2198,-1,2124,2183,2125,-1,2125,2183,2195,-1,2125,2195,2121,-1,2121,2195,2187,-1,2121,2187,2122,-1,2122,2187,2186,-1,2122,2186,2126,-1,2126,2186,2192,-1,2126,2192,2132,-1,2132,2192,2191,-1,2132,2191,2133,-1,2133,2191,2200,-1,2133,2200,2135,-1,2135,2200,2199,-1,2135,2199,2137,-1,2137,2199,2197,-1,2137,2197,2138,-1,2138,2197,2205,-1,2138,2205,2130,-1,2130,2205,2202,-1,2130,2202,2131,-1,2131,2202,2201,-1,2131,2201,2168,-1,2168,2201,2203,-1,2168,2203,2169,-1,2169,2203,2184,-1,2222,2223,2224,-1,2222,2224,2225,-1,2225,2224,2226,-1,2225,2226,2227,-1,2227,2226,2228,-1,2227,2228,2229,-1,2229,2228,2230,-1,2229,2230,2231,-1,2231,2230,2232,-1,2231,2232,2233,-1,2233,2232,2234,-1,2233,2234,2235,-1,2235,2234,2236,-1,2235,2236,2237,-1,2237,2236,2238,-1,2237,2238,2239,-1,2239,2238,2240,-1,2239,2240,2241,-1,2241,2240,2242,-1,2241,2242,2243,-1,2243,2242,2244,-1,2243,2244,2245,-1,2245,2244,2246,-1,2245,2246,2247,-1,2248,2247,2246,-1,2249,2250,2251,-1,2251,2252,2249,-1,2249,2252,2248,-1,2249,2248,2253,-1,2253,2248,2246,-1,2254,2255,2256,-1,2256,2255,2257,-1,2256,2257,2258,-1,2258,2257,2259,-1,2258,2259,2222,-1,2222,2259,2223,-1,2260,2261,2249,-1,2249,2261,2250,-1,2255,2262,2257,-1,2257,2262,2263,-1,2257,2263,2264,-1,2249,2265,2266,-1,2261,2267,2250,-1,2250,2267,2268,-1,2250,2268,2269,-1,2269,2268,2270,-1,2269,2270,2271,-1,2271,2270,2272,-1,2271,2272,2273,-1,2273,2272,2274,-1,2273,2274,2275,-1,2275,2274,2276,-1,2275,2276,2277,-1,2277,2276,2278,-1,2277,2278,2279,-1,2279,2278,2280,-1,2279,2280,2281,-1,2281,2280,2282,-1,2281,2282,2283,-1,2283,2282,2284,-1,2283,2284,2285,-1,2285,2284,2286,-1,2285,2286,2287,-1,2287,2286,2288,-1,2287,2288,2289,-1,2289,2288,2290,-1,2289,2290,2255,-1,2255,2290,2291,-1,2255,2291,2262,-1,2292,2293,2257,-1,2294,2295,2296,-1,2295,2294,2297,-1,2297,2294,2298,-1,2297,2298,2299,-1,2299,2298,2300,-1,2299,2300,2301,-1,2302,2303,2249,-1,2249,2303,2304,-1,2249,2304,2265,-1,2260,2249,2305,-1,2305,2249,2266,-1,2305,2266,2300,-1,2300,2266,2306,-1,2300,2306,2301,-1,2296,2292,2294,-1,2294,2292,2257,-1,2294,2257,2307,-1,2307,2257,2264,-1,2293,2308,2257,-1,2257,2308,2309,-1,2257,2309,2310,-1,2255,2254,2311,-1,2255,2311,2289,-1,2289,2311,2312,-1,2289,2312,2287,-1,2287,2312,2313,-1,2287,2313,2285,-1,2285,2313,2314,-1,2285,2314,2283,-1,2283,2314,2315,-1,2283,2315,2281,-1,2281,2315,2316,-1,2281,2316,2279,-1,2279,2316,2317,-1,2279,2317,2277,-1,2277,2317,2318,-1,2277,2318,2275,-1,2275,2318,2319,-1,2275,2319,2273,-1,2273,2319,2320,-1,2273,2320,2271,-1,2271,2320,2321,-1,2271,2321,2269,-1,2269,2321,2251,-1,2269,2251,2250,-1,2322,2302,2253,-1,2253,2302,2249,-1,2323,2303,2322,-1,2322,2303,2302,-1,2324,2325,2309,-1,2309,2325,2310,-1,2259,2257,2325,-1,2325,2257,2310,-1,2326,2327,2253,-1,2328,2329,2330,-1,2259,2331,2332,-1,2330,2326,2328,-1,2328,2326,2253,-1,2328,2253,2333,-1,2333,2253,2334,-1,2327,2335,2253,-1,2253,2335,2323,-1,2253,2323,2322,-1,2259,2332,2223,-1,2336,2337,2338,-1,2338,2337,2339,-1,2338,2339,2328,-1,2328,2339,2340,-1,2328,2340,2329,-1,2259,2341,2342,-1,2332,2343,2223,-1,2223,2343,2344,-1,2223,2344,2224,-1,2224,2344,2345,-1,2224,2345,2226,-1,2226,2345,2346,-1,2226,2346,2228,-1,2228,2346,2347,-1,2228,2347,2230,-1,2230,2347,2348,-1,2230,2348,2232,-1,2232,2348,2349,-1,2232,2349,2234,-1,2234,2349,2350,-1,2234,2350,2236,-1,2236,2350,2351,-1,2236,2351,2238,-1,2238,2351,2352,-1,2238,2352,2240,-1,2240,2352,2353,-1,2240,2353,2242,-1,2242,2353,2354,-1,2242,2354,2244,-1,2244,2354,2355,-1,2244,2355,2246,-1,2325,2324,2259,-1,2259,2324,2356,-1,2259,2356,2341,-1,2331,2259,2357,-1,2357,2259,2342,-1,2357,2342,2336,-1,2336,2342,2358,-1,2336,2358,2337,-1,2355,2359,2246,-1,2246,2359,2360,-1,2246,2360,2253,-1,2253,2360,2361,-1,2253,2361,2334,-1,2298,2338,2300,-1,2300,2338,2328,-1,2300,2328,2305,-1,2305,2328,2333,-1,2305,2333,2260,-1,2260,2333,2334,-1,2260,2334,2261,-1,2261,2334,2361,-1,2261,2361,2267,-1,2267,2361,2360,-1,2267,2360,2268,-1,2268,2360,2359,-1,2268,2359,2270,-1,2270,2359,2355,-1,2270,2355,2272,-1,2272,2355,2354,-1,2272,2354,2274,-1,2274,2354,2353,-1,2274,2353,2276,-1,2276,2353,2352,-1,2276,2352,2278,-1,2278,2352,2351,-1,2278,2351,2280,-1,2280,2351,2350,-1,2280,2350,2282,-1,2282,2350,2349,-1,2282,2349,2284,-1,2284,2349,2348,-1,2284,2348,2286,-1,2286,2348,2347,-1,2286,2347,2288,-1,2288,2347,2346,-1,2288,2346,2290,-1,2290,2346,2345,-1,2290,2345,2291,-1,2291,2345,2344,-1,2291,2344,2262,-1,2262,2344,2343,-1,2262,2343,2263,-1,2263,2343,2332,-1,2263,2332,2264,-1,2264,2332,2331,-1,2264,2331,2307,-1,2307,2331,2357,-1,2307,2357,2294,-1,2294,2357,2336,-1,2294,2336,2298,-1,2298,2336,2338,-1,2303,2323,2304,-1,2304,2323,2335,-1,2304,2335,2265,-1,2265,2335,2327,-1,2265,2327,2266,-1,2266,2327,2326,-1,2266,2326,2306,-1,2306,2326,2330,-1,2306,2330,2301,-1,2301,2330,2329,-1,2301,2329,2299,-1,2299,2329,2340,-1,2299,2340,2297,-1,2297,2340,2339,-1,2297,2339,2295,-1,2295,2339,2337,-1,2295,2337,2296,-1,2296,2337,2358,-1,2296,2358,2292,-1,2292,2358,2342,-1,2292,2342,2293,-1,2293,2342,2341,-1,2293,2341,2308,-1,2308,2341,2356,-1,2308,2356,2309,-1,2309,2356,2324,-1,2362,2363,2364,-1,2362,2364,2365,-1,2365,2364,2366,-1,2365,2366,2367,-1,2367,2366,2368,-1,2367,2368,2369,-1,2369,2368,2370,-1,2369,2370,2371,-1,2371,2370,2372,-1,2371,2372,2373,-1,2373,2372,2374,-1,2373,2374,2375,-1,2375,2374,2376,-1,2375,2376,2377,-1,2377,2376,2378,-1,2377,2378,2379,-1,2379,2378,2380,-1,2379,2380,2381,-1,2381,2380,2382,-1,2381,2382,2383,-1,2383,2382,2384,-1,2383,2384,2385,-1,2385,2384,2386,-1,2385,2386,2387,-1,2388,2387,2386,-1,2389,2390,2391,-1,2391,2392,2389,-1,2389,2392,2388,-1,2389,2388,2393,-1,2393,2388,2386,-1,2394,2395,2396,-1,2396,2395,2397,-1,2396,2397,2398,-1,2398,2397,2399,-1,2398,2399,2362,-1,2362,2399,2363,-1,2389,2400,2401,-1,2395,2402,2397,-1,2397,2402,2403,-1,2397,2403,2404,-1,2389,2401,2390,-1,2405,2406,2397,-1,2407,2408,2409,-1,2401,2410,2390,-1,2390,2410,2411,-1,2390,2411,2412,-1,2412,2411,2413,-1,2412,2413,2414,-1,2414,2413,2415,-1,2414,2415,2416,-1,2416,2415,2417,-1,2416,2417,2418,-1,2418,2417,2419,-1,2418,2419,2420,-1,2420,2419,2421,-1,2420,2421,2422,-1,2422,2421,2423,-1,2422,2423,2424,-1,2424,2423,2425,-1,2424,2425,2426,-1,2426,2425,2427,-1,2426,2427,2428,-1,2428,2427,2429,-1,2428,2429,2430,-1,2430,2429,2431,-1,2430,2431,2432,-1,2432,2431,2433,-1,2432,2433,2395,-1,2395,2433,2434,-1,2395,2434,2402,-1,2408,2407,2435,-1,2435,2407,2436,-1,2435,2436,2437,-1,2437,2436,2438,-1,2437,2438,2439,-1,2389,2440,2441,-1,2409,2405,2407,-1,2407,2405,2397,-1,2407,2397,2442,-1,2442,2397,2404,-1,2406,2443,2397,-1,2397,2443,2444,-1,2397,2444,2445,-1,2446,2447,2389,-1,2389,2447,2448,-1,2389,2448,2440,-1,2400,2389,2449,-1,2449,2389,2441,-1,2449,2441,2438,-1,2438,2441,2450,-1,2438,2450,2439,-1,2395,2394,2451,-1,2395,2451,2432,-1,2432,2451,2452,-1,2432,2452,2430,-1,2430,2452,2453,-1,2430,2453,2428,-1,2428,2453,2454,-1,2428,2454,2426,-1,2426,2454,2455,-1,2426,2455,2424,-1,2424,2455,2456,-1,2424,2456,2422,-1,2422,2456,2457,-1,2422,2457,2420,-1,2420,2457,2458,-1,2420,2458,2418,-1,2418,2458,2459,-1,2418,2459,2416,-1,2416,2459,2460,-1,2416,2460,2414,-1,2414,2460,2461,-1,2414,2461,2412,-1,2412,2461,2391,-1,2412,2391,2390,-1,2462,2446,2393,-1,2393,2446,2389,-1,2463,2447,2462,-1,2462,2447,2446,-1,2464,2465,2444,-1,2444,2465,2445,-1,2399,2397,2465,-1,2465,2397,2445,-1,2466,2467,2399,-1,2399,2467,2468,-1,2399,2468,2363,-1,2386,2469,2393,-1,2393,2469,2470,-1,2393,2470,2471,-1,2472,2473,2393,-1,2474,2475,2476,-1,2477,2399,2464,-1,2464,2399,2465,-1,2478,2466,2479,-1,2479,2466,2399,-1,2479,2399,2480,-1,2480,2399,2477,-1,2468,2481,2363,-1,2363,2481,2482,-1,2363,2482,2364,-1,2364,2482,2483,-1,2364,2483,2366,-1,2366,2483,2484,-1,2366,2484,2368,-1,2368,2484,2485,-1,2368,2485,2370,-1,2370,2485,2486,-1,2370,2486,2372,-1,2372,2486,2487,-1,2372,2487,2374,-1,2374,2487,2488,-1,2374,2488,2376,-1,2376,2488,2489,-1,2376,2489,2378,-1,2378,2489,2490,-1,2378,2490,2380,-1,2380,2490,2491,-1,2380,2491,2382,-1,2382,2491,2492,-1,2382,2492,2384,-1,2384,2492,2493,-1,2384,2493,2386,-1,2386,2493,2494,-1,2386,2494,2469,-1,2479,2495,2478,-1,2478,2495,2496,-1,2478,2496,2497,-1,2497,2496,2498,-1,2497,2498,2474,-1,2474,2498,2499,-1,2474,2499,2475,-1,2476,2472,2474,-1,2474,2472,2393,-1,2474,2393,2500,-1,2500,2393,2471,-1,2473,2501,2393,-1,2393,2501,2463,-1,2393,2463,2462,-1,2436,2497,2438,-1,2438,2497,2474,-1,2438,2474,2449,-1,2449,2474,2500,-1,2449,2500,2400,-1,2400,2500,2471,-1,2400,2471,2401,-1,2401,2471,2470,-1,2401,2470,2410,-1,2410,2470,2469,-1,2410,2469,2411,-1,2411,2469,2494,-1,2411,2494,2413,-1,2413,2494,2493,-1,2413,2493,2415,-1,2415,2493,2492,-1,2415,2492,2417,-1,2417,2492,2491,-1,2417,2491,2419,-1,2419,2491,2490,-1,2419,2490,2421,-1,2421,2490,2489,-1,2421,2489,2423,-1,2423,2489,2488,-1,2423,2488,2425,-1,2425,2488,2487,-1,2425,2487,2427,-1,2427,2487,2486,-1,2427,2486,2429,-1,2429,2486,2485,-1,2429,2485,2431,-1,2431,2485,2484,-1,2431,2484,2433,-1,2433,2484,2483,-1,2433,2483,2434,-1,2434,2483,2482,-1,2434,2482,2402,-1,2402,2482,2481,-1,2402,2481,2403,-1,2403,2481,2468,-1,2403,2468,2404,-1,2404,2468,2467,-1,2404,2467,2442,-1,2442,2467,2466,-1,2442,2466,2407,-1,2407,2466,2478,-1,2407,2478,2436,-1,2436,2478,2497,-1,2447,2463,2448,-1,2448,2463,2501,-1,2448,2501,2440,-1,2440,2501,2473,-1,2440,2473,2441,-1,2441,2473,2472,-1,2441,2472,2450,-1,2450,2472,2476,-1,2450,2476,2439,-1,2439,2476,2475,-1,2439,2475,2437,-1,2437,2475,2499,-1,2437,2499,2435,-1,2435,2499,2498,-1,2435,2498,2408,-1,2408,2498,2496,-1,2408,2496,2409,-1,2409,2496,2495,-1,2409,2495,2405,-1,2405,2495,2479,-1,2405,2479,2406,-1,2406,2479,2480,-1,2406,2480,2443,-1,2443,2480,2477,-1,2443,2477,2444,-1,2444,2477,2464,-1,
        ]
    }
}
Shape{
    appearance Appearance {
        material  Material 	{
            diffuseColor 0.6666666666666666 0.6666666666666666 0.6666666666666666
            specularColor 0.4666666666666667 0.4666666666666667 0.4666666666666667
            ambientIntensity 0.6667
            transparency 0.0
            shininess 0.5
        }
    }
    geometry IndexedFaceSet {
        ccw TRUE
        solid FALSE
        coord DEF co Coordinate {
            point [
                2.3622 1.3811 0.752, 2.3622 -4.3669 0.752, 2.3622 1.3811 0.2795, 2.3622 -4.3669 0.2795, -2.2835 1.4598 0.752, 2.2835 1.4598 0.752, -2.2835 1.4598 0.2795, 2.2835 1.4598 0.2795, -2.3622 1.3811 0.2795, -2.3622 -4.3669 0.2795, -2.3622 1.3811 0.752, -2.3622 -4.3669 0.752, -2.2835 -4.4457 0.2795, 2.2835 -4.4457 0.2795, -2.2835 -4.4457 0.752, 2.2835 -4.4457 0.752, -2.3038 1.4572 0.2795, -2.3038 1.4572 0.752, -2.3228 1.4493 0.2795, -2.3228 1.4493 0.752, -2.3391 1.4368 0.2795, -2.3391 1.4368 0.752, -2.3517 1.4205 0.2795, -2.3517 1.4205 0.752, -2.3595 1.4015 0.2795, -2.3595 1.4015 0.752, -2.2835 1.4572 0.7723, 2.2835 1.4572 0.7723, -2.2835 1.4493 0.7913, 2.2835 1.4493 0.7913, -2.2835 1.4368 0.8076, 2.2835 1.4368 0.8076, -2.2835 1.4205 0.8202, 2.2835 1.4205 0.8202, -2.2835 1.4015 0.828, 2.2835 1.4015 0.828, -2.2835 1.3811 0.8307, 1.3331 1.3811 0.8307, 1.4314 1.3811 0.8307, 1.4375 1.3811 0.8307, 1.5051 1.3811 0.8307, 1.524 1.3811 0.8307, 1.5706 1.3811 0.8307, 1.5944 1.3811 0.8307, 1.6901 1.3811 0.8307, 1.7224 1.3811 0.8307, 1.818 1.3811 0.8307, 2.0981 1.3811 0.8307, 2.2835 1.3811 0.8307, 2.3595 1.4015 0.2795, 2.3595 1.4015 0.752, 2.3517 1.4205 0.2795, 2.3517 1.4205 0.752, 2.3391 1.4368 0.2795, 2.3391 1.4368 0.752, 2.3228 1.4493 0.2795, 2.3228 1.4493 0.752, 2.3038 1.4572 0.2795, 2.3038 1.4572 0.752, -2.3595 1.3811 0.7723, -2.3569 1.4008 0.7723, -2.3176 1.4008 0.8202, -2.3011 1.3913 0.828, -2.2979 1.3955 0.828, -2.2887 1.4008 0.828, -2.3031 1.3864 0.828, -2.3215 1.3913 0.8202, -2.3372 1.3955 0.8076, -2.3038 1.3811 0.828, -2.3113 1.4089 0.8202, -2.2937 1.3987 0.828, -2.3031 1.4152 0.8202, -2.2937 1.4191 0.8202, -2.3228 1.3811 0.8202, -2.3391 1.3811 0.8076, -2.3517 1.3811 0.7913, -2.3317 1.4089 0.8076, -2.3228 1.4205 0.8076, -2.3113 1.4293 0.8076, -2.2979 1.4349 0.8076, -2.3493 1.3987 0.7913, -2.3425 1.4152 0.7913, -2.3317 1.4293 0.7913, -2.3176 1.4402 0.7913, -2.3011 1.447 0.7913, -2.3493 1.4191 0.7723, -2.3372 1.4349 0.7723, -2.3215 1.447 0.7723, -2.3031 1.4546 0.7723, 2.3031 1.4546 0.7723, 2.3031 1.4152 0.8202, 2.2937 1.3987 0.828, 2.2979 1.3955 0.828, 2.3038 1.3811 0.828, 2.3031 1.3864 0.828, 2.2887 1.4008 0.828, 2.2937 1.4191 0.8202, 2.2979 1.4349 0.8076, 2.3113 1.4089 0.8202, 2.3011 1.3913 0.828, 2.3176 1.4008 0.8202, 2.3215 1.3913 0.8202, 2.3228 1.3811 0.8202, 2.3113 1.4293 0.8076, 2.3228 1.4205 0.8076, 2.3317 1.4089 0.8076, 2.3372 1.3955 0.8076, 2.3391 1.3811 0.8076, 2.3011 1.447 0.7913, 2.3176 1.4402 0.7913, 2.3317 1.4293 0.7913, 2.3425 1.4152 0.7913, 2.3493 1.3987 0.7913, 2.3517 1.3811 0.7913, 2.3215 1.447 0.7723, 2.3372 1.4349 0.7723, 2.3493 1.4191 0.7723, 2.3569 1.4008 0.7723, 2.3595 1.3811 0.7723, -2.3595 -4.3873 0.2795, -2.3595 -4.3873 0.752, -2.3517 -4.4063 0.2795, -2.3517 -4.4063 0.752, -2.3391 -4.4226 0.2795, -2.3391 -4.4226 0.752, -2.3228 -4.4351 0.2795, -2.3228 -4.4351 0.752, -2.3038 -4.443 0.2795, -2.3038 -4.443 0.752, -2.3595 -4.3669 0.7723, -2.2835 -4.3669 0.8307, -2.2835 -3.981 0.8307, -2.3038 -4.3669 0.828, -2.2835 -3.9405 0.8307, -2.2835 -3.8084 0.8307, -2.2835 -3.7785 0.8307, -2.2835 -3.6746 0.8307, -2.3517 -4.3669 0.7913, -2.3391 -4.3669 0.8076, -2.3228 -4.3669 0.8202, 2.3595 -4.3669 0.7723, 2.3517 -4.3669 0.7913, 2.3391 -4.3669 0.8076, 2.3228 -4.3669 0.8202, 2.3038 -4.3669 0.828, 2.2835 -3.6746 0.8307, 2.2835 -3.7785 0.8307, 2.2835 -3.8084 0.8307, 2.2835 -3.9405 0.8307, 2.2835 -3.981 0.8307, 2.2835 -4.3669 0.8307, 2.3038 -4.443 0.2795, 2.3038 -4.443 0.752, 2.3228 -4.4351 0.2795, 2.3228 -4.4351 0.752, 2.3391 -4.4226 0.2795, 2.3391 -4.4226 0.752, 2.3517 -4.4063 0.2795, 2.3517 -4.4063 0.752, 2.3595 -4.3873 0.2795, 2.3595 -4.3873 0.752, -2.2835 -4.443 0.7723, -2.3031 -4.4404 0.7723, -2.3031 -4.401 0.8202, -2.2937 -4.3846 0.828, -2.2979 -4.3813 0.828, -2.3031 -4.3722 0.828, -2.2887 -4.3866 0.828, -2.2937 -4.405 0.8202, -2.2979 -4.4207 0.8076, -2.2835 -4.3873 0.828, -2.3113 -4.3948 0.8202, -2.3011 -4.3771 0.828, -2.3176 -4.3866 0.8202, -2.3215 -4.3771 0.8202, -2.2835 -4.4063 0.8202, -2.2835 -4.4226 0.8076, -2.2835 -4.4351 0.7913, -2.3113 -4.4151 0.8076, -2.3228 -4.4063 0.8076, -2.3317 -4.3948 0.8076, -2.3372 -4.3813 0.8076, -2.3011 -4.4328 0.7913, -2.3176 -4.426 0.7913, -2.3317 -4.4151 0.7913, -2.3425 -4.401 0.7913, -2.3493 -4.3846 0.7913, -2.3215 -4.4328 0.7723, -2.3372 -4.4207 0.7723, -2.3493 -4.405 0.7723, -2.3569 -4.3866 0.7723, 2.3569 -4.3866 0.7723, 2.3176 -4.3866 0.8202, 2.3011 -4.3771 0.828, 2.2979 -4.3813 0.828, 2.2835 -4.3873 0.828, 2.2887 -4.3866 0.828, 2.3031 -4.3722 0.828, 2.3215 -4.3771 0.8202, 2.3372 -4.3813 0.8076, 2.3113 -4.3948 0.8202, 2.2937 -4.3846 0.828, 2.3031 -4.401 0.8202, 2.2937 -4.405 0.8202, 2.2835 -4.4063 0.8202, 2.3317 -4.3948 0.8076, 2.3228 -4.4063 0.8076, 2.3113 -4.4151 0.8076, 2.2979 -4.4207 0.8076, 2.2835 -4.4226 0.8076, 2.3493 -4.3846 0.7913, 2.3425 -4.401 0.7913, 2.3317 -4.4151 0.7913, 2.3176 -4.426 0.7913, 2.3011 -4.4328 0.7913, 2.2835 -4.4351 0.7913, 2.3493 -4.405 0.7723, 2.3372 -4.4207 0.7723, 2.3215 -4.4328 0.7723, 2.3031 -4.4404 0.7723, 2.2835 -4.443 0.7723, 2.0981 -4.3669 0.8307, 1.818 -4.3669 0.8307, 1.7224 -4.3669 0.8307, 1.6901 -4.3669 0.8307, 1.5944 -4.3669 0.8307, 1.5706 -4.3669 0.8307, 1.524 -4.3669 0.8307, 1.5051 -4.3669 0.8307, 1.4375 -4.3669 0.8307, 1.4314 -4.3669 0.8307, 1.3331 -4.3669 0.8307
            ]
        }
        coordIndex [
            0,1,2,-1,2,1,3,-1,4,5,6,-1,6,5,7,-1,8,9,10,-1,10,9,11,-1,12,13,14,-1,14,13,15,-1,4,6,16,-1,4,16,17,-1,17,16,18,-1,17,18,19,-1,19,18,20,-1,19,20,21,-1,21,20,22,-1,21,22,23,-1,23,22,24,-1,23,24,25,-1,25,24,8,-1,25,8,10,-1,5,4,26,-1,5,26,27,-1,27,26,28,-1,27,28,29,-1,29,28,30,-1,29,30,31,-1,31,30,32,-1,31,32,33,-1,33,32,34,-1,33,34,35,-1,34,36,37,-1,34,37,35,-1,35,37,38,-1,35,38,39,-1,39,40,35,-1,35,40,41,-1,35,41,42,-1,42,43,35,-1,35,43,44,-1,35,44,45,-1,45,46,35,-1,35,46,47,-1,35,47,48,-1,0,2,49,-1,0,49,50,-1,50,49,51,-1,50,51,52,-1,52,51,53,-1,52,53,54,-1,54,53,55,-1,54,55,56,-1,56,55,57,-1,56,57,58,-1,58,57,7,-1,58,7,5,-1,10,59,60,-1,61,62,63,-1,36,34,64,-1,63,62,36,-1,65,36,62,-1,65,62,66,-1,66,62,61,-1,66,61,67,-1,68,36,65,-1,69,70,71,-1,71,70,64,-1,71,64,72,-1,72,64,34,-1,72,34,32,-1,68,65,73,-1,73,65,66,-1,73,66,74,-1,74,66,67,-1,74,67,75,-1,76,69,77,-1,77,69,71,-1,77,71,78,-1,78,71,72,-1,78,72,79,-1,79,72,32,-1,79,32,30,-1,80,76,81,-1,81,76,77,-1,81,77,82,-1,82,77,78,-1,82,78,83,-1,83,78,79,-1,83,79,84,-1,84,79,30,-1,84,30,28,-1,59,80,60,-1,60,80,81,-1,60,81,85,-1,85,81,82,-1,85,82,86,-1,86,82,83,-1,86,83,87,-1,87,83,84,-1,87,84,88,-1,88,84,28,-1,88,28,26,-1,10,60,25,-1,25,60,85,-1,25,85,23,-1,23,85,86,-1,23,86,21,-1,21,86,87,-1,21,87,19,-1,19,87,88,-1,19,88,17,-1,17,88,26,-1,17,26,4,-1,70,36,64,-1,59,75,80,-1,80,75,67,-1,80,67,76,-1,76,67,61,-1,76,61,69,-1,69,61,63,-1,69,63,70,-1,70,63,36,-1,5,27,89,-1,90,91,92,-1,48,93,94,-1,92,91,48,-1,95,48,91,-1,95,91,96,-1,96,91,90,-1,96,90,97,-1,35,48,95,-1,98,99,100,-1,100,99,94,-1,100,94,101,-1,101,94,93,-1,101,93,102,-1,35,95,33,-1,33,95,96,-1,33,96,31,-1,31,96,97,-1,31,97,29,-1,103,98,104,-1,104,98,100,-1,104,100,105,-1,105,100,101,-1,105,101,106,-1,106,101,102,-1,106,102,107,-1,108,103,109,-1,109,103,104,-1,109,104,110,-1,110,104,105,-1,110,105,111,-1,111,105,106,-1,111,106,112,-1,112,106,107,-1,112,107,113,-1,27,108,89,-1,89,108,109,-1,89,109,114,-1,114,109,110,-1,114,110,115,-1,115,110,111,-1,115,111,116,-1,116,111,112,-1,116,112,117,-1,117,112,113,-1,117,113,118,-1,5,89,58,-1,58,89,114,-1,58,114,56,-1,56,114,115,-1,56,115,54,-1,54,115,116,-1,54,116,52,-1,52,116,117,-1,52,117,50,-1,50,117,118,-1,50,118,0,-1,99,48,94,-1,27,29,108,-1,108,29,97,-1,108,97,103,-1,103,97,90,-1,103,90,98,-1,98,90,92,-1,98,92,99,-1,99,92,48,-1,11,9,119,-1,11,119,120,-1,120,119,121,-1,120,121,122,-1,122,121,123,-1,122,123,124,-1,124,123,125,-1,124,125,126,-1,126,125,127,-1,126,127,128,-1,128,127,12,-1,128,12,14,-1,10,11,129,-1,130,131,132,-1,132,131,133,-1,133,134,132,-1,132,134,135,-1,132,135,136,-1,10,129,59,-1,59,129,137,-1,59,137,75,-1,75,137,138,-1,75,138,74,-1,74,138,139,-1,74,139,73,-1,73,139,132,-1,73,132,68,-1,68,132,136,-1,68,136,36,-1,1,0,118,-1,1,118,140,-1,140,118,113,-1,140,113,141,-1,141,113,107,-1,141,107,142,-1,142,107,102,-1,142,102,143,-1,143,102,93,-1,143,93,144,-1,93,48,145,-1,93,145,144,-1,144,145,146,-1,144,146,147,-1,147,148,144,-1,144,148,149,-1,144,149,150,-1,15,13,151,-1,15,151,152,-1,152,151,153,-1,152,153,154,-1,154,153,155,-1,154,155,156,-1,156,155,157,-1,156,157,158,-1,158,157,159,-1,158,159,160,-1,160,159,3,-1,160,3,1,-1,14,161,162,-1,163,164,165,-1,130,132,166,-1,165,164,130,-1,167,130,164,-1,167,164,168,-1,168,164,163,-1,168,163,169,-1,170,130,167,-1,171,172,173,-1,173,172,166,-1,173,166,174,-1,174,166,132,-1,174,132,139,-1,170,167,175,-1,175,167,168,-1,175,168,176,-1,176,168,169,-1,176,169,177,-1,178,171,179,-1,179,171,173,-1,179,173,180,-1,180,173,174,-1,180,174,181,-1,181,174,139,-1,181,139,138,-1,182,178,183,-1,183,178,179,-1,183,179,184,-1,184,179,180,-1,184,180,185,-1,185,180,181,-1,185,181,186,-1,186,181,138,-1,186,138,137,-1,161,182,162,-1,162,182,183,-1,162,183,187,-1,187,183,184,-1,187,184,188,-1,188,184,185,-1,188,185,189,-1,189,185,186,-1,189,186,190,-1,190,186,137,-1,190,137,129,-1,14,162,128,-1,128,162,187,-1,128,187,126,-1,126,187,188,-1,126,188,124,-1,124,188,189,-1,124,189,122,-1,122,189,190,-1,122,190,120,-1,120,190,129,-1,120,129,11,-1,172,130,166,-1,161,177,182,-1,182,177,169,-1,182,169,178,-1,178,169,163,-1,178,163,171,-1,171,163,165,-1,171,165,172,-1,172,165,130,-1,1,140,191,-1,192,193,194,-1,150,195,196,-1,194,193,150,-1,197,150,193,-1,197,193,198,-1,198,193,192,-1,198,192,199,-1,144,150,197,-1,200,201,202,-1,202,201,196,-1,202,196,203,-1,203,196,195,-1,203,195,204,-1,144,197,143,-1,143,197,198,-1,143,198,142,-1,142,198,199,-1,142,199,141,-1,205,200,206,-1,206,200,202,-1,206,202,207,-1,207,202,203,-1,207,203,208,-1,208,203,204,-1,208,204,209,-1,210,205,211,-1,211,205,206,-1,211,206,212,-1,212,206,207,-1,212,207,213,-1,213,207,208,-1,213,208,214,-1,214,208,209,-1,214,209,215,-1,140,210,191,-1,191,210,211,-1,191,211,216,-1,216,211,212,-1,216,212,217,-1,217,212,213,-1,217,213,218,-1,218,213,214,-1,218,214,219,-1,219,214,215,-1,219,215,220,-1,1,191,160,-1,160,191,216,-1,160,216,158,-1,158,216,217,-1,158,217,156,-1,156,217,218,-1,156,218,154,-1,154,218,219,-1,154,219,152,-1,152,219,220,-1,152,220,15,-1,201,150,196,-1,140,141,210,-1,210,141,199,-1,210,199,205,-1,205,199,192,-1,205,192,200,-1,200,192,194,-1,200,194,201,-1,201,194,150,-1,14,15,220,-1,14,220,161,-1,161,220,215,-1,161,215,177,-1,177,215,209,-1,177,209,176,-1,176,209,204,-1,176,204,175,-1,175,204,195,-1,175,195,170,-1,150,221,195,-1,195,221,222,-1,222,223,195,-1,195,223,224,-1,195,224,170,-1,170,224,225,-1,170,225,226,-1,226,227,170,-1,170,227,228,-1,170,228,229,-1,229,230,170,-1,170,230,231,-1,170,231,130,-1,
        ]
    }
}
Shape{
    appearance Appearance {
        material  Material 	{
            diffuseColor 0.0 0.0 0.0
            specularColor 0.0 0.0 0.0
            ambientIntensity 0.0
            transparency 0.0
            shininess 0.5
        }
    }
    geometry IndexedFaceSet {
        ccw TRUE
        solid FALSE
        coord DEF co Coordinate {
            point [
                1.7935 -3.8623 0.8311, 1.8034 -3.8546 0.8311, 1.7901 -3.8589 0.8311, 1.7997 -3.8511 0.8311, 1.7822 -3.8537 0.8311, 1.7888 -3.8436 0.8311, 1.7733 -3.8506 0.8311, 1.7764 -3.8392 0.8311, 1.7606 -3.8493 0.8311, 1.7611 -3.8375 0.8311, 1.7452 -3.8493 0.8311, 1.732 -3.8375 0.8311, 1.7452 -3.928 0.8311, 1.732 -3.9397 0.8311, 1.76 -3.928 0.8311, 1.7601 -3.9397 0.8311, 1.7742 -3.9263 0.8311, 1.7758 -3.9379 0.8311, 1.7826 -3.923 0.8311, 1.7878 -3.9337 0.8311, 1.7892 -3.9185 0.8311, 1.7978 -3.9271 0.8311, 1.7904 -3.9174 0.8311, 1.7997 -3.9254 0.8311, 1.7957 -3.9106 0.8311, 1.807 -3.9169 0.8311, 1.7991 -3.903 0.8311, 1.8122 -3.9064 0.8311, 1.801 -3.8935 0.8311, 1.8148 -3.8945 0.8311, 1.8013 -3.8877 0.8311, 1.8152 -3.8873 0.8311, 1.8 -3.8759 0.8311, 1.8135 -3.8732 0.8311, 1.7973 -3.8682 0.8311, 1.8097 -3.8635 0.8311, 1.7997 -3.9254 0.8307, 1.807 -3.9169 0.8307, 1.8122 -3.9064 0.8307, 1.8148 -3.8945 0.8307, 1.8152 -3.8873 0.8307, 1.8135 -3.8732 0.8307, 1.8097 -3.8635 0.8307, 1.8034 -3.8546 0.8307, 1.7997 -3.8511 0.8307, 1.7888 -3.8436 0.8307, 1.7764 -3.8392 0.8307, 1.7611 -3.8375 0.8307, 1.732 -3.8375 0.8307, 1.732 -3.9397 0.8307, 1.7601 -3.9397 0.8307, 1.7758 -3.9379 0.8307, 1.7878 -3.9337 0.8307, 1.7978 -3.9271 0.8307, 1.7901 -3.8589 0.8307, 1.7935 -3.8623 0.8307, 1.7973 -3.8682 0.8307, 1.8 -3.8759 0.8307, 1.8013 -3.8877 0.8307, 1.7606 -3.8493 0.8307, 1.7733 -3.8506 0.8307, 1.7822 -3.8537 0.8307, 1.7452 -3.8493 0.8307, 1.7452 -3.928 0.8307, 1.76 -3.928 0.8307, 1.7904 -3.9174 0.8307, 1.7892 -3.9185 0.8307, 1.7826 -3.923 0.8307, 1.7742 -3.9263 0.8307, 1.801 -3.8935 0.8307, 1.7991 -3.903 0.8307, 1.7957 -3.9106 0.8307
            ]
        }
        coordIndex [
            0,1,2,-1,2,1,3,-1,2,3,4,-1,4,3,5,-1,4,5,6,-1,6,5,7,-1,6,7,8,-1,8,7,9,-1,8,9,10,-1,10,9,11,-1,10,11,12,-1,12,11,13,-1,12,13,14,-1,14,13,15,-1,14,15,16,-1,16,15,17,-1,16,17,18,-1,18,17,19,-1,18,19,20,-1,20,19,21,-1,20,21,22,-1,22,21,23,-1,22,23,24,-1,24,23,25,-1,24,25,26,-1,26,25,27,-1,26,27,28,-1,28,27,29,-1,28,29,30,-1,30,29,31,-1,30,31,32,-1,32,31,33,-1,32,33,34,-1,34,33,35,-1,34,35,0,-1,0,35,1,-1,23,36,37,-1,23,37,25,-1,25,37,38,-1,25,38,27,-1,27,38,39,-1,27,39,29,-1,29,39,40,-1,29,40,31,-1,31,40,41,-1,31,41,33,-1,33,41,42,-1,33,42,35,-1,35,42,43,-1,35,43,1,-1,1,43,44,-1,1,44,3,-1,3,44,45,-1,3,45,5,-1,5,45,46,-1,5,46,7,-1,7,46,47,-1,7,47,9,-1,11,9,48,-1,48,9,47,-1,13,11,49,-1,49,11,48,-1,15,13,50,-1,50,13,49,-1,15,50,51,-1,15,51,17,-1,17,51,52,-1,17,52,19,-1,19,52,53,-1,19,53,21,-1,21,53,36,-1,21,36,23,-1,2,54,55,-1,2,55,0,-1,0,55,56,-1,0,56,34,-1,34,56,57,-1,34,57,32,-1,32,57,58,-1,32,58,30,-1,8,59,60,-1,8,60,6,-1,6,60,61,-1,6,61,4,-1,4,61,54,-1,4,54,2,-1,8,10,59,-1,59,10,62,-1,10,12,62,-1,62,12,63,-1,12,14,63,-1,63,14,64,-1,22,65,66,-1,22,66,20,-1,20,66,67,-1,20,67,18,-1,18,67,68,-1,18,68,16,-1,16,68,64,-1,16,64,14,-1,30,58,69,-1,30,69,28,-1,28,69,70,-1,28,70,26,-1,26,70,71,-1,26,71,24,-1,24,71,65,-1,24,65,22,-1,
        ]
    }
}
Shape{
    appearance Appearance {
        material  Material 	{
            diffuseColor 0.6666666666666666 0.6666666666666666 0.6666666666666666
            specularColor 0.4666666666666667 0.4666666666666667 0.4666666666666667
            ambientIntensity 0.6667
            transparency 0.0
            shininess 0.5
        }
    }
    geometry IndexedFaceSet {
        ccw TRUE
        solid FALSE
        coord DEF co Coordinate {
            point [
                1.7452 -3.8493 0.8307, 1.7452 -3.928 0.8307, 1.7606 -3.8493 0.8307, 1.76 -3.928 0.8307, 1.7892 -3.9185 0.8307, 1.7904 -3.9174 0.8307, 1.7742 -3.9263 0.8307, 1.7826 -3.923 0.8307, 1.7957 -3.9106 0.8307, 1.7991 -3.903 0.8307, 1.801 -3.8935 0.8307, 1.8013 -3.8877 0.8307, 1.8 -3.8759 0.8307, 1.7973 -3.8682 0.8307, 1.7935 -3.8623 0.8307, 1.7901 -3.8589 0.8307, 1.7733 -3.8506 0.8307, 1.7822 -3.8537 0.8307
            ]
        }
        coordIndex [
            0,1,2,-1,2,1,3,-1,2,4,5,-1,3,6,2,-1,2,6,7,-1,2,7,4,-1,5,8,2,-1,2,8,9,-1,2,9,10,-1,10,11,2,-1,2,11,12,-1,2,12,13,-1,13,14,2,-1,2,14,15,-1,2,15,16,-1,16,15,17,-1,
        ]
    }
}
Shape{
    appearance Appearance {
        material  Material 	{
            diffuseColor 0.0 0.0 0.0
            specularColor 0.0 0.0 0.0
            ambientIntensity 0.0
            transparency 0.0
            shininess 0.5
        }
    }
    geometry IndexedFaceSet {
        ccw TRUE
        solid FALSE
        coord DEF co Coordinate {
            point [
                1.6108 -3.9216 0.8311, 1.6108 -3.9216 0.8307, 1.6098 -3.925 0.8307, 1.6098 -3.925 0.8311, 1.6092 -3.9275 0.8307, 1.6092 -3.9275 0.8311, 1.6089 -3.9275 0.8311, 1.6089 -3.9275 0.8307, 1.6073 -3.9215 0.8311, 1.6073 -3.9215 0.8307, 1.5883 -3.8667 0.8307, 1.5883 -3.8667 0.8311, 1.5944 -3.8845 0.8307, 1.574 -3.8667 0.8311, 1.574 -3.8667 0.8307, 1.6026 -3.9395 0.8307, 1.6026 -3.9395 0.8311, 1.5944 -3.9188 0.8307, 1.597 -3.9528 0.8307, 1.597 -3.9528 0.8311, 1.6021 -3.9405 0.8307, 1.5945 -3.9574 0.8307, 1.5945 -3.9574 0.8311, 1.5944 -3.9574 0.8307, 1.5921 -3.96 0.8311, 1.5921 -3.96 0.8307, 1.5897 -3.9617 0.8307, 1.5897 -3.9617 0.8311, 1.5869 -3.9627 0.8307, 1.5869 -3.9627 0.8311, 1.5839 -3.9631 0.8307, 1.5839 -3.9631 0.8311, 1.5792 -3.9625 0.8307, 1.5792 -3.9625 0.8311, 1.5766 -3.9616 0.8307, 1.5766 -3.9616 0.8311, 1.5766 -3.973 0.8311, 1.5766 -3.973 0.8307, 1.582 -3.9739 0.8307, 1.582 -3.9739 0.8311, 1.5849 -3.974 0.8307, 1.5849 -3.974 0.8311, 1.59 -3.9734 0.8307, 1.5944 -3.9717 0.8307, 1.5951 -3.9715 0.8311, 1.59 -3.9734 0.8311, 1.5951 -3.9715 0.8307, 1.5995 -3.9684 0.8307, 1.5995 -3.9684 0.8311, 1.6004 -3.9676 0.8307, 1.6004 -3.9676 0.8311, 1.6051 -3.962 0.8307, 1.6051 -3.962 0.8311, 1.6109 -3.9507 0.8307, 1.6109 -3.9507 0.8311, 1.644 -3.8667 0.8307, 1.644 -3.8667 0.8311, 1.6149 -3.9405 0.8307, 1.6307 -3.8667 0.8311, 1.6307 -3.8667 0.8307, 1.5483 -3.9403 0.8311, 1.5378 -3.9414 0.8311, 1.546 -3.9405 0.8307, 1.5378 -3.9414 0.8307, 1.5483 -3.9403 0.8307, 1.5553 -3.9378 0.8307, 1.5553 -3.9378 0.8311, 1.5591 -3.9356 0.8307, 1.5591 -3.9356 0.8311, 1.5627 -3.9324 0.8307, 1.5627 -3.9324 0.8311, 1.5651 -3.929 0.8307, 1.5651 -3.929 0.8311, 1.5667 -3.925 0.8307, 1.5667 -3.925 0.8311, 1.5673 -3.9198 0.8307, 1.5673 -3.9198 0.8311, 1.5668 -3.9151 0.8307, 1.5668 -3.9151 0.8311, 1.5654 -3.9113 0.8307, 1.5654 -3.9113 0.8311, 1.563 -3.9078 0.8307, 1.563 -3.9078 0.8311, 1.56 -3.905 0.8307, 1.56 -3.905 0.8311, 1.5515 -3.9003 0.8307, 1.5515 -3.9003 0.8311, 1.5465 -3.8983 0.8307, 1.5465 -3.8983 0.8311, 1.5386 -3.8949 0.8307, 1.5386 -3.8949 0.8311, 1.5341 -3.892 0.8307, 1.5341 -3.892 0.8311, 1.5328 -3.8907 0.8307, 1.5328 -3.8907 0.8311, 1.5319 -3.8889 0.8307, 1.5319 -3.8889 0.8311, 1.5314 -3.887 0.8307, 1.5314 -3.887 0.8311, 1.5313 -3.8853 0.8307, 1.5313 -3.8853 0.8311, 1.5315 -3.8832 0.8307, 1.5315 -3.8832 0.8311, 1.5322 -3.8815 0.8307, 1.5322 -3.8815 0.8311, 1.5333 -3.8799 0.8307, 1.5333 -3.8799 0.8311, 1.5352 -3.8782 0.8307, 1.5352 -3.8782 0.8311, 1.5381 -3.8766 0.8307, 1.5381 -3.8766 0.8311, 1.5415 -3.8757 0.8307, 1.5415 -3.8757 0.8311, 1.5453 -3.8754 0.8307, 1.5453 -3.8754 0.8311, 1.5537 -3.8764 0.8307, 1.5537 -3.8764 0.8311, 1.5609 -3.879 0.8307, 1.5609 -3.879 0.8311, 1.5638 -3.8807 0.8307, 1.5638 -3.8807 0.8311, 1.5638 -3.8683 0.8311, 1.5638 -3.8683 0.8307, 1.5536 -3.8655 0.8307, 1.5536 -3.8655 0.8311, 1.5465 -3.865 0.8307, 1.5465 -3.865 0.8311, 1.5371 -3.8661 0.8307, 1.5371 -3.8661 0.8311, 1.5301 -3.8686 0.8307, 1.5301 -3.8686 0.8311, 1.5263 -3.8708 0.8307, 1.5263 -3.8708 0.8311, 1.5225 -3.8743 0.8311, 1.524 -3.873 0.8307, 1.5225 -3.8743 0.8307, 1.5201 -3.8777 0.8307, 1.5201 -3.8777 0.8311, 1.5186 -3.8818 0.8307, 1.5186 -3.8818 0.8311, 1.5181 -3.8864 0.8307, 1.5181 -3.8864 0.8311, 1.5187 -3.8914 0.8307, 1.5187 -3.8914 0.8311, 1.5201 -3.8953 0.8307, 1.5201 -3.8953 0.8311, 1.5217 -3.8979 0.8307, 1.5217 -3.8979 0.8311, 1.5375 -3.9076 0.8307, 1.5375 -3.9076 0.8311, 1.5299 -3.9041 0.8311, 1.5238 -3.9001 0.8307, 1.5238 -3.9001 0.8311, 1.524 -3.9002 0.8307, 1.5299 -3.9041 0.8307, 1.5459 -3.9111 0.8307, 1.5459 -3.9111 0.8311, 1.5509 -3.9141 0.8307, 1.5509 -3.9141 0.8311, 1.5525 -3.9158 0.8307, 1.5525 -3.9158 0.8311, 1.5535 -3.9175 0.8307, 1.5535 -3.9175 0.8311, 1.554 -3.9195 0.8307, 1.554 -3.9195 0.8311, 1.5542 -3.9211 0.8307, 1.5542 -3.9211 0.8311, 1.5539 -3.9235 0.8307, 1.5539 -3.9235 0.8311, 1.5533 -3.9253 0.8307, 1.5533 -3.9253 0.8311, 1.5521 -3.927 0.8307, 1.5521 -3.927 0.8311, 1.5507 -3.9283 0.8307, 1.5507 -3.9283 0.8311, 1.5495 -3.929 0.8307, 1.5495 -3.929 0.8311, 1.5462 -3.9302 0.8307, 1.5462 -3.9302 0.8311, 1.5396 -3.9309 0.8307, 1.5396 -3.9309 0.8311, 1.5391 -3.9309 0.8307, 1.5391 -3.9309 0.8311, 1.5311 -3.93 0.8307, 1.524 -3.9273 0.8307, 1.523 -3.927 0.8311, 1.5311 -3.93 0.8311, 1.523 -3.927 0.8307, 1.518 -3.9239 0.8307, 1.518 -3.9239 0.8311, 1.518 -3.9371 0.8311, 1.518 -3.9371 0.8307, 1.5272 -3.9403 0.8311, 1.524 -3.9392 0.8307, 1.5294 -3.9405 0.8307, 1.5272 -3.9403 0.8307, 1.4879 -3.9397 0.8311, 1.5007 -3.9397 0.8311, 1.4879 -3.9284 0.8311, 1.5007 -3.8927 0.8311, 1.4879 -3.8933 0.8311, 1.4602 -3.9085 0.8311, 1.4633 -3.9071 0.8311, 1.4876 -3.9284 0.8311, 1.4808 -3.9265 0.8311, 1.4856 -3.9314 0.8311, 1.4772 -3.9289 0.8311, 1.4708 -3.9054 0.8311, 1.4879 -3.9031 0.8311, 1.4879 -3.9101 0.8311, 1.4879 -3.9109 0.8311, 1.4871 -3.9166 0.8311, 1.4852 -3.9212 0.8311, 1.4824 -3.9249 0.8311, 1.4875 -3.8876 0.8311, 1.4997 -3.8831 0.8311, 1.4861 -3.8831 0.8311, 1.4977 -3.8773 0.8311, 1.4846 -3.8804 0.8311, 1.4951 -3.8731 0.8311, 1.4827 -3.8784 0.8311, 1.4917 -3.8698 0.8311, 1.4804 -3.8769 0.8311, 1.4875 -3.8674 0.8311, 1.4775 -3.8759 0.8311, 1.4821 -3.8658 0.8311, 1.4731 -3.8754 0.8311, 1.4743 -3.865 0.8311, 1.4654 -3.8763 0.8311, 1.4623 -3.8664 0.8311, 1.4574 -3.879 0.8311, 1.4526 -3.8699 0.8311, 1.4492 -3.8843 0.8311, 1.4492 -3.8718 0.8311, 1.4577 -3.9265 0.8311, 1.4484 -3.9356 0.8311, 1.4588 -3.9276 0.8311, 1.4527 -3.9386 0.8311, 1.4613 -3.9293 0.8311, 1.4576 -3.9405 0.8311, 1.4642 -3.9304 0.8311, 1.4652 -3.9414 0.8311, 1.4685 -3.9309 0.8311, 1.4718 -3.9407 0.8311, 1.4733 -3.9304 0.8311, 1.477 -3.9388 0.8311, 1.4815 -3.9358 0.8311, 1.4552 -3.9171 0.8311, 1.4421 -3.9184 0.8311, 1.4551 -3.9191 0.8311, 1.4421 -3.9201 0.8311, 1.4554 -3.922 0.8311, 1.4427 -3.9259 0.8311, 1.4562 -3.9244 0.8311, 1.4443 -3.9303 0.8311, 1.4469 -3.9342 0.8311, 1.4663 -3.8963 0.8311, 1.4568 -3.8986 0.8311, 1.4585 -3.9098 0.8311, 1.4513 -3.9014 0.8311, 1.4569 -3.9117 0.8311, 1.4473 -3.9048 0.8311, 1.4558 -3.9141 0.8311, 1.4448 -3.9084 0.8311, 1.443 -3.9129 0.8311, 1.4731 -3.8754 0.8307, 1.4775 -3.8759 0.8307, 1.4804 -3.8769 0.8307, 1.4827 -3.8784 0.8307, 1.4846 -3.8804 0.8307, 1.4861 -3.8831 0.8307, 1.4875 -3.8876 0.8307, 1.4879 -3.8933 0.8307, 1.4663 -3.8963 0.8307, 1.4568 -3.8986 0.8307, 1.4513 -3.9014 0.8307, 1.4473 -3.9048 0.8307, 1.4448 -3.9084 0.8307, 1.443 -3.9129 0.8307, 1.4421 -3.9184 0.8307, 1.4421 -3.9201 0.8307, 1.4427 -3.9259 0.8307, 1.4443 -3.9303 0.8307, 1.4469 -3.9342 0.8307, 1.4484 -3.9356 0.8307, 1.4652 -3.9414 0.8307, 1.4578 -3.9405 0.8307, 1.4576 -3.9405 0.8307, 1.4527 -3.9386 0.8307, 1.4718 -3.9407 0.8307, 1.4722 -3.9405 0.8307, 1.477 -3.9388 0.8307, 1.4815 -3.9358 0.8307, 1.4856 -3.9314 0.8307, 1.4876 -3.9284 0.8307, 1.4879 -3.9284 0.8307, 1.4879 -3.9397 0.8307, 1.5007 -3.9397 0.8307, 1.5007 -3.8927 0.8307, 1.4997 -3.8831 0.8307, 1.4977 -3.8773 0.8307, 1.4951 -3.8731 0.8307, 1.4917 -3.8698 0.8307, 1.4875 -3.8674 0.8307, 1.4821 -3.8658 0.8307, 1.4743 -3.865 0.8307, 1.4623 -3.8664 0.8307, 1.4526 -3.8699 0.8307, 1.4492 -3.8718 0.8307, 1.4492 -3.8843 0.8307, 1.4574 -3.879 0.8307, 1.4654 -3.8763 0.8307, 1.4824 -3.9249 0.8307, 1.4808 -3.9265 0.8307, 1.4772 -3.9289 0.8307, 1.4733 -3.9304 0.8307, 1.4685 -3.9309 0.8307, 1.4879 -3.9101 0.8307, 1.4879 -3.9109 0.8307, 1.4871 -3.9166 0.8307, 1.4852 -3.9212 0.8307, 1.4879 -3.9031 0.8307, 1.4708 -3.9054 0.8307, 1.4585 -3.9098 0.8307, 1.4602 -3.9085 0.8307, 1.4633 -3.9071 0.8307, 1.4551 -3.9191 0.8307, 1.4552 -3.9171 0.8307, 1.4558 -3.9141 0.8307, 1.4569 -3.9117 0.8307, 1.4588 -3.9276 0.8307, 1.4577 -3.9265 0.8307, 1.4562 -3.9244 0.8307, 1.4554 -3.922 0.8307, 1.4642 -3.9304 0.8307, 1.4613 -3.9293 0.8307
            ]
        }
        coordIndex [
            0,1,2,-1,0,2,3,-1,3,2,4,-1,3,4,5,-1,6,5,7,-1,7,5,4,-1,8,6,9,-1,9,6,7,-1,10,11,12,-1,12,11,8,-1,12,8,9,-1,13,11,14,-1,14,11,10,-1,15,16,17,-1,17,16,13,-1,17,13,14,-1,18,19,20,-1,20,19,16,-1,20,16,15,-1,19,18,21,-1,19,21,22,-1,22,21,23,-1,22,23,24,-1,23,25,24,-1,24,25,26,-1,24,26,27,-1,27,26,28,-1,27,28,29,-1,29,28,30,-1,29,30,31,-1,31,30,32,-1,31,32,33,-1,33,32,34,-1,33,34,35,-1,36,35,37,-1,37,35,34,-1,36,37,38,-1,36,38,39,-1,39,38,40,-1,39,40,41,-1,41,40,42,-1,43,44,42,-1,42,44,45,-1,42,45,41,-1,43,46,44,-1,44,46,47,-1,44,47,48,-1,48,47,49,-1,48,49,50,-1,50,49,51,-1,50,51,52,-1,52,51,53,-1,52,53,54,-1,55,56,57,-1,57,56,54,-1,57,54,53,-1,58,56,59,-1,59,56,55,-1,0,58,1,-1,1,58,59,-1,3,5,54,-1,56,58,54,-1,54,58,0,-1,54,0,3,-1,11,13,8,-1,8,13,16,-1,8,16,6,-1,52,22,50,-1,50,22,24,-1,35,36,33,-1,33,36,39,-1,33,39,31,-1,31,39,41,-1,31,41,29,-1,29,41,45,-1,29,45,27,-1,27,45,44,-1,27,44,24,-1,24,44,48,-1,24,48,50,-1,5,6,54,-1,54,6,16,-1,54,16,52,-1,52,16,19,-1,52,19,22,-1,60,61,62,-1,62,61,63,-1,62,64,60,-1,60,64,65,-1,60,65,66,-1,66,65,67,-1,66,67,68,-1,68,67,69,-1,68,69,70,-1,70,69,71,-1,70,71,72,-1,72,71,73,-1,72,73,74,-1,74,73,75,-1,74,75,76,-1,76,75,77,-1,76,77,78,-1,78,77,79,-1,78,79,80,-1,80,79,81,-1,80,81,82,-1,82,81,83,-1,82,83,84,-1,84,83,85,-1,84,85,86,-1,86,85,87,-1,86,87,88,-1,88,87,89,-1,88,89,90,-1,90,89,91,-1,90,91,92,-1,92,91,93,-1,92,93,94,-1,94,93,95,-1,94,95,96,-1,96,95,97,-1,96,97,98,-1,98,97,99,-1,98,99,100,-1,100,99,101,-1,100,101,102,-1,102,101,103,-1,102,103,104,-1,104,103,105,-1,104,105,106,-1,106,105,107,-1,106,107,108,-1,108,107,109,-1,108,109,110,-1,110,109,111,-1,110,111,112,-1,112,111,113,-1,112,113,114,-1,114,113,115,-1,114,115,116,-1,116,115,117,-1,116,117,118,-1,118,117,119,-1,118,119,120,-1,121,120,122,-1,122,120,119,-1,121,122,123,-1,121,123,124,-1,124,123,125,-1,124,125,126,-1,126,125,127,-1,126,127,128,-1,128,127,129,-1,128,129,130,-1,130,129,131,-1,130,131,132,-1,133,132,134,-1,134,132,131,-1,134,135,133,-1,133,135,136,-1,133,136,137,-1,137,136,138,-1,137,138,139,-1,139,138,140,-1,139,140,141,-1,141,140,142,-1,141,142,143,-1,143,142,144,-1,143,144,145,-1,145,144,146,-1,145,146,147,-1,148,149,150,-1,147,146,151,-1,147,151,152,-1,152,151,153,-1,152,153,150,-1,150,153,154,-1,150,154,148,-1,149,148,155,-1,149,155,156,-1,156,155,157,-1,156,157,158,-1,158,157,159,-1,158,159,160,-1,160,159,161,-1,160,161,162,-1,162,161,163,-1,162,163,164,-1,164,163,165,-1,164,165,166,-1,166,165,167,-1,166,167,168,-1,168,167,169,-1,168,169,170,-1,170,169,171,-1,170,171,172,-1,172,171,173,-1,172,173,174,-1,174,173,175,-1,174,175,176,-1,176,175,177,-1,176,177,178,-1,178,177,179,-1,178,179,180,-1,180,179,181,-1,180,181,182,-1,182,181,183,-1,184,185,183,-1,183,185,186,-1,183,186,182,-1,184,187,185,-1,185,187,188,-1,185,188,189,-1,190,189,191,-1,191,189,188,-1,192,190,193,-1,193,190,191,-1,63,61,194,-1,194,61,192,-1,194,192,195,-1,195,192,193,-1,106,108,130,-1,130,108,128,-1,156,88,149,-1,149,88,90,-1,66,68,172,-1,172,68,70,-1,172,70,170,-1,170,70,72,-1,170,72,168,-1,168,72,74,-1,168,74,166,-1,166,74,76,-1,166,76,164,-1,164,76,78,-1,164,78,162,-1,162,78,80,-1,162,80,160,-1,160,80,82,-1,160,82,158,-1,158,82,84,-1,158,84,156,-1,156,84,86,-1,156,86,88,-1,61,182,192,-1,192,182,186,-1,192,186,190,-1,190,186,185,-1,190,185,189,-1,108,110,128,-1,128,110,112,-1,128,112,126,-1,126,112,114,-1,126,114,124,-1,124,114,116,-1,124,116,121,-1,121,116,118,-1,121,118,120,-1,172,174,66,-1,66,174,176,-1,66,176,60,-1,60,176,178,-1,60,178,61,-1,61,178,180,-1,61,180,182,-1,130,132,106,-1,106,132,133,-1,106,133,104,-1,104,133,137,-1,104,137,102,-1,102,137,139,-1,102,139,100,-1,100,139,141,-1,100,141,98,-1,98,141,143,-1,98,143,96,-1,96,143,145,-1,96,145,94,-1,94,145,147,-1,94,147,92,-1,92,147,152,-1,92,152,90,-1,90,152,150,-1,90,150,149,-1,196,197,198,-1,198,197,199,-1,200,201,202,-1,203,204,205,-1,205,204,206,-1,207,208,199,-1,199,208,209,-1,209,210,199,-1,199,210,211,-1,199,211,198,-1,198,211,212,-1,198,212,203,-1,203,212,213,-1,203,213,204,-1,202,207,200,-1,200,207,199,-1,200,199,214,-1,214,199,215,-1,214,215,216,-1,216,215,217,-1,216,217,218,-1,218,217,219,-1,218,219,220,-1,220,219,221,-1,220,221,222,-1,222,221,223,-1,222,223,224,-1,224,223,225,-1,224,225,226,-1,226,225,227,-1,226,227,228,-1,228,227,229,-1,228,229,230,-1,230,229,231,-1,230,231,232,-1,232,231,233,-1,234,235,236,-1,236,235,237,-1,236,237,238,-1,238,237,239,-1,238,239,240,-1,240,239,241,-1,240,241,242,-1,242,241,243,-1,242,243,244,-1,244,243,245,-1,244,245,206,-1,206,245,246,-1,206,246,205,-1,247,248,249,-1,249,248,250,-1,249,250,251,-1,251,250,252,-1,251,252,253,-1,253,252,254,-1,253,254,234,-1,234,254,255,-1,234,255,235,-1,200,256,201,-1,201,256,257,-1,201,257,258,-1,258,257,259,-1,258,259,260,-1,260,259,261,-1,260,261,262,-1,262,261,263,-1,262,263,247,-1,247,263,264,-1,247,264,248,-1,226,265,266,-1,226,266,224,-1,224,266,267,-1,224,267,222,-1,222,267,268,-1,222,268,220,-1,220,268,269,-1,220,269,218,-1,218,269,270,-1,218,270,216,-1,216,270,271,-1,216,271,214,-1,214,271,272,-1,214,272,200,-1,256,200,273,-1,273,200,272,-1,256,273,274,-1,256,274,257,-1,257,274,275,-1,257,275,259,-1,259,275,276,-1,259,276,261,-1,261,276,277,-1,261,277,263,-1,263,277,278,-1,263,278,264,-1,264,278,279,-1,264,279,248,-1,248,279,280,-1,248,280,250,-1,250,280,281,-1,250,281,252,-1,252,281,282,-1,252,282,254,-1,254,282,283,-1,254,283,255,-1,255,283,284,-1,255,284,235,-1,285,241,286,-1,286,241,239,-1,286,239,287,-1,287,239,237,-1,287,237,288,-1,288,237,235,-1,288,235,284,-1,241,285,289,-1,241,289,243,-1,243,289,290,-1,243,290,245,-1,290,291,245,-1,245,291,292,-1,245,292,246,-1,246,292,293,-1,246,293,205,-1,205,293,294,-1,205,294,203,-1,198,203,295,-1,295,203,294,-1,196,198,296,-1,296,198,295,-1,197,196,297,-1,297,196,296,-1,199,197,298,-1,298,197,297,-1,199,298,299,-1,199,299,215,-1,215,299,300,-1,215,300,217,-1,217,300,301,-1,217,301,219,-1,219,301,302,-1,219,302,221,-1,221,302,303,-1,221,303,223,-1,223,303,304,-1,223,304,225,-1,225,304,305,-1,225,305,227,-1,227,305,306,-1,227,306,229,-1,229,306,307,-1,229,307,231,-1,231,307,308,-1,231,308,233,-1,232,233,309,-1,309,233,308,-1,232,309,310,-1,232,310,230,-1,230,310,311,-1,230,311,228,-1,228,311,265,-1,228,265,226,-1,213,312,313,-1,213,313,204,-1,204,313,314,-1,204,314,206,-1,206,314,315,-1,206,315,244,-1,244,315,316,-1,244,316,242,-1,209,317,318,-1,209,318,210,-1,210,318,319,-1,210,319,211,-1,211,319,320,-1,211,320,212,-1,212,320,312,-1,212,312,213,-1,209,208,317,-1,317,208,321,-1,208,207,321,-1,321,207,322,-1,258,323,324,-1,258,324,201,-1,201,324,325,-1,201,325,202,-1,202,325,322,-1,202,322,207,-1,249,326,327,-1,249,327,247,-1,247,327,328,-1,247,328,262,-1,262,328,329,-1,262,329,260,-1,260,329,323,-1,260,323,258,-1,236,330,331,-1,236,331,234,-1,234,331,332,-1,234,332,253,-1,253,332,333,-1,253,333,251,-1,251,333,326,-1,251,326,249,-1,242,316,334,-1,242,334,240,-1,240,334,335,-1,240,335,238,-1,238,335,330,-1,238,330,236,-1,
        ]
    }
}
Shape{
    appearance Appearance {
        material  Material 	{
            diffuseColor 0.6666666666666666 0.6666666666666666 0.6666666666666666
            specularColor 0.4666666666666667 0.4666666666666667 0.4666666666666667
            ambientIntensity 0.6667
            transparency 0.0
            shininess 0.5
        }
    }
    geometry IndexedFaceSet {
        ccw TRUE
        solid FALSE
        coord DEF co Coordinate {
            point [
                1.4879 -3.9031 0.8307, 1.4708 -3.9054 0.8307, 1.4879 -3.9101 0.8307, 1.4633 -3.9071 0.8307, 1.4602 -3.9085 0.8307, 1.4585 -3.9098 0.8307, 1.4879 -3.9109 0.8307, 1.4871 -3.9166 0.8307, 1.4569 -3.9117 0.8307, 1.4852 -3.9212 0.8307, 1.4577 -3.9265 0.8307, 1.4588 -3.9276 0.8307, 1.4808 -3.9265 0.8307, 1.4562 -3.9244 0.8307, 1.4772 -3.9289 0.8307, 1.4733 -3.9304 0.8307, 1.4685 -3.9309 0.8307, 1.4558 -3.9141 0.8307, 1.4552 -3.9171 0.8307, 1.4824 -3.9249 0.8307, 1.4551 -3.9191 0.8307, 1.4554 -3.922 0.8307, 1.4613 -3.9293 0.8307, 1.4642 -3.9304 0.8307
            ]
        }
        coordIndex [
            0,1,2,-1,2,1,3,-1,3,4,2,-1,2,4,5,-1,2,5,6,-1,6,5,7,-1,7,5,8,-1,7,8,9,-1,10,11,12,-1,10,12,13,-1,14,12,15,-1,15,12,16,-1,8,17,9,-1,9,17,18,-1,9,18,19,-1,19,18,20,-1,19,20,12,-1,12,20,21,-1,12,21,13,-1,11,22,12,-1,12,22,23,-1,12,23,16,-1,
        ]
    }
}
Shape{
    appearance Appearance {
        material  Material 	{
            diffuseColor 0.0 0.0 0.0
            specularColor 0.0 0.0 0.0
            ambientIntensity 0.0
            transparency 0.0
            shininess 0.5
        }
    }
    geometry IndexedFaceSet {
        ccw TRUE
        solid FALSE
        coord DEF co Coordinate {
            point [
                0.9566 -3.9181 0.8311, 0.9569 -3.9111 0.8311, 0.9173 -3.8899 0.8311, 0.9471 -3.9771 0.8311, 0.9332 -3.966 0.8311, 0.9228 -3.9524 0.8311, 0.9964 -3.8428 0.8311, 0.9855 -3.842 0.8311, 0.9777 -3.8886 0.8311, 1.2158 -3.7889 0.8311, 1.2271 -3.7966 0.8311, 1.2641 -3.7717 0.8311, 0.9909 -3.8884 0.8311, 0.9976 -3.8908 0.8311, 1.0582 -3.9081 0.8311, 1.0035 -3.8947 0.8311, 1.0081 -3.9 0.8311, 1.1598 -3.8543 0.8311, 1.1373 -3.8158 0.8311, 1.04 -3.8667 0.8311, 0.9848 -3.8877 0.8311, 0.9183 -3.8874 0.8311, 0.9591 -3.9042 0.8311, 0.9266 -3.8724 0.8311, 0.9628 -3.8982 0.8311, 0.939 -3.8591 0.8311, 0.9657 -3.8952 0.8311, 0.9541 -3.8493 0.8311, 1.0137 -3.8476 0.8311, 0.9714 -3.8911 0.8311, 0.9703 -3.8436 0.8311, 1.0113 -3.9059 0.8311, 1.0129 -3.9127 0.8311, 1.0582 -3.9153 0.8311, 1.013 -3.9193 0.8311, 1.279 -3.7923 0.8311, 1.2364 -3.8072 0.8311, 1.2879 -3.8145 0.8311, 1.2429 -3.8199 0.8311, 1.2913 -3.8384 0.8311, 0.9774 -3.7575 0.8311, 0.9848 -3.7614 0.8311, 0.9623 -3.7084 0.8311, 0.996 -3.7383 0.8311, 0.9772 -3.691 0.8311, 1.0123 -3.7189 0.8311, 0.9943 -3.6764 0.8311, 1.0316 -3.7048 0.8311, 1.012 -3.6654 0.8311, 0.9036 -3.8818 0.8311, 0.9073 -3.9358 0.8311, 0.9166 -3.9386 0.8311, 1.0288 -3.8562 0.8311, 1.1838 -3.7824 0.8311, 1.1896 -3.7824 0.8311, 1.2194 -3.7432 0.8311, 1.2031 -3.7841 0.8311, 1.2228 -3.7444 0.8311, 1.2444 -3.7551 0.8311, 1.2644 -3.9073 0.8311, 1.2295 -3.8796 0.8311, 1.2447 -3.924 0.8311, 1.2185 -3.8881 0.8311, 1.2225 -3.9349 0.8311, 1.2055 -3.8937 0.8311, 1.1983 -3.94 0.8311, 1.194 -3.8957 0.8311, 1.1555 -3.94 0.8311, 1.1613 -3.8957 0.8311, 1.1514 -3.9394 0.8311, 0.9611 -3.7521 0.8311, 0.954 -3.7074 0.8311, 0.9463 -3.7505 0.8311, 0.9456 -3.7069 0.8311, 0.9378 -3.751 0.8311, 0.9169 -3.7105 0.8311, 0.92 -3.7555 0.8311, 0.89 -3.7209 0.8311, 0.9039 -3.7643 0.8311, 0.867 -3.7372 0.8311, 0.8906 -3.7767 0.8311, 0.8621 -3.7418 0.8311, 0.8811 -3.7914 0.8311, 0.8446 -3.7642 0.8311, 0.8754 -3.8077 0.8311, 1.246 -3.8339 0.8311, 1.2462 -3.8391 0.8311, 1.288 -3.8642 0.8311, 1.2446 -3.8527 0.8311, 1.2789 -3.8872 0.8311, 1.2397 -3.8657 0.8311, 1.2318 -3.8771 0.8311, 1.1802 -3.6859 0.8311, 1.1515 -3.719 0.8311, 1.2041 -3.7136 0.8311, 1.1679 -3.7385 0.8311, 1.1792 -3.7619 0.8311, 0.9705 -3.9405 0.8311, 0.9771 -3.9433 0.8311, 0.9636 -3.9846 0.8311, 0.9836 -3.9443 0.8311, 0.9806 -3.9878 0.8311, 0.9848 -3.9444 0.8311, 0.9855 -3.9879 0.8311, 0.9921 -3.9434 0.8311, 1.0009 -3.9863 0.8311, 0.9984 -3.9409 0.8311, 1.0173 -3.9806 0.8311, 1.0039 -3.937 0.8311, 1.032 -3.971 0.8311, 1.0078 -3.9325 0.8311, 1.0444 -3.9578 0.8311, 1.0112 -3.9263 0.8311, 1.0532 -3.9417 0.8311, 1.0577 -3.9238 0.8311, 1.0454 -3.6525 0.8311, 1.0553 -3.6951 0.8311, 1.0814 -3.6481 0.8311, 1.0821 -3.6917 0.8311, 1.1113 -3.6512 0.8311, 1.1069 -3.6947 0.8311, 1.1478 -3.6641 0.8311, 1.1296 -3.7035 0.8311, 1.15 -3.7177 0.8311, 0.9649 -3.9362 0.8311, 0.9608 -3.9311 0.8311, 0.9579 -3.9249 0.8311, 1.1576 -3.895 0.8311, 1.1402 -3.9324 0.8311, 1.1419 -3.9341 0.8311, 0.833 -3.7904 0.8311, 0.8282 -3.8177 0.8311, 0.8737 -3.8231 0.8311, 0.828 -3.8246 0.8311, 0.8748 -3.8358 0.8311, 0.8315 -3.8531 0.8311, 0.8804 -3.8535 0.8311, 0.8419 -3.8801 0.8311, 0.8901 -3.869 0.8311, 0.8585 -3.9037 0.8311, 0.8811 -3.923 0.8311, 1.1598 -3.8955 0.8311, 1.1466 -3.9375 0.8311, 1.1344 -3.9175 0.8311, 1.1351 -3.9229 0.8311, 1.137 -3.9278 0.8311, 1.1513 -3.8957 0.8311, 1.1463 -3.8977 0.8311, 1.1346 -3.9146 0.8311, 1.1418 -3.9009 0.8311, 1.1388 -3.9042 0.8311, 1.1361 -3.9091 0.8311, 1.1569 -3.895 0.8311, 1.2913 -3.8384 0.8307, 1.2879 -3.8145 0.8307, 1.269 -3.7785 0.8307, 1.2855 -3.8084 0.8307, 1.279 -3.7923 0.8307, 1.2641 -3.7717 0.8307, 1.2444 -3.7551 0.8307, 1.2228 -3.7444 0.8307, 1.2194 -3.7432 0.8307, 1.2041 -3.7136 0.8307, 1.1802 -3.6859 0.8307, 1.1635 -3.6746 0.8307, 1.1478 -3.6641 0.8307, 1.1113 -3.6512 0.8307, 1.0814 -3.6481 0.8307, 0.9943 -3.6764 0.8307, 0.9971 -3.6746 0.8307, 1.012 -3.6654 0.8307, 1.0454 -3.6525 0.8307, 0.9772 -3.691 0.8307, 0.9623 -3.7084 0.8307, 0.954 -3.7074 0.8307, 0.9456 -3.7069 0.8307, 0.9169 -3.7105 0.8307, 0.89 -3.7209 0.8307, 0.867 -3.7372 0.8307, 0.8621 -3.7418 0.8307, 0.828 -3.8246 0.8307, 0.8446 -3.7642 0.8307, 0.8383 -3.7785 0.8307, 0.833 -3.7904 0.8307, 0.8298 -3.8084 0.8307, 0.8282 -3.8177 0.8307, 0.8315 -3.8531 0.8307, 0.8419 -3.8801 0.8307, 0.8585 -3.9037 0.8307, 0.8811 -3.923 0.8307, 0.9073 -3.9358 0.8307, 0.9166 -3.9386 0.8307, 0.9174 -3.9405 0.8307, 0.9228 -3.9524 0.8307, 0.9332 -3.966 0.8307, 0.9471 -3.9771 0.8307, 0.9556 -3.981 0.8307, 0.9636 -3.9846 0.8307, 0.9806 -3.9878 0.8307, 0.9855 -3.9879 0.8307, 1.0582 -3.9153 0.8307, 1.0009 -3.9863 0.8307, 1.0162 -3.981 0.8307, 1.0173 -3.9806 0.8307, 1.032 -3.971 0.8307, 1.0444 -3.9578 0.8307, 1.0532 -3.9417 0.8307, 1.0535 -3.9405 0.8307, 1.0577 -3.9238 0.8307, 1.0582 -3.9081 0.8307, 1.1598 -3.8543 0.8307, 1.1373 -3.8158 0.8307, 1.04 -3.8667 0.8307, 1.0288 -3.8562 0.8307, 1.0137 -3.8476 0.8307, 0.9964 -3.8428 0.8307, 0.9855 -3.842 0.8307, 0.9703 -3.8436 0.8307, 0.9541 -3.8493 0.8307, 0.939 -3.8591 0.8307, 0.9266 -3.8724 0.8307, 0.9183 -3.8874 0.8307, 0.9173 -3.8899 0.8307, 0.9036 -3.8818 0.8307, 0.8901 -3.869 0.8307, 0.8804 -3.8535 0.8307, 0.8748 -3.8358 0.8307, 0.8737 -3.8231 0.8307, 0.8753 -3.8084 0.8307, 0.8754 -3.8077 0.8307, 0.8811 -3.7914 0.8307, 0.8894 -3.7785 0.8307, 0.8906 -3.7767 0.8307, 0.9039 -3.7643 0.8307, 0.92 -3.7555 0.8307, 0.9378 -3.751 0.8307, 0.9463 -3.7505 0.8307, 0.9611 -3.7521 0.8307, 0.9774 -3.7575 0.8307, 0.9848 -3.7614 0.8307, 0.996 -3.7383 0.8307, 1.0123 -3.7189 0.8307, 1.0316 -3.7048 0.8307, 1.0553 -3.6951 0.8307, 1.0821 -3.6917 0.8307, 1.1838 -3.7824 0.8307, 1.1829 -3.7785 0.8307, 1.1792 -3.7619 0.8307, 1.1679 -3.7385 0.8307, 1.1515 -3.719 0.8307, 1.15 -3.7177 0.8307, 1.1296 -3.7035 0.8307, 1.1069 -3.6947 0.8307, 1.1896 -3.7824 0.8307, 1.2031 -3.7841 0.8307, 1.2158 -3.7889 0.8307, 1.2271 -3.7966 0.8307, 1.2364 -3.8072 0.8307, 1.237 -3.8084 0.8307, 1.2429 -3.8199 0.8307, 1.246 -3.8339 0.8307, 1.2462 -3.8391 0.8307, 1.2446 -3.8527 0.8307, 1.2397 -3.8657 0.8307, 1.2318 -3.8771 0.8307, 1.2295 -3.8796 0.8307, 1.2185 -3.8881 0.8307, 1.2055 -3.8937 0.8307, 1.194 -3.8957 0.8307, 1.1613 -3.8957 0.8307, 1.1598 -3.8955 0.8307, 1.1576 -3.895 0.8307, 1.1569 -3.895 0.8307, 1.1513 -3.8957 0.8307, 1.1463 -3.8977 0.8307, 1.1418 -3.9009 0.8307, 1.1388 -3.9042 0.8307, 1.1361 -3.9091 0.8307, 1.1346 -3.9146 0.8307, 1.1344 -3.9175 0.8307, 1.1351 -3.9229 0.8307, 1.137 -3.9278 0.8307, 1.1402 -3.9324 0.8307, 1.1419 -3.9341 0.8307, 1.1466 -3.9375 0.8307, 1.1514 -3.9394 0.8307, 1.1555 -3.94 0.8307, 1.1983 -3.94 0.8307, 1.2225 -3.9349 0.8307, 1.2447 -3.924 0.8307, 1.2644 -3.9073 0.8307, 1.2789 -3.8872 0.8307, 1.288 -3.8642 0.8307, 0.9848 -3.8877 0.8307, 0.9909 -3.8884 0.8307, 0.9976 -3.8908 0.8307, 1.0035 -3.8947 0.8307, 1.0081 -3.9 0.8307, 1.0113 -3.9059 0.8307, 1.0129 -3.9127 0.8307, 1.013 -3.9193 0.8307, 1.0112 -3.9263 0.8307, 1.0078 -3.9325 0.8307, 1.0039 -3.937 0.8307, 0.9984 -3.9409 0.8307, 0.9921 -3.9434 0.8307, 0.9848 -3.9444 0.8307, 0.9836 -3.9443 0.8307, 0.9771 -3.9433 0.8307, 0.9705 -3.9405 0.8307, 0.9649 -3.9362 0.8307, 0.9608 -3.9311 0.8307, 0.9579 -3.9249 0.8307, 0.9566 -3.9181 0.8307, 0.9569 -3.9111 0.8307, 0.9591 -3.9042 0.8307, 0.9628 -3.8982 0.8307, 0.9657 -3.8952 0.8307, 0.9714 -3.8911 0.8307, 0.9777 -3.8886 0.8307
            ]
        }
        coordIndex [
            0,1,2,-1,3,2,4,-1,4,2,5,-1,6,7,8,-1,9,10,11,-1,12,13,14,-1,14,13,15,-1,14,15,16,-1,17,18,14,-1,14,18,19,-1,14,19,12,-1,12,19,20,-1,2,1,21,-1,21,1,22,-1,21,22,23,-1,23,22,24,-1,23,24,25,-1,25,24,26,-1,25,26,27,-1,6,8,28,-1,26,29,27,-1,27,29,8,-1,27,8,30,-1,30,8,7,-1,16,31,14,-1,14,31,32,-1,14,32,33,-1,33,32,34,-1,11,10,35,-1,35,10,36,-1,35,36,37,-1,37,36,38,-1,37,38,39,-1,40,41,42,-1,42,41,43,-1,42,43,44,-1,44,43,45,-1,44,45,46,-1,46,45,47,-1,46,47,48,-1,49,50,2,-1,2,50,51,-1,2,51,5,-1,20,19,8,-1,8,19,52,-1,8,52,28,-1,53,54,55,-1,55,54,56,-1,55,56,57,-1,57,56,9,-1,57,9,58,-1,58,9,11,-1,59,60,61,-1,61,60,62,-1,61,62,63,-1,63,62,64,-1,63,64,65,-1,65,64,66,-1,65,66,67,-1,67,66,68,-1,67,68,69,-1,40,42,70,-1,70,42,71,-1,70,71,72,-1,72,71,73,-1,72,73,74,-1,74,73,75,-1,74,75,76,-1,76,75,77,-1,76,77,78,-1,78,77,79,-1,78,79,80,-1,80,79,81,-1,80,81,82,-1,82,81,83,-1,82,83,84,-1,38,85,39,-1,39,85,86,-1,39,86,87,-1,87,86,88,-1,87,88,89,-1,89,88,90,-1,89,90,59,-1,59,90,91,-1,59,91,60,-1,92,93,94,-1,94,93,95,-1,94,95,55,-1,55,95,96,-1,55,96,53,-1,97,3,98,-1,98,3,99,-1,98,99,100,-1,100,99,101,-1,100,101,102,-1,102,101,103,-1,102,103,104,-1,104,103,105,-1,104,105,106,-1,106,105,107,-1,106,107,108,-1,108,107,109,-1,108,109,110,-1,110,109,111,-1,110,111,112,-1,112,111,113,-1,112,113,34,-1,34,113,114,-1,34,114,33,-1,48,47,115,-1,115,47,116,-1,115,116,117,-1,117,116,118,-1,117,118,119,-1,119,118,120,-1,119,120,121,-1,121,120,122,-1,121,122,92,-1,92,122,123,-1,92,123,93,-1,97,124,3,-1,3,124,125,-1,3,125,2,-1,2,125,126,-1,2,126,0,-1,127,128,129,-1,83,130,84,-1,84,130,131,-1,84,131,132,-1,132,131,133,-1,132,133,134,-1,134,133,135,-1,134,135,136,-1,136,135,137,-1,136,137,138,-1,138,137,139,-1,138,139,49,-1,49,139,140,-1,49,140,50,-1,68,141,69,-1,69,141,127,-1,69,127,142,-1,142,127,129,-1,143,144,127,-1,127,144,145,-1,127,145,128,-1,146,147,148,-1,147,149,148,-1,148,149,150,-1,148,150,151,-1,143,127,148,-1,148,127,152,-1,148,152,146,-1,39,153,154,-1,155,11,35,-1,39,154,37,-1,37,154,156,-1,37,156,35,-1,35,156,157,-1,35,157,155,-1,155,158,11,-1,11,158,159,-1,11,159,58,-1,58,159,160,-1,58,160,57,-1,57,160,161,-1,57,161,55,-1,55,161,162,-1,55,162,94,-1,94,162,163,-1,94,163,92,-1,121,92,164,-1,164,92,163,-1,164,165,121,-1,121,165,166,-1,121,166,119,-1,119,166,167,-1,119,167,117,-1,168,46,169,-1,169,46,48,-1,169,48,170,-1,170,48,115,-1,170,115,171,-1,171,115,117,-1,171,117,167,-1,46,168,172,-1,46,172,44,-1,44,172,173,-1,44,173,42,-1,42,173,174,-1,42,174,71,-1,71,174,175,-1,71,175,73,-1,73,175,176,-1,73,176,75,-1,75,176,177,-1,75,177,77,-1,77,177,178,-1,77,178,79,-1,79,178,179,-1,79,179,81,-1,180,133,131,-1,81,179,181,-1,81,181,83,-1,83,181,182,-1,83,182,130,-1,182,183,130,-1,130,183,184,-1,130,184,131,-1,131,184,185,-1,131,185,180,-1,133,180,186,-1,133,186,135,-1,135,186,187,-1,135,187,137,-1,137,187,188,-1,137,188,139,-1,139,188,189,-1,139,189,140,-1,140,189,190,-1,140,190,50,-1,50,190,191,-1,50,191,51,-1,51,191,192,-1,51,192,5,-1,192,193,5,-1,5,193,194,-1,5,194,4,-1,4,194,195,-1,4,195,3,-1,3,195,196,-1,3,196,99,-1,196,197,99,-1,99,197,198,-1,99,198,101,-1,101,198,199,-1,101,199,103,-1,200,33,114,-1,103,199,201,-1,202,107,201,-1,201,107,105,-1,201,105,103,-1,202,203,107,-1,107,203,204,-1,107,204,109,-1,109,204,205,-1,109,205,111,-1,111,205,206,-1,111,206,113,-1,113,206,207,-1,113,207,114,-1,114,207,208,-1,114,208,200,-1,14,33,209,-1,209,33,200,-1,17,14,210,-1,210,14,209,-1,18,17,211,-1,211,17,210,-1,19,18,212,-1,212,18,211,-1,19,212,213,-1,19,213,52,-1,52,213,214,-1,52,214,28,-1,28,214,215,-1,28,215,6,-1,6,215,216,-1,6,216,7,-1,7,216,217,-1,7,217,30,-1,30,217,218,-1,30,218,27,-1,27,218,219,-1,27,219,25,-1,25,219,220,-1,25,220,23,-1,23,220,221,-1,23,221,21,-1,21,221,222,-1,21,222,2,-1,2,222,223,-1,2,223,49,-1,49,223,224,-1,49,224,138,-1,138,224,225,-1,138,225,136,-1,136,225,226,-1,136,226,134,-1,134,226,227,-1,134,227,132,-1,132,227,84,-1,84,227,228,-1,228,229,84,-1,84,229,230,-1,84,230,82,-1,82,230,231,-1,82,231,80,-1,231,232,80,-1,80,232,233,-1,80,233,78,-1,78,233,234,-1,78,234,76,-1,76,234,235,-1,76,235,74,-1,74,235,236,-1,74,236,72,-1,72,236,237,-1,72,237,70,-1,70,237,238,-1,70,238,40,-1,40,238,239,-1,40,239,41,-1,41,239,240,-1,41,240,43,-1,43,240,241,-1,43,241,45,-1,45,241,242,-1,45,242,47,-1,47,242,243,-1,47,243,116,-1,116,243,244,-1,116,244,118,-1,245,53,246,-1,246,53,96,-1,246,96,247,-1,247,96,95,-1,247,95,248,-1,248,95,93,-1,248,93,249,-1,249,93,123,-1,249,123,250,-1,250,123,122,-1,250,122,251,-1,251,122,120,-1,251,120,252,-1,252,120,118,-1,252,118,244,-1,54,53,253,-1,253,53,245,-1,54,253,254,-1,54,254,56,-1,56,254,255,-1,56,255,9,-1,9,255,256,-1,9,256,10,-1,10,256,257,-1,10,257,36,-1,36,257,258,-1,36,258,38,-1,258,259,38,-1,38,259,260,-1,38,260,85,-1,85,260,261,-1,85,261,86,-1,86,261,262,-1,86,262,88,-1,88,262,263,-1,88,263,90,-1,90,263,264,-1,90,264,91,-1,91,264,265,-1,91,265,60,-1,60,265,266,-1,60,266,62,-1,62,266,267,-1,62,267,64,-1,64,267,268,-1,64,268,66,-1,68,66,269,-1,269,66,268,-1,68,269,270,-1,68,270,141,-1,141,270,271,-1,141,271,127,-1,127,271,272,-1,127,272,152,-1,152,272,273,-1,152,273,146,-1,146,273,274,-1,146,274,147,-1,147,274,275,-1,147,275,149,-1,149,275,276,-1,149,276,150,-1,150,276,277,-1,150,277,151,-1,151,277,278,-1,151,278,148,-1,148,278,279,-1,148,279,143,-1,143,279,280,-1,143,280,144,-1,144,280,281,-1,144,281,145,-1,145,281,282,-1,145,282,128,-1,128,282,283,-1,128,283,129,-1,129,283,284,-1,129,284,142,-1,142,284,285,-1,142,285,69,-1,69,285,286,-1,69,286,67,-1,65,67,287,-1,287,67,286,-1,65,287,288,-1,65,288,63,-1,63,288,289,-1,63,289,61,-1,61,289,290,-1,61,290,59,-1,59,290,291,-1,59,291,89,-1,89,291,292,-1,89,292,87,-1,87,292,153,-1,87,153,39,-1,20,293,294,-1,20,294,12,-1,12,294,295,-1,12,295,13,-1,13,295,296,-1,13,296,15,-1,15,296,297,-1,15,297,16,-1,16,297,298,-1,16,298,31,-1,31,298,299,-1,31,299,32,-1,32,299,300,-1,32,300,34,-1,34,300,301,-1,34,301,112,-1,112,301,302,-1,112,302,110,-1,110,302,303,-1,110,303,108,-1,108,303,304,-1,108,304,106,-1,106,304,305,-1,106,305,104,-1,104,305,306,-1,104,306,102,-1,102,306,307,-1,102,307,100,-1,100,307,308,-1,100,308,98,-1,98,308,309,-1,98,309,97,-1,97,309,310,-1,97,310,124,-1,124,310,311,-1,124,311,125,-1,125,311,312,-1,125,312,126,-1,126,312,313,-1,126,313,0,-1,0,313,314,-1,0,314,1,-1,1,314,315,-1,1,315,22,-1,22,315,316,-1,22,316,24,-1,24,316,317,-1,24,317,26,-1,26,317,318,-1,26,318,29,-1,29,318,319,-1,29,319,8,-1,8,319,293,-1,8,293,20,-1,
        ]
    }
}
Shape{
    appearance Appearance {
        material  Material 	{
            diffuseColor 0.6666666666666666 0.6666666666666666 0.6666666666666666
            specularColor 0.4666666666666667 0.4666666666666667 0.4666666666666667
            ambientIntensity 0.6667
            transparency 0.0
            shininess 0.5
        }
    }
    geometry IndexedFaceSet {
        ccw TRUE
        solid FALSE
        coord DEF co Coordinate {
            point [
                0.9836 -3.9443 0.8307, 0.9657 -3.8952 0.8307, 0.9628 -3.8982 0.8307, 0.9921 -3.9434 0.8307, 0.9984 -3.9409 0.8307, 0.9909 -3.8884 0.8307, 0.9848 -3.8877 0.8307, 0.9777 -3.8886 0.8307, 0.9714 -3.8911 0.8307, 0.9579 -3.9249 0.8307, 0.9608 -3.9311 0.8307, 0.9649 -3.9362 0.8307, 0.9848 -3.9444 0.8307, 0.9591 -3.9042 0.8307, 0.9569 -3.9111 0.8307, 0.9566 -3.9181 0.8307, 0.9705 -3.9405 0.8307, 0.9771 -3.9433 0.8307, 1.0039 -3.937 0.8307, 1.0078 -3.9325 0.8307, 1.0112 -3.9263 0.8307, 1.013 -3.9193 0.8307, 1.0129 -3.9127 0.8307, 1.0113 -3.9059 0.8307, 1.0081 -3.9 0.8307, 1.0035 -3.8947 0.8307, 0.9976 -3.8908 0.8307
            ]
        }
        coordIndex [
            0,1,2,-1,3,4,5,-1,6,7,0,-1,0,7,8,-1,0,8,1,-1,9,10,2,-1,2,10,11,-1,6,0,5,-1,5,0,12,-1,5,12,3,-1,13,14,2,-1,2,14,15,-1,2,15,9,-1,11,16,2,-1,2,16,17,-1,2,17,0,-1,4,18,5,-1,5,18,19,-1,5,19,20,-1,20,21,5,-1,5,21,22,-1,5,22,23,-1,23,24,5,-1,5,24,25,-1,5,25,26,-1,
        ]
    }
}
Shape{
    appearance Appearance {
        material  Material 	{
            diffuseColor 0.0 0.0 0.0
            specularColor 0.0 0.0 0.0
            ambientIntensity 0.0
            transparency 0.0
            shininess 0.5
        }
    }
    geometry IndexedFaceSet {
        ccw TRUE
        solid FALSE
        coord DEF co Coordinate {
            point [
                1.6656 -3.7003 0.8311, 1.6755 -3.6926 0.8311, 1.6622 -3.6969 0.8311, 1.6718 -3.689 0.8311, 1.6543 -3.6917 0.8311, 1.6608 -3.6816 0.8311, 1.6454 -3.6886 0.8311, 1.6485 -3.6771 0.8311, 1.6327 -3.6872 0.8311, 1.6332 -3.6755 0.8311, 1.6173 -3.6872 0.8311, 1.6041 -3.6755 0.8311, 1.6173 -3.766 0.8311, 1.6041 -3.7776 0.8311, 1.6321 -3.766 0.8311, 1.6322 -3.7776 0.8311, 1.6463 -3.7643 0.8311, 1.6479 -3.7759 0.8311, 1.6547 -3.761 0.8311, 1.6599 -3.7716 0.8311, 1.6613 -3.7564 0.8311, 1.6699 -3.765 0.8311, 1.6625 -3.7553 0.8311, 1.6718 -3.7633 0.8311, 1.6678 -3.7486 0.8311, 1.6791 -3.7548 0.8311, 1.6712 -3.7409 0.8311, 1.6843 -3.7444 0.8311, 1.6731 -3.7314 0.8311, 1.6869 -3.7325 0.8311, 1.6734 -3.7256 0.8311, 1.6872 -3.7253 0.8311, 1.6721 -3.7139 0.8311, 1.6856 -3.7112 0.8311, 1.6694 -3.7062 0.8311, 1.6818 -3.7015 0.8311, 1.6718 -3.7633 0.8307, 1.6791 -3.7548 0.8307, 1.6843 -3.7444 0.8307, 1.6869 -3.7325 0.8307, 1.6872 -3.7253 0.8307, 1.6856 -3.7112 0.8307, 1.6818 -3.7015 0.8307, 1.6755 -3.6926 0.8307, 1.6718 -3.689 0.8307, 1.6608 -3.6816 0.8307, 1.6485 -3.6771 0.8307, 1.6332 -3.6755 0.8307, 1.6041 -3.6755 0.8307, 1.6041 -3.7776 0.8307, 1.6322 -3.7776 0.8307, 1.6479 -3.7759 0.8307, 1.6599 -3.7716 0.8307, 1.6699 -3.765 0.8307, 1.6622 -3.6969 0.8307, 1.6656 -3.7003 0.8307, 1.6694 -3.7062 0.8307, 1.6721 -3.7139 0.8307, 1.6734 -3.7256 0.8307, 1.6327 -3.6872 0.8307, 1.6454 -3.6886 0.8307, 1.6543 -3.6917 0.8307, 1.6173 -3.6872 0.8307, 1.6173 -3.766 0.8307, 1.6321 -3.766 0.8307, 1.6625 -3.7553 0.8307, 1.6613 -3.7564 0.8307, 1.6547 -3.761 0.8307, 1.6463 -3.7643 0.8307, 1.6731 -3.7314 0.8307, 1.6712 -3.7409 0.8307, 1.6678 -3.7486 0.8307
            ]
        }
        coordIndex [
            0,1,2,-1,2,1,3,-1,2,3,4,-1,4,3,5,-1,4,5,6,-1,6,5,7,-1,6,7,8,-1,8,7,9,-1,8,9,10,-1,10,9,11,-1,10,11,12,-1,12,11,13,-1,12,13,14,-1,14,13,15,-1,14,15,16,-1,16,15,17,-1,16,17,18,-1,18,17,19,-1,18,19,20,-1,20,19,21,-1,20,21,22,-1,22,21,23,-1,22,23,24,-1,24,23,25,-1,24,25,26,-1,26,25,27,-1,26,27,28,-1,28,27,29,-1,28,29,30,-1,30,29,31,-1,30,31,32,-1,32,31,33,-1,32,33,34,-1,34,33,35,-1,34,35,0,-1,0,35,1,-1,23,36,37,-1,23,37,25,-1,25,37,38,-1,25,38,27,-1,27,38,39,-1,27,39,29,-1,29,39,40,-1,29,40,31,-1,31,40,41,-1,31,41,33,-1,33,41,42,-1,33,42,35,-1,35,42,43,-1,35,43,1,-1,1,43,44,-1,1,44,3,-1,3,44,45,-1,3,45,5,-1,5,45,46,-1,5,46,7,-1,7,46,47,-1,7,47,9,-1,11,9,48,-1,48,9,47,-1,13,11,49,-1,49,11,48,-1,15,13,50,-1,50,13,49,-1,15,50,51,-1,15,51,17,-1,17,51,52,-1,17,52,19,-1,19,52,53,-1,19,53,21,-1,21,53,36,-1,21,36,23,-1,2,54,55,-1,2,55,0,-1,0,55,56,-1,0,56,34,-1,34,56,57,-1,34,57,32,-1,32,57,58,-1,32,58,30,-1,8,59,60,-1,8,60,6,-1,6,60,61,-1,6,61,4,-1,4,61,54,-1,4,54,2,-1,8,10,59,-1,59,10,62,-1,10,12,62,-1,62,12,63,-1,12,14,63,-1,63,14,64,-1,22,65,66,-1,22,66,20,-1,20,66,67,-1,20,67,18,-1,18,67,68,-1,18,68,16,-1,16,68,64,-1,16,64,14,-1,30,58,69,-1,30,69,28,-1,28,69,70,-1,28,70,26,-1,26,70,71,-1,26,71,24,-1,24,71,65,-1,24,65,22,-1,
        ]
    }
}
Shape{
    appearance Appearance {
        material  Material 	{
            diffuseColor 0.6666666666666666 0.6666666666666666 0.6666666666666666
            specularColor 0.4666666666666667 0.4666666666666667 0.4666666666666667
            ambientIntensity 0.6667
            transparency 0.0
            shininess 0.5
        }
    }
    geometry IndexedFaceSet {
        ccw TRUE
        solid FALSE
        coord DEF co Coordinate {
            point [
                1.6173 -3.6872 0.8307, 1.6173 -3.766 0.8307, 1.6327 -3.6872 0.8307, 1.6321 -3.766 0.8307, 1.6613 -3.7564 0.8307, 1.6625 -3.7553 0.8307, 1.6463 -3.7643 0.8307, 1.6547 -3.761 0.8307, 1.6678 -3.7486 0.8307, 1.6712 -3.7409 0.8307, 1.6731 -3.7314 0.8307, 1.6734 -3.7256 0.8307, 1.6721 -3.7139 0.8307, 1.6694 -3.7062 0.8307, 1.6656 -3.7003 0.8307, 1.6622 -3.6969 0.8307, 1.6454 -3.6886 0.8307, 1.6543 -3.6917 0.8307
            ]
        }
        coordIndex [
            0,1,2,-1,2,1,3,-1,2,4,5,-1,3,6,2,-1,2,6,7,-1,2,7,4,-1,5,8,2,-1,2,8,9,-1,2,9,10,-1,10,11,2,-1,2,11,12,-1,2,12,13,-1,13,14,2,-1,2,14,15,-1,2,15,16,-1,16,15,17,-1,
        ]
    }
}
Shape{
    appearance Appearance {
        material  Material 	{
            diffuseColor 0.0 0.0 0.0
            specularColor 0.0 0.0 0.0
            ambientIntensity 0.0
            transparency 0.0
            shininess 0.5
        }
    }
    geometry IndexedFaceSet {
        ccw TRUE
        solid FALSE
        coord DEF co Coordinate {
            point [
                1.4831 -3.7676 0.8311, 1.4831 -3.7676 0.8307, 1.4735 -3.7666 0.8307, 1.4735 -3.7666 0.8311, 1.4661 -3.7639 0.8307, 1.4661 -3.7639 0.8311, 1.4593 -3.7593 0.8307, 1.4593 -3.7593 0.8311, 1.4568 -3.7569 0.8307, 1.4568 -3.7569 0.8311, 1.4516 -3.7495 0.8307, 1.4516 -3.7495 0.8311, 1.4484 -3.7412 0.8307, 1.4484 -3.7412 0.8311, 1.4468 -3.7287 0.8307, 1.4468 -3.7287 0.8311, 1.4468 -3.7277 0.8307, 1.4468 -3.7277 0.8311, 1.4485 -3.7136 0.8307, 1.4485 -3.7136 0.8311, 1.4519 -3.7048 0.8307, 1.4519 -3.7048 0.8311, 1.4569 -3.6977 0.8307, 1.4569 -3.6977 0.8311, 1.4575 -3.697 0.8307, 1.4575 -3.697 0.8311, 1.464 -3.6915 0.8307, 1.464 -3.6915 0.8311, 1.472 -3.6877 0.8307, 1.472 -3.6877 0.8311, 1.4808 -3.6859 0.8307, 1.4808 -3.6859 0.8311, 1.4854 -3.6857 0.8307, 1.4854 -3.6857 0.8311, 1.5094 -3.6917 0.8307, 1.5094 -3.6917 0.8311, 1.5078 -3.6909 0.8311, 1.4974 -3.6871 0.8307, 1.4974 -3.6871 0.8311, 1.5051 -3.6899 0.8307, 1.5078 -3.6909 0.8307, 1.5094 -3.678 0.8311, 1.5094 -3.678 0.8307, 1.4852 -3.6738 0.8307, 1.4852 -3.6738 0.8311, 1.4862 -3.6738 0.8311, 1.5051 -3.6767 0.8307, 1.4994 -3.675 0.8311, 1.4994 -3.675 0.8307, 1.4957 -3.6746 0.8307, 1.4862 -3.6738 0.8307, 1.4708 -3.6755 0.8311, 1.4779 -3.6746 0.8307, 1.4708 -3.6755 0.8307, 1.4601 -3.6795 0.8307, 1.4601 -3.6795 0.8311, 1.4502 -3.6865 0.8307, 1.4502 -3.6865 0.8311, 1.4477 -3.6888 0.8307, 1.4477 -3.6888 0.8311, 1.4406 -3.698 0.8307, 1.4406 -3.698 0.8311, 1.4375 -3.7049 0.8307, 1.4356 -3.7092 0.8311, 1.4356 -3.7092 0.8307, 1.4332 -3.7224 0.8307, 1.4332 -3.7224 0.8311, 1.433 -3.7285 0.8307, 1.433 -3.7285 0.8311, 1.4347 -3.7439 0.8307, 1.4347 -3.7439 0.8311, 1.4375 -3.7518 0.8307, 1.4386 -3.7548 0.8311, 1.4386 -3.7548 0.8307, 1.4445 -3.7637 0.8307, 1.4445 -3.7637 0.8311, 1.4461 -3.7654 0.8307, 1.4461 -3.7654 0.8311, 1.4811 -3.7794 0.8307, 1.4811 -3.7794 0.8311, 1.4743 -3.779 0.8311, 1.4538 -3.7719 0.8307, 1.4538 -3.7719 0.8311, 1.4634 -3.7766 0.8307, 1.4634 -3.7766 0.8311, 1.472 -3.7785 0.8307, 1.4743 -3.779 0.8307, 1.4895 -3.7785 0.8307, 1.4978 -3.7776 0.8311, 1.4978 -3.7776 0.8307, 1.5051 -3.775 0.8307, 1.5094 -3.7734 0.8311, 1.5094 -3.7734 0.8307, 1.5094 -3.7608 0.8311, 1.5094 -3.7608 0.8307, 1.5051 -3.7627 0.8307, 1.499 -3.7654 0.8311, 1.499 -3.7654 0.8307, 1.4873 -3.7675 0.8307, 1.4873 -3.7675 0.8311, 1.8494 -3.9002 0.8311, 1.8452 -3.9117 0.8311, 1.8837 -3.9002 0.8311, 1.8877 -3.9117 0.8311, 1.8647 -3.8577 0.8311, 1.8597 -3.8375 0.8311, 1.8208 -3.9397 0.8311, 1.8354 -3.9397 0.8311, 1.8655 -3.8547 0.8311, 1.8663 -3.8506 0.8311, 1.8738 -3.8375 0.8311, 1.8666 -3.8506 0.8311, 1.8675 -3.8549 0.8311, 1.8682 -3.8577 0.8311, 1.9127 -3.9397 0.8311, 1.8982 -3.9397 0.8311, 1.8597 -3.8375 0.8307, 1.8738 -3.8375 0.8307, 1.8208 -3.9397 0.8307, 1.8354 -3.9397 0.8307, 1.8452 -3.9117 0.8307, 1.8877 -3.9117 0.8307, 1.8982 -3.9397 0.8307, 1.9127 -3.9397 0.8307, 1.8647 -3.8577 0.8307, 1.8655 -3.8547 0.8307, 1.8663 -3.8506 0.8307, 1.8494 -3.9002 0.8307, 1.8837 -3.9002 0.8307, 1.8682 -3.8577 0.8307, 1.8666 -3.8506 0.8307, 1.8675 -3.8549 0.8307
            ]
        }
        coordIndex [
            0,1,2,-1,0,2,3,-1,3,2,4,-1,3,4,5,-1,5,4,6,-1,5,6,7,-1,7,6,8,-1,7,8,9,-1,9,8,10,-1,9,10,11,-1,11,10,12,-1,11,12,13,-1,13,12,14,-1,13,14,15,-1,15,14,16,-1,15,16,17,-1,17,16,18,-1,17,18,19,-1,19,18,20,-1,19,20,21,-1,21,20,22,-1,21,22,23,-1,23,22,24,-1,23,24,25,-1,25,24,26,-1,25,26,27,-1,27,26,28,-1,27,28,29,-1,29,28,30,-1,29,30,31,-1,31,30,32,-1,31,32,33,-1,34,35,36,-1,33,32,37,-1,33,37,38,-1,38,37,39,-1,38,39,36,-1,36,39,40,-1,36,40,34,-1,41,35,42,-1,42,35,34,-1,43,44,45,-1,41,42,46,-1,41,46,47,-1,46,48,47,-1,47,48,49,-1,47,49,45,-1,45,49,50,-1,45,50,43,-1,51,44,52,-1,52,44,43,-1,52,53,51,-1,51,53,54,-1,51,54,55,-1,55,54,56,-1,55,56,57,-1,57,56,58,-1,57,58,59,-1,59,58,60,-1,59,60,61,-1,61,60,62,-1,61,62,63,-1,62,64,63,-1,63,64,65,-1,63,65,66,-1,66,65,67,-1,66,67,68,-1,68,67,69,-1,68,69,70,-1,70,69,71,-1,70,71,72,-1,71,73,72,-1,72,73,74,-1,72,74,75,-1,75,74,76,-1,75,76,77,-1,78,79,80,-1,77,76,81,-1,77,81,82,-1,82,81,83,-1,82,83,84,-1,84,83,85,-1,84,85,80,-1,80,85,86,-1,80,86,78,-1,79,78,87,-1,79,87,88,-1,87,89,88,-1,88,89,90,-1,88,90,91,-1,91,90,92,-1,93,91,94,-1,94,91,92,-1,93,94,95,-1,93,95,96,-1,95,97,96,-1,96,97,98,-1,96,98,99,-1,99,98,1,-1,99,1,0,-1,36,35,41,-1,11,13,70,-1,70,13,68,-1,59,25,57,-1,57,25,27,-1,13,15,68,-1,68,15,17,-1,68,17,66,-1,66,17,19,-1,66,19,63,-1,63,19,61,-1,61,19,21,-1,61,21,59,-1,59,21,23,-1,59,23,25,-1,91,93,88,-1,88,93,96,-1,88,96,79,-1,36,41,38,-1,38,41,47,-1,38,47,33,-1,33,47,45,-1,33,45,31,-1,31,45,44,-1,31,44,29,-1,29,44,51,-1,29,51,27,-1,27,51,55,-1,27,55,57,-1,70,72,11,-1,11,72,75,-1,11,75,9,-1,9,75,77,-1,9,77,7,-1,7,77,82,-1,7,82,5,-1,5,82,84,-1,5,84,3,-1,3,84,80,-1,3,80,0,-1,0,80,79,-1,0,79,99,-1,99,79,96,-1,100,101,102,-1,102,101,103,-1,104,105,100,-1,100,105,106,-1,100,106,101,-1,101,106,107,-1,104,108,105,-1,105,108,109,-1,105,109,110,-1,110,109,111,-1,110,111,112,-1,112,113,110,-1,110,113,102,-1,110,102,114,-1,114,102,103,-1,114,103,115,-1,105,110,116,-1,116,110,117,-1,106,105,118,-1,118,105,116,-1,107,106,119,-1,119,106,118,-1,101,107,120,-1,120,107,119,-1,103,101,121,-1,121,101,120,-1,115,103,122,-1,122,103,121,-1,114,115,123,-1,123,115,122,-1,110,114,117,-1,117,114,123,-1,104,124,125,-1,104,125,108,-1,108,125,126,-1,108,126,109,-1,104,100,124,-1,124,100,127,-1,100,102,127,-1,127,102,128,-1,102,113,128,-1,128,113,129,-1,111,130,131,-1,111,131,112,-1,112,131,129,-1,112,129,113,-1,111,109,130,-1,130,109,126,-1,
        ]
    }
}
Shape{
    appearance Appearance {
        material  Material 	{
            diffuseColor 0.6666666666666666 0.6666666666666666 0.6666666666666666
            specularColor 0.4666666666666667 0.4666666666666667 0.4666666666666667
            ambientIntensity 0.6667
            transparency 0.0
            shininess 0.5
        }
    }
    geometry IndexedFaceSet {
        ccw TRUE
        solid FALSE
        coord DEF co Coordinate {
            point [
                1.8666 -3.8506 0.8307, 1.8663 -3.8506 0.8307, 1.8675 -3.8549 0.8307, 1.8655 -3.8547 0.8307, 1.8682 -3.8577 0.8307, 1.8647 -3.8577 0.8307, 1.8837 -3.9002 0.8307, 1.8494 -3.9002 0.8307
            ]
        }
        coordIndex [
            0,1,2,-1,2,1,3,-1,2,3,4,-1,4,3,5,-1,4,5,6,-1,6,5,7,-1,
        ]
    }
}
Shape{
    appearance Appearance {
        material  Material 	{
            diffuseColor 0.0 0.0 0.0
            specularColor 0.0 0.0 0.0
            ambientIntensity 0.0
            transparency 0.0
            shininess 0.5
        }
    }
    geometry IndexedFaceSet {
        ccw TRUE
        solid FALSE
        coord DEF co Coordinate {
            point [
                1.671 -3.928 0.8307, 1.671 -3.928 0.8311, 1.6901 -3.928 0.8307, 1.7127 -3.928 0.8311, 1.7127 -3.928 0.8307, 1.671 -3.8937 0.8311, 1.671 -3.8937 0.8307, 1.7075 -3.8937 0.8307, 1.7075 -3.8937 0.8311, 1.6901 -3.8937 0.8307, 1.7075 -3.882 0.8311, 1.7075 -3.882 0.8307, 1.671 -3.882 0.8307, 1.671 -3.882 0.8311, 1.6901 -3.882 0.8307, 1.671 -3.8493 0.8311, 1.671 -3.8493 0.8307, 1.7104 -3.8493 0.8307, 1.7104 -3.8493 0.8311, 1.6901 -3.8493 0.8307, 1.7104 -3.8375 0.8311, 1.7104 -3.8375 0.8307, 1.6578 -3.8375 0.8307, 1.6578 -3.8375 0.8311, 1.6901 -3.8375 0.8307, 1.6578 -3.9397 0.8311, 1.6578 -3.9397 0.8307, 1.7127 -3.9397 0.8307, 1.7127 -3.9397 0.8311, 1.6901 -3.9397 0.8307, 1.3881 -3.928 0.8311, 1.4298 -3.928 0.8311, 1.3881 -3.928 0.8307, 1.4298 -3.928 0.8307, 1.3881 -3.8937 0.8311, 1.3881 -3.8937 0.8307, 1.4246 -3.8937 0.8311, 1.4246 -3.8937 0.8307, 1.4246 -3.882 0.8311, 1.4246 -3.882 0.8307, 1.3881 -3.882 0.8311, 1.3881 -3.882 0.8307, 1.3881 -3.8493 0.8311, 1.3881 -3.8493 0.8307, 1.4275 -3.8493 0.8311, 1.4275 -3.8493 0.8307, 1.4275 -3.8375 0.8311, 1.4275 -3.8375 0.8307, 1.3749 -3.8375 0.8311, 1.3749 -3.8375 0.8307, 1.3749 -3.9397 0.8311, 1.3749 -3.9397 0.8307, 1.4298 -3.9397 0.8311, 1.4298 -3.9397 0.8307, 1.7215 -3.7382 0.8311, 1.7173 -3.7497 0.8311, 1.7558 -3.7382 0.8311, 1.7598 -3.7497 0.8311, 1.7367 -3.6957 0.8311, 1.7318 -3.6755 0.8311, 1.6929 -3.7776 0.8311, 1.7075 -3.7776 0.8311, 1.7376 -3.6927 0.8311, 1.7384 -3.6886 0.8311, 1.7459 -3.6755 0.8311, 1.7387 -3.6886 0.8311, 1.7396 -3.6929 0.8311, 1.7403 -3.6957 0.8311, 1.7848 -3.7776 0.8311, 1.7702 -3.7776 0.8311, 1.7318 -3.6755 0.8307, 1.7459 -3.6755 0.8307, 1.6929 -3.7776 0.8307, 1.7224 -3.7003 0.8307, 1.7075 -3.7776 0.8307, 1.7173 -3.7497 0.8307, 1.7598 -3.7497 0.8307, 1.7224 -3.7497 0.8307, 1.7702 -3.7776 0.8307, 1.7848 -3.7776 0.8307, 1.7367 -3.6957 0.8307, 1.7376 -3.6927 0.8307, 1.7384 -3.6886 0.8307, 1.7215 -3.7382 0.8307, 1.7558 -3.7382 0.8307, 1.7403 -3.6957 0.8307, 1.7387 -3.6886 0.8307, 1.7396 -3.6929 0.8307
            ]
        }
        coordIndex [
            0,1,2,-1,2,1,3,-1,2,3,4,-1,5,1,6,-1,6,1,0,-1,7,8,9,-1,9,8,5,-1,9,5,6,-1,10,8,11,-1,11,8,7,-1,12,13,14,-1,14,13,10,-1,14,10,11,-1,15,13,16,-1,16,13,12,-1,17,18,19,-1,19,18,15,-1,19,15,16,-1,20,18,21,-1,21,18,17,-1,22,23,24,-1,24,23,20,-1,24,20,21,-1,25,23,26,-1,26,23,22,-1,27,28,29,-1,29,28,25,-1,29,25,26,-1,3,28,4,-1,4,28,27,-1,25,28,3,-1,3,1,25,-1,25,1,5,-1,25,5,23,-1,18,20,15,-1,15,20,23,-1,15,23,13,-1,13,23,5,-1,13,5,10,-1,10,5,8,-1,30,31,32,-1,32,31,33,-1,34,30,35,-1,35,30,32,-1,36,34,37,-1,37,34,35,-1,38,36,39,-1,39,36,37,-1,40,38,41,-1,41,38,39,-1,42,40,43,-1,43,40,41,-1,44,42,45,-1,45,42,43,-1,46,44,47,-1,47,44,45,-1,48,46,49,-1,49,46,47,-1,50,48,51,-1,51,48,49,-1,52,50,53,-1,53,50,51,-1,31,52,33,-1,33,52,53,-1,50,52,31,-1,31,30,50,-1,50,30,34,-1,50,34,48,-1,44,46,42,-1,42,46,48,-1,42,48,40,-1,40,48,34,-1,40,34,38,-1,38,34,36,-1,54,55,56,-1,56,55,57,-1,58,59,54,-1,54,59,60,-1,54,60,55,-1,55,60,61,-1,58,62,59,-1,59,62,63,-1,59,63,64,-1,64,63,65,-1,64,65,66,-1,66,67,64,-1,64,67,56,-1,64,56,68,-1,68,56,57,-1,68,57,69,-1,59,64,70,-1,70,64,71,-1,72,60,73,-1,73,60,59,-1,73,59,70,-1,61,60,74,-1,74,60,72,-1,55,61,75,-1,75,61,74,-1,76,57,77,-1,77,57,55,-1,77,55,75,-1,69,57,78,-1,78,57,76,-1,68,69,79,-1,79,69,78,-1,64,68,71,-1,71,68,79,-1,58,80,81,-1,58,81,62,-1,62,81,82,-1,62,82,63,-1,58,54,80,-1,80,54,83,-1,54,56,83,-1,83,56,84,-1,56,67,84,-1,84,67,85,-1,65,86,87,-1,65,87,66,-1,66,87,85,-1,66,85,67,-1,65,63,86,-1,86,63,82,-1,
        ]
    }
}
Shape{
    appearance Appearance {
        material  Material 	{
            diffuseColor 0.6666666666666666 0.6666666666666666 0.6666666666666666
            specularColor 0.4666666666666667 0.4666666666666667 0.4666666666666667
            ambientIntensity 0.6667
            transparency 0.0
            shininess 0.5
        }
    }
    geometry IndexedFaceSet {
        ccw TRUE
        solid FALSE
        coord DEF co Coordinate {
            point [
                1.7387 -3.6886 0.8307, 1.7384 -3.6886 0.8307, 1.7396 -3.6929 0.8307, 1.7376 -3.6927 0.8307, 1.7403 -3.6957 0.8307, 1.7367 -3.6957 0.8307, 1.7558 -3.7382 0.8307, 1.7215 -3.7382 0.8307
            ]
        }
        coordIndex [
            0,1,2,-1,2,1,3,-1,2,3,4,-1,4,3,5,-1,4,5,6,-1,6,5,7,-1,
        ]
    }
}
Shape{
    appearance Appearance {
        material  Material 	{
            diffuseColor 0.0 0.0 0.0
            specularColor 0.0 0.0 0.0
            ambientIntensity 0.0
            transparency 0.0
            shininess 0.5
        }
    }
    geometry IndexedFaceSet {
        ccw TRUE
        solid FALSE
        coord DEF co Coordinate {
            point [
                1.5431 -3.766 0.8307, 1.5431 -3.766 0.8311, 1.5706 -3.766 0.8307, 1.5848 -3.766 0.8311, 1.5848 -3.766 0.8307, 1.5431 -3.7316 0.8311, 1.5431 -3.7316 0.8307, 1.5796 -3.7316 0.8307, 1.5796 -3.7316 0.8311, 1.5706 -3.7316 0.8307, 1.5796 -3.7199 0.8311, 1.5796 -3.7199 0.8307, 1.5431 -3.7199 0.8307, 1.5431 -3.7199 0.8311, 1.5706 -3.7199 0.8307, 1.5431 -3.6872 0.8311, 1.5431 -3.6872 0.8307, 1.5825 -3.6872 0.8307, 1.5825 -3.6872 0.8311, 1.5706 -3.6872 0.8307, 1.5825 -3.6755 0.8311, 1.5825 -3.6755 0.8307, 1.5299 -3.6755 0.8307, 1.5299 -3.6755 0.8311, 1.5706 -3.6755 0.8307, 1.5299 -3.7776 0.8311, 1.5299 -3.7776 0.8307, 1.5848 -3.7776 0.8307, 1.5848 -3.7776 0.8311, 1.5706 -3.7776 0.8307, 1.3881 -3.766 0.8311, 1.4288 -3.766 0.8311, 1.3881 -3.766 0.8307, 1.4288 -3.766 0.8307, 1.3881 -3.6755 0.8311, 1.3881 -3.6755 0.8307, 1.3749 -3.6755 0.8311, 1.3749 -3.6755 0.8307, 1.3749 -3.7776 0.8311, 1.3749 -3.7776 0.8307, 1.4288 -3.7776 0.8311, 1.4288 -3.7776 0.8307
            ]
        }
        coordIndex [
            0,1,2,-1,2,1,3,-1,2,3,4,-1,5,1,6,-1,6,1,0,-1,7,8,9,-1,9,8,5,-1,9,5,6,-1,10,8,11,-1,11,8,7,-1,12,13,14,-1,14,13,10,-1,14,10,11,-1,15,13,16,-1,16,13,12,-1,17,18,19,-1,19,18,15,-1,19,15,16,-1,20,18,21,-1,21,18,17,-1,22,23,24,-1,24,23,20,-1,24,20,21,-1,25,23,26,-1,26,23,22,-1,27,28,29,-1,29,28,25,-1,29,25,26,-1,3,28,4,-1,4,28,27,-1,25,28,3,-1,3,1,25,-1,25,1,5,-1,25,5,23,-1,18,20,15,-1,15,20,23,-1,15,23,13,-1,13,23,5,-1,13,5,10,-1,10,5,8,-1,30,31,32,-1,32,31,33,-1,34,30,35,-1,35,30,32,-1,36,34,37,-1,37,34,35,-1,38,36,39,-1,39,36,37,-1,40,38,41,-1,41,38,39,-1,31,40,33,-1,33,40,41,-1,34,36,30,-1,30,36,38,-1,30,38,31,-1,31,38,40,-1,
        ]
    }
}
Shape{
    appearance Appearance {
        material  Material 	{
            diffuseColor 0.2235294117647059 0.2235294117647059 0.2235294117647059
            specularColor 0.11372549019607843 0.11372549019607843 0.11372549019607843
            ambientIntensity 0.2235
            transparency 0.0
            shininess 0.5
        }
    }
    geometry IndexedFaceSet {
        ccw TRUE
        solid FALSE
        coord DEF co Coordinate {
            point [
                1.6417 2.1291 0.9213, 1.7598 2.1291 0.9213, 1.7598 2.1291 1.3386, 1.1673 2.1291 0.2992, 1.3248 2.1291 0.2992, 1.1496 2.1291 1.1102, -1.6417 2.1291 0.2795, -1.3248 2.1291 0.2795, -1.3248 2.1291 0.2992, 1.3248 2.1291 0.2795, 1.6417 2.1291 0.2795, 1.4812 2.1291 1.3386, 1.43 2.1291 1.3685, 1.1496 2.1291 1.4055, 1.2677 2.1291 1.4055, 1.3509 2.1291 1.3961, -1.1496 2.1291 1.1102, -1.1496 2.1291 1.4055, -1.6417 2.1291 0.9213, -1.2677 2.1291 1.4055, -1.7598 2.1291 1.3386, -1.7598 2.1291 0.9213, -1.4812 2.1291 1.3386, -1.1673 2.1291 0.2992, 0.4907 2.1291 1.3976, -0.4907 2.1291 1.3976, -1.0075 2.1291 1.1102, -0.8524 2.1291 0.2992, -0.8524 2.1291 0.2795, -0.7283 2.1291 0.2795, -1.3509 2.1291 1.3961, -1.43 2.1291 1.3685, -0.5091 2.1291 1.3952, -0.5261 2.1291 1.3881, -0.7283 2.1291 0.2992, -1.0098 2.1291 0.2992, -1.0098 2.1291 0.2795, -1.1673 2.1291 0.2795, -0.6496 2.1291 0.2795, -0.5315 2.1291 0.2795, -0.6496 2.1291 0.2992, -0.5315 2.1291 0.2992, -0.4528 2.1291 0.2795, -0.3346 2.1291 0.2795, -0.4528 2.1291 0.2992, -0.3346 2.1291 0.2992, 0.5261 2.1291 1.3881, 0.503 2.1291 1.3966, 0.515 2.1291 1.3934, -0.2559 2.1291 0.2795, -0.1378 2.1291 0.2795, -0.2559 2.1291 0.2992, -0.1378 2.1291 0.2992, -0.0591 2.1291 0.2992, -0.0591 2.1291 0.2795, 0.0591 2.1291 0.2795, 0.0591 2.1291 0.2992, 1.0075 2.1291 1.1102, 0.1378 2.1291 0.2795, 0.2559 2.1291 0.2795, 0.1378 2.1291 0.2992, 0.2559 2.1291 0.2992, 0.3346 2.1291 0.2992, 0.5315 2.1291 0.2992, 0.5315 2.1291 0.2795, 0.6496 2.1291 0.2795, 0.6496 2.1291 0.2992, 0.7283 2.1291 0.2992, 0.4528 2.1291 0.2992, 0.4528 2.1291 0.2795, 0.3346 2.1291 0.2795, 0.7283 2.1291 0.2795, 0.8524 2.1291 0.2795, 0.8524 2.1291 0.2992, 1.0098 2.1291 0.2992, 1.0098 2.1291 0.2795, 1.1673 2.1291 0.2795
            ]
        }
        coordIndex [
            0,1,2,-1,3,4,5,-1,6,7,8,-1,9,10,4,-1,4,10,0,-1,0,2,4,-1,4,2,11,-1,4,11,12,-1,13,5,14,-1,14,5,4,-1,14,4,15,-1,15,4,12,-1,16,17,18,-1,18,17,19,-1,20,21,22,-1,22,21,18,-1,23,24,25,-1,23,26,8,-1,8,26,16,-1,8,16,6,-1,6,16,18,-1,27,28,29,-1,19,30,18,-1,18,30,31,-1,18,31,22,-1,25,32,23,-1,23,32,33,-1,23,33,26,-1,29,34,27,-1,27,34,24,-1,27,24,35,-1,35,24,23,-1,35,23,36,-1,36,23,37,-1,38,39,40,-1,40,39,41,-1,42,43,44,-1,44,43,45,-1,44,45,46,-1,34,40,24,-1,24,40,41,-1,24,41,47,-1,47,41,44,-1,47,44,48,-1,48,44,46,-1,49,50,51,-1,51,50,52,-1,53,54,55,-1,55,56,53,-1,53,56,57,-1,53,57,52,-1,52,57,46,-1,52,46,51,-1,51,46,45,-1,58,59,60,-1,60,59,61,-1,62,5,61,-1,61,5,57,-1,61,57,60,-1,60,57,56,-1,63,64,65,-1,66,67,5,-1,65,66,63,-1,63,66,5,-1,63,5,68,-1,68,5,62,-1,68,62,69,-1,69,62,70,-1,71,72,67,-1,67,72,73,-1,67,73,5,-1,5,73,74,-1,5,74,3,-1,3,74,75,-1,3,75,76,-1,
        ]
    }
}
Shape{
    appearance Appearance {
        material  Material 	{
            diffuseColor 0.6666666666666666 0.6666666666666666 0.6666666666666666
            specularColor 0.4666666666666667 0.4666666666666667 0.4666666666666667
            ambientIntensity 0.6667
            transparency 0.0
            shininess 0.5
        }
    }
    geometry IndexedFaceSet {
        ccw TRUE
        solid FALSE
        coord DEF co Coordinate {
            point [
                1.6417 2.1291 0.2795, 1.3248 2.1291 0.2795, 1.6417 2.7394 0.2795, 1.3248 2.2276 0.2795, 1.0427 2.5367 0.2795, 1.0526 2.513 0.2795, 1.1673 2.2276 0.2795, 1.0682 2.4926 0.2795, 1.0886 2.477 0.2795, 1.1123 2.4671 0.2795, 1.0098 2.2276 0.2795, 1.0394 2.5622 0.2795, 1.1673 2.1291 0.2795, 1.0098 2.1291 0.2795, 1.1123 2.6573 0.2795, 1.0886 2.6474 0.2795, -1.6417 2.7394 0.2795, 1.1378 2.4638 0.2795, 1.1633 2.4671 0.2795, 1.187 2.477 0.2795, 1.2329 2.5877 0.2795, 1.223 2.6114 0.2795, 1.1378 2.6606 0.2795, 1.1633 2.6573 0.2795, 1.0682 2.6318 0.2795, 1.0526 2.6114 0.2795, 1.0427 2.5877 0.2795, 0.6496 2.2276 0.2795, -1.1123 2.6573 0.2795, 0.7283 2.2276 0.2795, 0.8524 2.2276 0.2795, 0.7283 2.1291 0.2795, 0.8524 2.1291 0.2795, 1.2362 2.5622 0.2795, 1.2074 2.6318 0.2795, 1.187 2.6474 0.2795, 1.2074 2.4926 0.2795, 1.223 2.513 0.2795, 1.2329 2.5367 0.2795, 0.4528 2.2276 0.2795, 0.4528 2.1291 0.2795, 0.3346 2.1291 0.2795, 0.3346 2.2276 0.2795, 0.2559 2.2276 0.2795, 0.5315 2.2276 0.2795, 0.5315 2.1291 0.2795, 0.6496 2.1291 0.2795, 0.2559 2.1291 0.2795, 0.1378 2.1291 0.2795, 0.1378 2.2276 0.2795, 0.0591 2.2276 0.2795, -1.0886 2.6474 0.2795, -0.1378 2.2276 0.2795, -0.1378 2.1291 0.2795, -0.2559 2.1291 0.2795, -0.2559 2.2276 0.2795, -0.3346 2.2276 0.2795, -0.0591 2.2276 0.2795, -0.0591 2.1291 0.2795, 0.0591 2.1291 0.2795, -0.5315 2.1291 0.2795, -0.6496 2.1291 0.2795, -0.5315 2.2276 0.2795, -0.6496 2.2276 0.2795, -1.0427 2.5877 0.2795, -1.0526 2.6114 0.2795, -1.187 2.477 0.2795, -1.1633 2.4671 0.2795, -0.7283 2.2276 0.2795, -1.1378 2.4638 0.2795, -1.1123 2.4671 0.2795, -1.0394 2.5622 0.2795, -0.3346 2.1291 0.2795, -0.4528 2.1291 0.2795, -0.4528 2.2276 0.2795, -1.0682 2.6318 0.2795, -1.1378 2.6606 0.2795, -1.1633 2.6573 0.2795, -1.187 2.6474 0.2795, -1.2074 2.6318 0.2795, -1.223 2.6114 0.2795, -1.3248 2.1291 0.2795, -1.6417 2.1291 0.2795, -1.3248 2.2276 0.2795, -1.1673 2.2276 0.2795, -1.0098 2.2276 0.2795, -1.1673 2.1291 0.2795, -1.0098 2.1291 0.2795, -1.0886 2.477 0.2795, -1.0682 2.4926 0.2795, -1.0526 2.513 0.2795, -1.0427 2.5367 0.2795, -1.2329 2.5877 0.2795, -1.2362 2.5622 0.2795, -1.2329 2.5367 0.2795, -1.223 2.513 0.2795, -1.2074 2.4926 0.2795, -0.8524 2.2276 0.2795, -0.8524 2.1291 0.2795, -0.7283 2.1291 0.2795
            ]
        }
        coordIndex [
            0,1,2,-1,2,1,3,-1,4,5,6,-1,6,5,7,-1,6,7,3,-1,3,7,8,-1,3,8,9,-1,10,11,4,-1,4,6,10,-1,10,6,12,-1,10,12,13,-1,14,15,16,-1,9,17,3,-1,3,17,18,-1,3,18,19,-1,20,21,2,-1,14,16,22,-1,22,16,2,-1,22,2,23,-1,15,24,16,-1,16,24,25,-1,16,25,26,-1,27,28,29,-1,29,28,30,-1,29,30,31,-1,31,30,32,-1,20,2,33,-1,21,34,2,-1,2,34,35,-1,2,35,23,-1,19,36,3,-1,3,36,37,-1,3,37,2,-1,2,37,38,-1,2,38,33,-1,39,40,41,-1,42,43,28,-1,41,42,39,-1,39,42,28,-1,39,28,44,-1,44,28,27,-1,44,27,45,-1,45,27,46,-1,47,48,43,-1,43,48,49,-1,43,49,28,-1,28,49,50,-1,28,50,51,-1,52,53,54,-1,55,56,51,-1,54,55,52,-1,52,55,51,-1,52,51,57,-1,57,51,50,-1,57,50,58,-1,58,50,59,-1,60,61,62,-1,62,61,63,-1,64,65,62,-1,66,67,68,-1,68,67,69,-1,68,69,70,-1,64,62,71,-1,72,73,56,-1,56,73,74,-1,56,74,51,-1,51,74,62,-1,51,62,75,-1,75,62,65,-1,10,30,11,-1,11,30,28,-1,11,28,26,-1,26,28,76,-1,26,76,16,-1,16,76,77,-1,77,78,16,-1,16,78,79,-1,16,79,80,-1,81,82,83,-1,83,82,16,-1,83,16,84,-1,84,16,85,-1,84,85,86,-1,86,85,87,-1,70,88,68,-1,68,88,89,-1,68,89,63,-1,63,89,90,-1,63,90,62,-1,62,90,91,-1,62,91,71,-1,80,92,16,-1,16,92,93,-1,16,93,94,-1,94,95,16,-1,16,95,96,-1,16,96,85,-1,85,96,66,-1,85,66,97,-1,97,66,68,-1,97,68,98,-1,98,68,99,-1,
        ]
    }
}
Shape{
    appearance Appearance {
        material  Material 	{
            diffuseColor 0.2235294117647059 0.2235294117647059 0.2235294117647059
            specularColor 0.11372549019607843 0.11372549019607843 0.11372549019607843
            ambientIntensity 0.2235
            transparency 0.0
            shininess 0.5
        }
    }
    geometry IndexedFaceSet {
        ccw TRUE
        solid FALSE
        coord DEF co Coordinate {
            point [
                1.6417 2.4165 1.0315, 1.6417 3.0937 1.0315, 1.6324 3.0937 1.1147, 1.6324 2.4165 1.1147, 1.6047 3.0937 1.1938, 1.6047 2.4165 1.1938, 1.5601 3.0937 1.2647, 1.5601 2.4165 1.2647, 1.5083 2.3958 1.3178, 1.5248 2.407 1.3031, 1.5009 3.0937 1.3239, 1.5417 2.4141 1.2861, 1.5577 2.4165 1.2677, 1.43 2.1291 1.3685, 1.4812 2.1291 1.3386, 1.4812 2.3457 1.3386, 1.4821 2.3551 1.338, 1.43 3.0937 1.3685, 1.4847 2.364 1.3362, 1.4889 2.3731 1.3331, 1.4943 2.3811 1.3291, 1.5008 2.388 1.3238, 1.3509 3.0937 1.3961, 1.3509 2.1291 1.3961, 1.2677 3.0937 1.4055, 1.2677 2.1291 1.4055, 1.6417 3.0937 0.7717, 1.6417 2.7394 0.7717, 1.6417 2.4165 0.9921, 1.6417 2.3958 0.942, 1.6417 2.7394 0.2795, 1.6417 2.407 0.9567, 1.6417 2.4141 0.9738, 1.6417 2.3811 0.9308, 1.6417 2.364 0.9237, 1.6417 2.1291 0.2795, 1.6417 2.3457 0.9213, 1.6417 2.1291 0.9213, -1.378 3.1331 1.0394, -1.378 4.3669 1.0394, -1.378 3.1331 0.7638, -1.378 4.3669 0.7638, 1.2152 4.6488 1.0394, -1.2152 4.6488 1.0394, 1.378 4.3669 1.0394, 1.378 3.1331 1.0394, 1.378 3.1331 0.7638, 1.378 4.3669 0.7638, -1.2152 4.6488 0.7638, 1.2152 4.6488 0.7638, -1.1811 4.7079 0.8228, -1.1811 4.7079 0.9803, 1.1811 4.7079 0.8228, 1.1811 4.7079 0.9803, -1.2677 3.1331 1.3661, 1.2677 3.1331 1.3661, 1.3422 3.1331 1.3578, 1.4129 3.1331 1.333, 1.4764 3.1331 1.2931, 1.5294 3.1331 1.2401, 1.6024 3.1331 1.0315, 1.6024 3.1331 0.7717, 1.594 3.1331 0.6972, 1.5692 3.1331 0.6265, -1.4764 3.1331 1.2931, -1.4129 3.1331 1.333, -1.3422 3.1331 1.3578, -1.5692 3.1331 0.6265, -1.594 3.1331 0.6972, -1.6024 3.1331 0.7717, -1.6024 3.1331 1.0315, -1.594 3.1331 1.106, -1.3422 3.1331 0.4454, -1.4129 3.1331 0.4701, 1.5692 3.1331 1.1767, 1.594 3.1331 1.106, -1.5692 3.1331 1.1767, -1.5294 3.1331 1.2401, 1.5294 3.1331 0.563, 1.4764 3.1331 0.51, 1.4129 3.1331 0.4701, 1.3422 3.1331 0.4454, 1.2677 3.1331 0.437, -1.2677 3.1331 0.437, -1.4764 3.1331 0.51, -1.5294 3.1331 0.563
            ]
        }
        coordIndex [
            0,1,2,-1,0,2,3,-1,3,2,4,-1,3,4,5,-1,5,4,6,-1,5,6,7,-1,8,9,10,-1,10,9,11,-1,10,11,6,-1,6,11,12,-1,6,12,7,-1,13,14,15,-1,15,16,17,-1,17,16,18,-1,18,19,17,-1,17,19,20,-1,17,20,10,-1,10,20,21,-1,10,21,8,-1,15,17,13,-1,13,17,22,-1,13,22,23,-1,23,22,24,-1,23,24,25,-1,26,1,27,-1,27,1,0,-1,27,0,28,-1,29,30,31,-1,31,30,27,-1,31,27,32,-1,32,27,28,-1,29,33,30,-1,30,33,34,-1,30,34,35,-1,35,34,36,-1,35,36,37,-1,38,39,40,-1,40,39,41,-1,42,43,44,-1,44,43,39,-1,44,39,45,-1,45,39,38,-1,46,47,45,-1,45,47,44,-1,46,40,41,-1,48,49,41,-1,41,49,47,-1,41,47,46,-1,50,51,52,-1,52,51,53,-1,52,53,49,-1,49,53,42,-1,49,42,47,-1,47,42,44,-1,41,39,48,-1,48,39,43,-1,48,43,50,-1,50,43,51,-1,48,50,49,-1,49,50,52,-1,42,53,43,-1,43,53,51,-1,38,54,45,-1,45,54,55,-1,45,55,56,-1,56,57,45,-1,45,57,58,-1,45,58,59,-1,46,45,60,-1,60,61,46,-1,46,61,62,-1,46,62,63,-1,64,65,38,-1,38,65,66,-1,38,66,54,-1,67,68,40,-1,40,68,69,-1,40,69,38,-1,38,69,70,-1,38,70,71,-1,72,73,40,-1,59,74,45,-1,45,74,75,-1,45,75,60,-1,71,76,38,-1,38,76,77,-1,38,77,64,-1,63,78,46,-1,46,78,79,-1,46,79,80,-1,80,81,46,-1,46,81,82,-1,46,82,40,-1,40,82,83,-1,40,83,72,-1,73,84,40,-1,40,84,85,-1,40,85,67,-1,
        ]
    }
}
Shape{
    appearance Appearance {
        material  Material 	{
            diffuseColor 0.6666666666666666 0.6666666666666666 0.6666666666666666
            specularColor 0.4666666666666667 0.4666666666666667 0.4666666666666667
            ambientIntensity 0.6667
            transparency 0.0
            shininess 0.5
        }
    }
    geometry IndexedFaceSet {
        ccw TRUE
        solid FALSE
        coord DEF co Coordinate {
            point [
                1.6417 3.0937 0.7717, 1.6417 2.7394 0.7717, 1.6324 2.7394 0.6884, 1.6324 3.0937 0.6884, 1.6047 2.7394 0.6094, 1.6047 3.0937 0.6094, 1.5601 2.7394 0.5385, 1.5601 3.0937 0.5385, 1.5009 2.7394 0.4792, 1.5009 3.0937 0.4792, 1.43 2.7394 0.4347, 1.43 3.0937 0.4347, 1.3509 2.7394 0.407, 1.3509 3.0937 0.407, 1.2677 2.7394 0.3976, 1.2677 3.0937 0.3976, -1.2677 3.0937 0.3976, -1.2677 2.7394 0.3976, -1.3509 2.7394 0.407, -1.3509 3.0937 0.407, -1.43 2.7394 0.4347, -1.43 3.0937 0.4347, -1.5009 2.7394 0.4792, -1.5009 3.0937 0.4792, -1.5601 2.7394 0.5385, -1.5601 3.0937 0.5385, -1.6047 2.7394 0.6094, -1.6047 3.0937 0.6094, -1.6324 2.7394 0.6884, -1.6324 3.0937 0.6884, -1.6417 2.7394 0.7717, -1.6417 3.0937 0.7717
            ]
        }
        coordIndex [
            0,1,2,-1,0,2,3,-1,3,2,4,-1,3,4,5,-1,5,4,6,-1,5,6,7,-1,7,6,8,-1,7,8,9,-1,9,8,10,-1,9,10,11,-1,11,10,12,-1,11,12,13,-1,13,12,14,-1,13,14,15,-1,15,14,16,-1,16,14,17,-1,16,17,18,-1,16,18,19,-1,19,18,20,-1,19,20,21,-1,21,20,22,-1,21,22,23,-1,23,22,24,-1,23,24,25,-1,25,24,26,-1,25,26,27,-1,27,26,28,-1,27,28,29,-1,29,28,30,-1,29,30,31,-1,
        ]
    }
}
Shape{
    appearance Appearance {
        material  Material 	{
            diffuseColor 0.2235294117647059 0.2235294117647059 0.2235294117647059
            specularColor 0.11372549019607843 0.11372549019607843 0.11372549019607843
            ambientIntensity 0.2235
            transparency 0.0
            shininess 0.5
        }
    }
    geometry IndexedFaceSet {
        ccw TRUE
        solid FALSE
        coord DEF co Coordinate {
            point [
                -1.6417 3.0937 1.0315, -1.6417 3.0937 0.7717, -1.6417 2.4165 1.0315, -1.6417 2.7394 0.7717, -1.6417 2.4165 0.9921, -1.6417 2.4141 0.9738, -1.6417 2.364 0.9237, -1.6417 2.3811 0.9308, -1.6417 2.7394 0.2795, -1.6417 2.3958 0.942, -1.6417 2.407 0.9567, -1.6417 2.3457 0.9213, -1.6417 2.1291 0.2795, -1.6417 2.1291 0.9213, -1.4812 2.3457 1.3386, -1.4812 2.1291 1.3386, -1.43 2.1291 1.3685, -1.5417 2.4141 1.2861, -1.5248 2.407 1.3031, -1.5009 3.0937 1.3239, -1.5577 2.4165 1.2677, -1.5601 3.0937 1.2647, -1.5601 2.4165 1.2647, -1.6047 3.0937 1.1938, -1.6047 2.4165 1.1938, -1.6324 3.0937 1.1147, -1.6324 2.4165 1.1147, -1.5083 2.3958 1.3178, -1.5008 2.388 1.3238, -1.43 3.0937 1.3685, -1.4943 2.3811 1.3291, -1.4889 2.3731 1.3331, -1.4847 2.364 1.3362, -1.4821 2.3551 1.338, -1.3509 2.1291 1.3961, -1.3509 3.0937 1.3961, -1.2677 2.1291 1.4055, -1.2677 3.0937 1.4055, -1.1496 2.1291 1.4055, -1.1496 2.4244 1.4055, 1.1496 2.1291 1.4055, 1.2677 2.1291 1.4055, 1.1496 2.4244 1.4055, 1.2677 3.0937 1.4055, 1.3509 2.7394 0.407, 1.43 2.7394 0.4347, 1.6417 2.7394 0.2795, 1.6417 2.7394 0.7717, 1.6324 2.7394 0.6884, 1.6047 2.7394 0.6094, -1.6047 2.7394 0.6094, -1.6324 2.7394 0.6884, -1.5601 2.7394 0.5385, -1.5009 2.7394 0.4792, -1.43 2.7394 0.4347, 1.5009 2.7394 0.4792, 1.5601 2.7394 0.5385, -1.3509 2.7394 0.407, -1.2677 2.7394 0.3976, 1.2677 2.7394 0.3976, 1.2677 3.1331 1.3661, 1.3509 3.0937 1.3961, 1.3422 3.1331 1.3578, 1.43 3.0937 1.3685, 1.4129 3.1331 1.333, 1.5009 3.0937 1.3239, 1.4764 3.1331 1.2931, 1.5601 3.0937 1.2647, 1.5294 3.1331 1.2401, 1.6047 3.0937 1.1938, 1.5692 3.1331 1.1767, 1.6324 3.0937 1.1147, 1.594 3.1331 1.106, 1.6417 3.0937 1.0315, 1.6024 3.1331 1.0315, 1.6417 3.0937 0.7717, 1.6024 3.1331 0.7717, -1.2677 3.1331 1.3661, 1.6324 3.0937 0.6884, 1.594 3.1331 0.6972, 1.6047 3.0937 0.6094, 1.5692 3.1331 0.6265, 1.5601 3.0937 0.5385, 1.5294 3.1331 0.563, 1.5009 3.0937 0.4792, 1.4764 3.1331 0.51, 1.43 3.0937 0.4347, 1.4129 3.1331 0.4701, 1.3509 3.0937 0.407, 1.3422 3.1331 0.4454, 1.2677 3.0937 0.3976, 1.2677 3.1331 0.437, -1.6024 3.1331 1.0315, -1.594 3.1331 1.106, -1.5692 3.1331 1.1767, -1.5294 3.1331 1.2401, -1.4764 3.1331 1.2931, -1.4129 3.1331 1.333, -1.3422 3.1331 1.3578, -1.2677 3.0937 0.3976, -1.2677 3.1331 0.437, -1.6024 3.1331 0.7717, -1.3509 3.0937 0.407, -1.3422 3.1331 0.4454, -1.43 3.0937 0.4347, -1.4129 3.1331 0.4701, -1.5009 3.0937 0.4792, -1.4764 3.1331 0.51, -1.5601 3.0937 0.5385, -1.5294 3.1331 0.563, -1.6047 3.0937 0.6094, -1.5692 3.1331 0.6265, -1.6324 3.0937 0.6884, -1.594 3.1331 0.6972, -1.1496 2.4244 1.1102, -1.0075 2.4244 1.1102, -0.5261 2.4244 1.3881, -0.5091 2.4244 1.3952, 0.503 2.4244 1.3966, 0.4907 2.4244 1.3976, -0.4907 2.4244 1.3976, 1.0075 2.4244 1.1102, 1.1496 2.4244 1.1102, 0.5261 2.4244 1.3881, 0.515 2.4244 1.3934
            ]
        }
        coordIndex [
            0,1,2,-1,2,1,3,-1,2,3,4,-1,4,3,5,-1,6,7,8,-1,8,7,9,-1,8,9,3,-1,3,9,10,-1,3,10,5,-1,6,8,11,-1,11,8,12,-1,11,12,13,-1,14,15,16,-1,17,18,19,-1,17,19,20,-1,20,19,21,-1,20,21,22,-1,22,21,23,-1,22,23,24,-1,24,23,25,-1,24,25,26,-1,26,25,0,-1,26,0,2,-1,18,27,19,-1,19,27,28,-1,19,28,29,-1,29,28,30,-1,29,30,31,-1,31,32,29,-1,29,32,33,-1,29,33,14,-1,14,16,29,-1,29,16,34,-1,29,34,35,-1,35,34,36,-1,35,36,37,-1,36,38,39,-1,40,41,42,-1,42,41,43,-1,42,43,39,-1,39,43,37,-1,39,37,36,-1,44,45,46,-1,47,46,48,-1,48,46,49,-1,50,8,51,-1,51,8,3,-1,50,52,8,-1,8,52,53,-1,8,53,54,-1,45,55,46,-1,46,55,56,-1,46,56,49,-1,54,57,8,-1,8,57,58,-1,8,58,46,-1,46,58,59,-1,46,59,44,-1,60,43,61,-1,60,61,62,-1,62,61,63,-1,62,63,64,-1,64,63,65,-1,64,65,66,-1,66,65,67,-1,66,67,68,-1,68,67,69,-1,68,69,70,-1,70,69,71,-1,70,71,72,-1,72,71,73,-1,72,73,74,-1,75,76,73,-1,73,76,74,-1,77,37,60,-1,60,37,43,-1,76,75,78,-1,76,78,79,-1,79,78,80,-1,79,80,81,-1,81,80,82,-1,81,82,83,-1,83,82,84,-1,83,84,85,-1,85,84,86,-1,85,86,87,-1,87,86,88,-1,87,88,89,-1,89,88,90,-1,89,90,91,-1,92,0,25,-1,92,25,93,-1,93,25,23,-1,93,23,94,-1,94,23,21,-1,94,21,95,-1,95,21,19,-1,95,19,96,-1,96,19,29,-1,96,29,97,-1,97,29,35,-1,97,35,98,-1,98,35,37,-1,98,37,77,-1,99,100,90,-1,90,100,91,-1,101,1,92,-1,92,1,0,-1,100,99,102,-1,100,102,103,-1,103,102,104,-1,103,104,105,-1,105,104,106,-1,105,106,107,-1,107,106,108,-1,107,108,109,-1,109,108,110,-1,109,110,111,-1,111,110,112,-1,111,112,113,-1,113,112,1,-1,113,1,101,-1,114,115,39,-1,39,115,116,-1,39,116,117,-1,118,42,119,-1,119,42,39,-1,119,39,120,-1,120,39,117,-1,121,122,123,-1,123,122,42,-1,123,42,124,-1,124,42,118,-1,
        ]
    }
}
Shape{
    appearance Appearance {
        material  Material 	{
            diffuseColor 0.6666666666666666 0.6666666666666666 0.6666666666666666
            specularColor 0.4666666666666667 0.4666666666666667 0.4666666666666667
            ambientIntensity 0.6667
            transparency 0.0
            shininess 0.5
        }
    }
    geometry IndexedFaceSet {
        ccw TRUE
        solid FALSE
        coord DEF co Coordinate {
            point [
                1.1496 2.1291 1.1102, 1.1496 2.1291 1.4055, 1.1496 2.4244 1.1102, 1.1496 2.4244 1.4055
            ]
        }
        coordIndex [
            0,1,2,-1,2,1,3,-1,
        ]
    }
}
Shape{
    appearance Appearance {
        material  Material 	{
            diffuseColor 0.2235294117647059 0.2235294117647059 0.2235294117647059
            specularColor 0.11372549019607843 0.11372549019607843 0.11372549019607843
            ambientIntensity 0.2235
            transparency 0.0
            shininess 0.5
        }
    }
    geometry IndexedFaceSet {
        ccw TRUE
        solid FALSE
        coord DEF co Coordinate {
            point [
                1.0075 2.1291 1.1102, 1.1496 2.1291 1.1102, 1.0075 2.4244 1.1102, 1.1496 2.4244 1.1102, 0.5261 2.1291 1.3881, 0.5261 2.4244 1.3881, 0.4907 2.4244 1.3976, 0.4907 2.1291 1.3976, 0.503 2.1291 1.3966, 0.503 2.4244 1.3966, 0.515 2.1291 1.3934, 0.515 2.4244 1.3934, -0.4907 2.1291 1.3976, -0.4907 2.4244 1.3976, -0.5261 2.4244 1.3881, -0.5261 2.1291 1.3881, -0.5091 2.1291 1.3952, -0.5091 2.4244 1.3952, -1.0075 2.1291 1.1102, -1.0075 2.4244 1.1102, -1.1496 2.1291 1.1102, -1.1496 2.4244 1.1102, -1.1496 2.1291 1.4055, -1.1496 2.4244 1.4055, -1.7598 2.1291 0.9213, -1.7598 2.3457 0.9213, -1.6417 2.1291 0.9213, -1.6417 2.3457 0.9213, -1.7598 2.364 0.9237, -1.6417 2.364 0.9237, -1.7598 2.3811 0.9308, -1.6417 2.3811 0.9308, -1.7598 2.3958 0.942, -1.6417 2.3958 0.942, -1.7598 2.407 0.9567, -1.6417 2.407 0.9567, -1.7598 2.4141 0.9738, -1.6417 2.4141 0.9738, -1.7598 2.4165 0.9921, -1.6417 2.4165 0.9921, -1.7598 2.3457 1.3386, -1.7598 2.1291 1.3386, -1.4812 2.3457 1.3386, -1.4812 2.1291 1.3386, -1.5577 2.4165 1.2677, -1.7598 2.4165 1.2677, -1.7598 2.4141 1.2861, -1.5417 2.4141 1.2861, -1.7598 2.407 1.3031, -1.5248 2.407 1.3031, -1.7598 2.3958 1.3178, -1.5083 2.3958 1.3178, -1.5008 2.388 1.3238, -1.7598 2.3811 1.3291, -1.4943 2.3811 1.3291, -1.4889 2.3731 1.3331, -1.7598 2.364 1.3362, -1.4847 2.364 1.3362, -1.4821 2.3551 1.338, -1.5601 2.4165 1.2647, -1.6047 2.4165 1.1938, -1.6324 2.4165 1.1147, -1.6417 2.4165 1.0315, 1.7598 2.1291 1.3386, 1.7598 2.3457 1.3386, 1.4812 2.1291 1.3386, 1.4812 2.3457 1.3386, 1.4821 2.3551 1.338, 1.7598 2.364 1.3362, 1.4847 2.364 1.3362, 1.5083 2.3958 1.3178, 1.5008 2.388 1.3238, 1.7598 2.3811 1.3291, 1.4943 2.3811 1.3291, 1.4889 2.3731 1.3331, 1.7598 2.3958 1.3178, 1.7598 2.407 1.3031, 1.5248 2.407 1.3031, 1.7598 2.4141 1.2861, 1.5417 2.4141 1.2861, 1.7598 2.4165 1.2677, 1.5577 2.4165 1.2677, 1.6324 2.4165 1.1147, 1.6417 2.4165 1.0315, 1.7598 2.4165 0.9921, 1.6417 2.4165 0.9921, 1.6047 2.4165 1.1938, 1.5601 2.4165 1.2647, 1.7598 2.4141 0.9738, 1.6417 2.4141 0.9738, 1.7598 2.407 0.9567, 1.6417 2.407 0.9567, 1.7598 2.3958 0.942, 1.6417 2.3958 0.942, 1.7598 2.3811 0.9308, 1.6417 2.3811 0.9308, 1.7598 2.364 0.9237, 1.6417 2.364 0.9237, 1.7598 2.3457 0.9213, 1.6417 2.3457 0.9213, 1.7598 2.1291 0.9213, 1.6417 2.1291 0.9213
            ]
        }
        coordIndex [
            0,1,2,-1,2,1,3,-1,4,0,5,-1,5,0,2,-1,6,7,8,-1,6,8,9,-1,9,8,10,-1,9,10,11,-1,11,10,4,-1,11,4,5,-1,12,7,13,-1,13,7,6,-1,14,15,16,-1,14,16,17,-1,17,16,12,-1,17,12,13,-1,18,15,19,-1,19,15,14,-1,20,18,21,-1,21,18,19,-1,22,20,23,-1,23,20,21,-1,24,25,26,-1,26,25,27,-1,27,25,28,-1,27,28,29,-1,29,28,30,-1,29,30,31,-1,31,30,32,-1,31,32,33,-1,33,32,34,-1,33,34,35,-1,35,34,36,-1,35,36,37,-1,37,36,38,-1,37,38,39,-1,40,41,42,-1,42,41,43,-1,44,45,46,-1,44,46,47,-1,47,46,48,-1,47,48,49,-1,49,48,50,-1,49,50,51,-1,51,50,52,-1,52,50,53,-1,52,53,54,-1,54,53,55,-1,55,53,56,-1,55,56,57,-1,57,56,58,-1,58,56,40,-1,58,40,42,-1,45,44,59,-1,59,60,45,-1,45,60,61,-1,45,61,38,-1,38,61,62,-1,38,62,39,-1,46,45,40,-1,40,45,41,-1,53,50,48,-1,41,45,24,-1,24,45,38,-1,24,38,25,-1,46,40,48,-1,48,40,56,-1,48,56,53,-1,34,32,30,-1,38,36,25,-1,25,36,34,-1,25,34,28,-1,28,34,30,-1,63,64,65,-1,65,64,66,-1,66,64,67,-1,67,64,68,-1,67,68,69,-1,70,71,72,-1,72,71,73,-1,72,73,68,-1,68,73,74,-1,68,74,69,-1,72,75,70,-1,70,75,76,-1,70,76,77,-1,77,76,78,-1,77,78,79,-1,79,78,80,-1,79,80,81,-1,82,80,83,-1,83,80,84,-1,83,84,85,-1,82,86,80,-1,80,86,87,-1,80,87,81,-1,85,84,88,-1,85,88,89,-1,89,88,90,-1,89,90,91,-1,91,90,92,-1,91,92,93,-1,93,92,94,-1,93,94,95,-1,95,94,96,-1,95,96,97,-1,97,96,98,-1,97,98,99,-1,98,100,99,-1,99,100,101,-1,64,63,80,-1,63,100,80,-1,80,100,98,-1,80,98,84,-1,84,98,88,-1,76,75,72,-1,94,92,90,-1,80,78,64,-1,64,78,76,-1,64,76,68,-1,68,76,72,-1,88,98,90,-1,90,98,96,-1,90,96,94,-1,
        ]
    }
}
Shape{
    appearance Appearance {
        material  Material 	{
            diffuseColor 0.6666666666666666 0.6666666666666666 0.6666666666666666
            specularColor 0.4666666666666667 0.4666666666666667 0.4666666666666667
            ambientIntensity 0.6667
            transparency 0.0
            shininess 0.5
        }
    }
    geometry IndexedFaceSet {
        ccw TRUE
        solid FALSE
        coord DEF co Coordinate {
            point [
                -0.1378 2.011 0.2992, -0.0591 2.011 0.2992, -0.1378 2.1291 0.2992, -0.0591 2.1291 0.2992, -0.0591 2.2276 0.2795, -0.0591 2.2276 0.2402, -0.1378 2.2276 0.2795, -0.1378 2.2276 0.2402, -0.1378 2.011 0.2402, -0.0591 2.011 0.2402, -0.1378 2.1291 0.2795, -0.0591 2.1291 0.2795, -0.3346 2.011 0.2992, -0.2559 2.011 0.2992, -0.3346 2.1291 0.2992, -0.2559 2.1291 0.2992, -0.2559 2.2276 0.2795, -0.2559 2.2276 0.2402, -0.3346 2.2276 0.2795, -0.3346 2.2276 0.2402, -0.3346 2.011 0.2402, -0.2559 2.011 0.2402, -0.3346 2.1291 0.2795, -0.2559 2.1291 0.2795, -0.5315 2.011 0.2992, -0.4528 2.011 0.2992, -0.5315 2.1291 0.2992, -0.4528 2.1291 0.2992, -0.4528 2.2276 0.2795, -0.4528 2.2276 0.2402, -0.5315 2.2276 0.2795, -0.5315 2.2276 0.2402, -0.5315 2.011 0.2402, -0.4528 2.011 0.2402, -0.5315 2.1291 0.2795, -0.4528 2.1291 0.2795, -0.7283 2.011 0.2992, -0.6496 2.011 0.2992, -0.7283 2.1291 0.2992, -0.6496 2.1291 0.2992, -0.6496 2.2276 0.2795, -0.6496 2.2276 0.2402, -0.7283 2.2276 0.2795, -0.7283 2.2276 0.2402, -0.7283 2.011 0.2402, -0.6496 2.011 0.2402, -0.7283 2.1291 0.2795, -0.6496 2.1291 0.2795, -1.0098 2.011 0.2992, -0.8524 2.011 0.2992, -1.0098 2.1291 0.2992, -0.8524 2.1291 0.2992, -0.8524 2.2276 0.2795, -0.8524 2.2276 0.2402, -1.0098 2.2276 0.2795, -1.0098 2.2276 0.2402, -1.0098 2.011 0.2402, -0.8524 2.011 0.2402, -1.0098 2.1291 0.2795, -0.8524 2.1291 0.2795, -1.3248 2.011 0.2992, -1.1673 2.011 0.2992, -1.3248 2.1291 0.2992, -1.1673 2.1291 0.2992, -1.1673 2.2276 0.2795, -1.1673 2.2276 0.2402, -1.3248 2.2276 0.2795, -1.3248 2.2276 0.2402, -1.3248 2.011 0.2402, -1.1673 2.011 0.2402, -1.3248 2.1291 0.2795, -1.1673 2.1291 0.2795, 0.0591 2.1291 0.2992, 0.0591 2.011 0.2992, 0.1378 2.1291 0.2992, 0.1378 2.011 0.2992, 0.1378 2.011 0.2402, 0.0591 2.011 0.2402, 0.1378 2.2276 0.2402, 0.0591 2.2276 0.2402, 0.1378 2.2276 0.2795, 0.0591 2.2276 0.2795, 0.1378 2.1291 0.2795, 0.0591 2.1291 0.2795, 0.2559 2.1291 0.2992, 0.2559 2.011 0.2992, 0.3346 2.1291 0.2992, 0.3346 2.011 0.2992, 0.3346 2.011 0.2402, 0.2559 2.011 0.2402, 0.3346 2.2276 0.2402, 0.2559 2.2276 0.2402, 0.3346 2.2276 0.2795, 0.2559 2.2276 0.2795, 0.3346 2.1291 0.2795, 0.2559 2.1291 0.2795, 0.4528 2.1291 0.2992, 0.4528 2.011 0.2992, 0.5315 2.1291 0.2992, 0.5315 2.011 0.2992, 0.5315 2.011 0.2402, 0.4528 2.011 0.2402, 0.5315 2.2276 0.2402, 0.4528 2.2276 0.2402, 0.5315 2.2276 0.2795, 0.4528 2.2276 0.2795, 0.5315 2.1291 0.2795, 0.4528 2.1291 0.2795, 0.6496 2.1291 0.2992, 0.6496 2.011 0.2992, 0.7283 2.1291 0.2992, 0.7283 2.011 0.2992, 0.7283 2.011 0.2402, 0.6496 2.011 0.2402, 0.7283 2.2276 0.2402, 0.6496 2.2276 0.2402, 0.7283 2.2276 0.2795, 0.6496 2.2276 0.2795, 0.7283 2.1291 0.2795, 0.6496 2.1291 0.2795, 0.8524 2.1291 0.2992, 0.8524 2.011 0.2992, 1.0098 2.1291 0.2992, 1.0098 2.011 0.2992, 1.0098 2.011 0.2402, 0.8524 2.011 0.2402, 1.0098 2.2276 0.2402, 0.8524 2.2276 0.2402, 1.0098 2.2276 0.2795, 0.8524 2.2276 0.2795, 1.0098 2.1291 0.2795, 0.8524 2.1291 0.2795, 1.1673 2.1291 0.2992, 1.1673 2.011 0.2992, 1.3248 2.1291 0.2992, 1.3248 2.011 0.2992, 1.3248 2.011 0.2402, 1.1673 2.011 0.2402, 1.3248 2.2276 0.2402, 1.1673 2.2276 0.2402, 1.3248 2.2276 0.2795, 1.1673 2.2276 0.2795, 1.3248 2.1291 0.2795, 1.1673 2.1291 0.2795, 1.2362 2.5622 0.2795, 1.2329 2.5877 0.0433, 1.2329 2.5877 0.2795, 1.223 2.6114 0.0433, 1.223 2.6114 0.2795, 1.2074 2.6318 0.0433, 1.2074 2.6318 0.2795, 1.187 2.6474 0.0433, 1.187 2.6474 0.2795, 1.1633 2.6573 0.0433, 1.1633 2.6573 0.2795, 1.1378 2.6606 0.0433, 1.1378 2.6606 0.2795, 1.1123 2.6573 0.0433, 1.1123 2.6573 0.2795, 1.0886 2.6474 0.0433, 1.0886 2.6474 0.2795, 1.0682 2.6318 0.0433, 1.0682 2.6318 0.2795, 1.0526 2.6114 0.0433, 1.0526 2.6114 0.2795, 1.0427 2.5877 0.0433, 1.0427 2.5877 0.2795, 1.0394 2.5622 0.0433, 1.0394 2.5622 0.2795, 1.0427 2.5367 0.0433, 1.0427 2.5367 0.2795, 1.0526 2.513 0.0433, 1.0526 2.513 0.2795, 1.0682 2.4926 0.0433, 1.0682 2.4926 0.2795, 1.0886 2.477 0.0433, 1.0886 2.477 0.2795, 1.1123 2.4671 0.0433, 1.1123 2.4671 0.2795, 1.1378 2.4638 0.0433, 1.1378 2.4638 0.2795, 1.1633 2.4671 0.0433, 1.1633 2.4671 0.2795, 1.187 2.477 0.0433, 1.187 2.477 0.2795, 1.2074 2.4926 0.0433, 1.2074 2.4926 0.2795, 1.223 2.513 0.0433, 1.223 2.513 0.2795, 1.2329 2.5367 0.0433, 1.2329 2.5367 0.2795, 1.2362 2.5622 0.0433, -1.2362 2.5622 0.2795, -1.2329 2.5367 0.0433, -1.2329 2.5367 0.2795, -1.223 2.513 0.0433, -1.223 2.513 0.2795, -1.2074 2.4926 0.0433, -1.2074 2.4926 0.2795, -1.187 2.477 0.0433, -1.187 2.477 0.2795, -1.1633 2.4671 0.0433, -1.1633 2.4671 0.2795, -1.1378 2.4638 0.0433, -1.1378 2.4638 0.2795, -1.1123 2.4671 0.0433, -1.1123 2.4671 0.2795, -1.0886 2.477 0.0433, -1.0886 2.477 0.2795, -1.0682 2.4926 0.0433, -1.0682 2.4926 0.2795, -1.0526 2.513 0.0433, -1.0526 2.513 0.2795, -1.0427 2.5367 0.0433, -1.0427 2.5367 0.2795, -1.0394 2.5622 0.0433, -1.0394 2.5622 0.2795, -1.0427 2.5877 0.0433, -1.0427 2.5877 0.2795, -1.0526 2.6114 0.0433, -1.0526 2.6114 0.2795, -1.0682 2.6318 0.0433, -1.0682 2.6318 0.2795, -1.0886 2.6474 0.0433, -1.0886 2.6474 0.2795, -1.1123 2.6573 0.0433, -1.1123 2.6573 0.2795, -1.1378 2.6606 0.0433, -1.1378 2.6606 0.2795, -1.1633 2.6573 0.0433, -1.1633 2.6573 0.2795, -1.187 2.6474 0.0433, -1.187 2.6474 0.2795, -1.2074 2.6318 0.0433, -1.2074 2.6318 0.2795, -1.223 2.6114 0.0433, -1.223 2.6114 0.2795, -1.2329 2.5877 0.0433, -1.2329 2.5877 0.2795, -1.2362 2.5622 0.0433
            ]
        }
        coordIndex [
            0,1,2,-1,2,1,3,-1,4,5,6,-1,6,5,7,-1,8,7,9,-1,9,7,5,-1,0,8,1,-1,1,8,9,-1,6,7,10,-1,10,7,8,-1,10,8,2,-1,2,8,0,-1,3,1,11,-1,11,1,9,-1,11,9,4,-1,4,9,5,-1,12,13,14,-1,14,13,15,-1,16,17,18,-1,18,17,19,-1,20,19,21,-1,21,19,17,-1,12,20,13,-1,13,20,21,-1,18,19,22,-1,22,19,20,-1,22,20,14,-1,14,20,12,-1,15,13,23,-1,23,13,21,-1,23,21,16,-1,16,21,17,-1,24,25,26,-1,26,25,27,-1,28,29,30,-1,30,29,31,-1,32,31,33,-1,33,31,29,-1,24,32,25,-1,25,32,33,-1,30,31,34,-1,34,31,32,-1,34,32,26,-1,26,32,24,-1,27,25,35,-1,35,25,33,-1,35,33,28,-1,28,33,29,-1,36,37,38,-1,38,37,39,-1,40,41,42,-1,42,41,43,-1,44,43,45,-1,45,43,41,-1,36,44,37,-1,37,44,45,-1,42,43,46,-1,46,43,44,-1,46,44,38,-1,38,44,36,-1,39,37,47,-1,47,37,45,-1,47,45,40,-1,40,45,41,-1,48,49,50,-1,50,49,51,-1,52,53,54,-1,54,53,55,-1,56,55,57,-1,57,55,53,-1,48,56,49,-1,49,56,57,-1,54,55,58,-1,58,55,56,-1,58,56,50,-1,50,56,48,-1,51,49,59,-1,59,49,57,-1,59,57,52,-1,52,57,53,-1,60,61,62,-1,62,61,63,-1,64,65,66,-1,66,65,67,-1,68,67,69,-1,69,67,65,-1,60,68,61,-1,61,68,69,-1,66,67,70,-1,70,67,68,-1,70,68,62,-1,62,68,60,-1,63,61,71,-1,71,61,69,-1,71,69,64,-1,64,69,65,-1,72,73,74,-1,74,73,75,-1,76,75,77,-1,77,75,73,-1,78,76,79,-1,79,76,77,-1,78,79,80,-1,80,79,81,-1,74,75,82,-1,82,75,76,-1,82,76,80,-1,80,76,78,-1,81,79,83,-1,83,79,77,-1,83,77,72,-1,72,77,73,-1,84,85,86,-1,86,85,87,-1,88,87,89,-1,89,87,85,-1,90,88,91,-1,91,88,89,-1,90,91,92,-1,92,91,93,-1,86,87,94,-1,94,87,88,-1,94,88,92,-1,92,88,90,-1,93,91,95,-1,95,91,89,-1,95,89,84,-1,84,89,85,-1,96,97,98,-1,98,97,99,-1,100,99,101,-1,101,99,97,-1,102,100,103,-1,103,100,101,-1,102,103,104,-1,104,103,105,-1,98,99,106,-1,106,99,100,-1,106,100,104,-1,104,100,102,-1,105,103,107,-1,107,103,101,-1,107,101,96,-1,96,101,97,-1,108,109,110,-1,110,109,111,-1,112,111,113,-1,113,111,109,-1,114,112,115,-1,115,112,113,-1,114,115,116,-1,116,115,117,-1,110,111,118,-1,118,111,112,-1,118,112,116,-1,116,112,114,-1,117,115,119,-1,119,115,113,-1,119,113,108,-1,108,113,109,-1,120,121,122,-1,122,121,123,-1,124,123,125,-1,125,123,121,-1,126,124,127,-1,127,124,125,-1,126,127,128,-1,128,127,129,-1,122,123,130,-1,130,123,124,-1,130,124,128,-1,128,124,126,-1,129,127,131,-1,131,127,125,-1,131,125,120,-1,120,125,121,-1,132,133,134,-1,134,133,135,-1,136,135,137,-1,137,135,133,-1,138,136,139,-1,139,136,137,-1,138,139,140,-1,140,139,141,-1,134,135,142,-1,142,135,136,-1,142,136,140,-1,140,136,138,-1,141,139,143,-1,143,139,137,-1,143,137,132,-1,132,137,133,-1,144,145,146,-1,146,145,147,-1,146,147,148,-1,148,147,149,-1,148,149,150,-1,150,149,151,-1,150,151,152,-1,152,151,153,-1,152,153,154,-1,154,153,155,-1,154,155,156,-1,156,155,157,-1,156,157,158,-1,158,157,159,-1,158,159,160,-1,160,159,161,-1,160,161,162,-1,162,161,163,-1,162,163,164,-1,164,163,165,-1,164,165,166,-1,166,165,167,-1,166,167,168,-1,168,167,169,-1,168,169,170,-1,170,169,171,-1,170,171,172,-1,172,171,173,-1,172,173,174,-1,174,173,175,-1,174,175,176,-1,176,175,177,-1,176,177,178,-1,178,177,179,-1,178,179,180,-1,180,179,181,-1,180,181,182,-1,182,181,183,-1,182,183,184,-1,184,183,185,-1,184,185,186,-1,186,185,187,-1,186,187,188,-1,188,187,189,-1,188,189,190,-1,190,189,191,-1,190,191,144,-1,144,191,145,-1,192,193,194,-1,194,193,195,-1,194,195,196,-1,196,195,197,-1,196,197,198,-1,198,197,199,-1,198,199,200,-1,200,199,201,-1,200,201,202,-1,202,201,203,-1,202,203,204,-1,204,203,205,-1,204,205,206,-1,206,205,207,-1,206,207,208,-1,208,207,209,-1,208,209,210,-1,210,209,211,-1,210,211,212,-1,212,211,213,-1,212,213,214,-1,214,213,215,-1,214,215,216,-1,216,215,217,-1,216,217,218,-1,218,217,219,-1,218,219,220,-1,220,219,221,-1,220,221,222,-1,222,221,223,-1,222,223,224,-1,224,223,225,-1,224,225,226,-1,226,225,227,-1,226,227,228,-1,228,227,229,-1,228,229,230,-1,230,229,231,-1,230,231,232,-1,232,231,233,-1,232,233,234,-1,234,233,235,-1,234,235,236,-1,236,235,237,-1,236,237,238,-1,238,237,239,-1,238,239,192,-1,192,239,193,-1,
        ]
    }
}
Shape{
    appearance Appearance {
        material  Material 	{
            diffuseColor 0.8274509803921568 0.6666666666666666 0.12941176470588237
            specularColor 0.8274509803921568 0.6666666666666666 0.12941176470588237
            ambientIntensity 0.6535
            transparency 0.0
            shininess 0.5
        }
    }
    geometry IndexedFaceSet {
        ccw TRUE
        solid FALSE
        coord DEF co Coordinate {
            point [
                -1.0526 2.6114 0.0433, -1.0427 2.5877 0.0433, -1.1378 2.5622 0.0433, -1.0394 2.5622 0.0433, -1.0427 2.5367 0.0433, -1.1123 2.6573 0.0433, -1.0886 2.6474 0.0433, -1.0682 2.6318 0.0433, -1.187 2.6474 0.0433, -1.1633 2.6573 0.0433, -1.1378 2.6606 0.0433, -1.2329 2.5877 0.0433, -1.223 2.6114 0.0433, -1.2074 2.6318 0.0433, -1.223 2.513 0.0433, -1.2329 2.5367 0.0433, -1.2362 2.5622 0.0433, -1.1633 2.4671 0.0433, -1.187 2.477 0.0433, -1.2074 2.4926 0.0433, -1.0886 2.477 0.0433, -1.1123 2.4671 0.0433, -1.1378 2.4638 0.0433, -1.0526 2.513 0.0433, -1.0682 2.4926 0.0433, 1.223 2.6114 0.0433, 1.2329 2.5877 0.0433, 1.1378 2.5622 0.0433, 1.2362 2.5622 0.0433, 1.2329 2.5367 0.0433, 1.1633 2.6573 0.0433, 1.187 2.6474 0.0433, 1.2074 2.6318 0.0433, 1.0886 2.6474 0.0433, 1.1123 2.6573 0.0433, 1.1378 2.6606 0.0433, 1.0427 2.5877 0.0433, 1.0526 2.6114 0.0433, 1.0682 2.6318 0.0433, 1.0526 2.513 0.0433, 1.0427 2.5367 0.0433, 1.0394 2.5622 0.0433, 1.1123 2.4671 0.0433, 1.0886 2.477 0.0433, 1.0682 2.4926 0.0433, 1.187 2.477 0.0433, 1.1633 2.4671 0.0433, 1.1378 2.4638 0.0433, 1.223 2.513 0.0433, 1.2074 2.4926 0.0433
            ]
        }
        coordIndex [
            0,1,2,-1,2,1,3,-1,2,3,4,-1,5,6,2,-1,2,6,7,-1,2,7,0,-1,8,9,2,-1,2,9,10,-1,2,10,5,-1,11,12,2,-1,2,12,13,-1,2,13,8,-1,14,15,2,-1,2,15,16,-1,2,16,11,-1,17,18,2,-1,2,18,19,-1,2,19,14,-1,20,21,2,-1,2,21,22,-1,2,22,17,-1,4,23,2,-1,2,23,24,-1,2,24,20,-1,25,26,27,-1,27,26,28,-1,27,28,29,-1,30,31,27,-1,27,31,32,-1,27,32,25,-1,33,34,27,-1,27,34,35,-1,27,35,30,-1,36,37,27,-1,27,37,38,-1,27,38,33,-1,39,40,27,-1,27,40,41,-1,27,41,36,-1,42,43,27,-1,27,43,44,-1,27,44,39,-1,45,46,27,-1,27,46,47,-1,27,47,42,-1,29,48,27,-1,27,48,49,-1,27,49,45,-1,
        ]
    }
}
Shape{
    appearance Appearance {
        material  Material 	{
            diffuseColor 0.6666666666666666 0.6666666666666666 0.6666666666666666
            specularColor 0.4666666666666667 0.4666666666666667 0.4666666666666667
            ambientIntensity 0.6667
            transparency 0.0
            shininess 0.5
        }
    }
    geometry IndexedFaceSet {
        ccw TRUE
        solid FALSE
        coord DEF co Coordinate {
            point [
                -0.4331 2.4835 1.5236, -0.4331 2.5425 1.5236, -0.4331 2.4835 1.4055, -0.4331 2.5425 1.4055, -1.3509 2.1488 1.3961, -1.456 2.1488 1.4862, -1.3875 2.1488 1.3858, -1.5411 2.1488 1.4407, -1.6092 2.1488 1.3858, -1.189 2.1488 1.4055, -1.189 2.1488 1.5236, -1.2677 2.1488 1.4055, -1.2677 2.1488 1.5236, -1.3637 2.1488 1.5142, -1.6417 2.1488 0.0433, -1.6417 2.1488 0.9134, -1.7598 2.1488 0.0433, -1.7598 2.1488 0.9134, -1.7598 4.3142 0.7717, -1.7598 5.0228 0.7717, -1.7504 5.0228 0.6756, -1.7504 4.3142 0.6756, -1.7224 5.0228 0.5833, -1.7224 4.3142 0.5833, -1.6769 5.0228 0.4982, -1.6769 4.3142 0.4982, -1.6157 5.0228 0.4237, -1.6157 4.3142 0.4237, -1.5411 5.0228 0.3625, -1.5411 4.3142 0.3625, -1.456 5.0228 0.317, -1.456 4.3142 0.317, -1.3637 5.0228 0.289, -1.3637 4.3142 0.289, -1.2677 5.0228 0.2795, -1.2677 4.3142 0.2795, -1.2677 4.3142 0.3976, -1.2677 4.9638 0.3976, -1.3509 4.3142 0.407, -1.3509 4.9638 0.407, -1.43 4.3142 0.4347, -1.43 4.9638 0.4347, -1.5009 4.3142 0.4792, -1.5009 4.9638 0.4792, -1.5601 4.3142 0.5385, -1.5601 4.9638 0.5385, -1.6047 4.3142 0.6094, -1.6047 4.9638 0.6094, -1.6324 4.3142 0.6884, -1.6324 4.9638 0.6884, -1.6417 4.3142 0.7717, -1.6417 4.9638 0.7717, -1.7564 2.7367 0.7133, -1.7574 2.7334 0.7231, -1.7598 3.448 0.7717, -1.7551 2.7387 0.7032, -1.7583 2.7288 0.7323, -1.7589 2.7231 0.7408, -1.7593 2.7163 0.7486, -1.7596 2.7086 0.7554, -1.7597 2.7 0.7611, -1.7598 2.6908 0.7657, -1.7598 2.681 0.769, -1.7598 2.6709 0.771, -1.7598 2.6606 0.7717, -1.7535 2.7394 0.6929, -1.7504 3.448 0.6756, -1.7504 2.7394 0.6756, -1.7224 3.448 0.5833, -1.7224 2.7394 0.5833, -1.6769 3.448 0.4982, -1.6769 2.7394 0.4982, -1.6157 3.448 0.4237, -1.6157 2.7394 0.4237, -1.5411 3.448 0.3625, -1.5411 2.7394 0.3625, -1.456 3.448 0.317, -1.456 2.7394 0.317, -1.3637 3.448 0.289, -1.3637 2.7394 0.289, -1.2677 3.448 0.2795, -1.2677 2.7394 0.2795, 0.9724 3.448 0.2795, 1.2677 3.448 0.2795, 1.2677 2.7394 0.2795, -0.9724 4.3142 0.2795, -0.9521 4.3115 0.2795, 1.2677 4.3142 0.2795, 0.9724 4.3142 0.2795, 1.2677 5.0228 0.2795, 0.9521 4.3115 0.2795, 0.9331 4.3036 0.2795, 0.9331 3.4586 0.2795, -0.9331 3.4586 0.2795, 0.9521 3.4507 0.2795, -0.9724 3.448 0.2795, -0.9521 3.4507 0.2795, -0.9168 3.4711 0.2795, -0.9042 3.4874 0.2795, 0.9168 3.4711 0.2795, 0.9042 3.4874 0.2795, -0.9331 4.3036 0.2795, -0.9168 4.2911 0.2795, 0.9168 4.2911 0.2795, 0.9042 4.2748 0.2795, 0.8964 4.2558 0.2795, -0.9042 4.2748 0.2795, -0.8964 4.2558 0.2795, 0.8964 3.5064 0.2795, -0.8964 3.5064 0.2795, -0.8937 3.5268 0.2795, -0.8937 4.2354 0.2795, 0.8937 4.2354 0.2795, 0.8937 3.5268 0.2795, -1.6157 5.0228 1.3795, -1.6595 2.3948 1.3293, -1.6522 2.3798 1.3387, -1.6495 2.3717 1.342, -1.6475 2.3632 1.3445, -1.6463 2.3545 1.346, -1.6459 2.3457 1.3465, -1.6433 2.173 1.3495, -1.6414 2.1685 1.3517, -1.6285 2.1541 1.3661, -1.6359 2.1603 1.358, -1.6389 2.1641 1.3547, -1.6447 2.178 1.3478, -1.6459 2.1882 1.3465, -1.6456 2.183 1.3468, -1.6994 2.4244 1.2677, -1.6894 2.4224 1.2852, -1.6769 5.0228 1.3049, -1.7224 2.4244 1.2198, -1.6789 2.4163 1.3017, -1.6769 2.4151 1.3049, -1.6687 2.4072 1.3168, -1.7224 5.0228 1.2198, -1.7504 5.0228 1.1275, -1.7504 2.4244 1.1275, -1.7598 5.0228 1.0315, -1.7598 2.4244 1.0315, -1.6195 2.1502 1.3756, -1.6157 2.1497 1.3794, -1.5411 5.0228 1.4407, -1.456 5.0228 1.4862, -1.3637 5.0228 1.5142, -1.2677 5.0228 1.5236, -1.7598 2.4244 0.9921, -1.7598 3.4507 0.792, -1.7598 3.8417 0.1417, -1.7598 4.1594 0.792, -1.7598 3.8417 0.0433, -1.7598 4.1567 0.7717, -1.7598 4.1567 0.0433, -1.7598 3.839 0.1621, -1.7598 3.8312 0.1811, -1.7598 4.1672 0.811, -1.7598 4.3115 0.792, -1.7598 4.1961 0.8398, -1.7598 4.1798 0.8273, -1.7598 4.3036 0.811, -1.7598 4.2911 0.8273, -1.7598 4.2748 0.8398, -1.7598 3.4874 0.8398, -1.7598 3.4711 0.8273, -1.7598 3.4586 0.811, -1.7598 4.2558 0.8477, -1.7598 4.2354 0.8504, -1.7598 4.2151 0.8477, -1.7598 3.8187 0.1974, -1.7598 3.8024 0.2099, -1.7598 3.7834 0.2178, -1.7598 2.5819 0.0433, -1.7598 2.3457 0.9134, -1.7598 2.366 0.9161, -1.7598 2.5819 0.6929, -1.7598 2.385 0.9239, -1.7598 2.5839 0.7104, -1.7598 2.4217 0.9717, -1.7598 2.4139 0.9528, -1.7598 2.6431 0.7697, -1.7598 2.6265 0.7639, -1.7598 2.6115 0.7545, -1.7598 2.4013 0.9364, -1.7598 2.5991 0.742, -1.7598 2.5897 0.7271, -1.7598 3.5609 0.8426, -1.7598 3.5759 0.8332, -1.7598 3.5883 0.8207, -1.7598 3.5443 0.8484, -1.7598 3.5268 0.8504, -1.7598 3.5064 0.8477, -1.7598 3.763 0.2205, -1.7598 3.6035 0.7892, -1.7598 3.5977 0.8058, -1.7598 3.6639 0.2232, -1.7598 3.6449 0.231, -1.7598 3.6842 0.2205, -1.7598 3.6286 0.2435, -1.7598 3.6161 0.2598, -1.7598 3.6082 0.2788, -1.7598 3.6055 0.2992, -1.7598 3.6055 0.7717, -1.6063 5.0228 0.5016, -1.6579 5.0228 0.5838, -1.6899 5.0228 0.6753, -1.7008 5.0228 0.7717, -1.7008 5.0228 1.0315, -1.6899 5.0228 1.1279, -1.6579 5.0228 1.2194, -1.6063 5.0228 1.3015, -1.5377 5.0228 1.3701, 1.6063 5.0228 1.3015, 1.6769 5.0228 1.3049, 1.6579 5.0228 1.2194, 1.7224 5.0228 1.2198, 1.6899 5.0228 1.1279, 1.7504 5.0228 1.1275, 1.7008 5.0228 1.0315, 1.7598 5.0228 1.0315, 1.7008 5.0228 0.7717, 1.7598 5.0228 0.7717, 1.6899 5.0228 0.6753, 1.7504 5.0228 0.6756, 1.6579 5.0228 0.5838, 1.7224 5.0228 0.5833, 1.6063 5.0228 0.5016, 1.6769 5.0228 0.4982, 1.5377 5.0228 0.4331, -1.4556 5.0228 1.4217, -1.3641 5.0228 1.4537, -1.2677 5.0228 1.4646, 1.2677 5.0228 1.4646, 1.2677 5.0228 1.5236, 1.3641 5.0228 1.4537, 1.3637 5.0228 1.5142, 1.4556 5.0228 1.4217, 1.456 5.0228 1.4862, 1.5377 5.0228 1.3701, 1.5411 5.0228 1.4407, 1.6157 5.0228 1.3795, 1.6157 5.0228 0.4237, 1.5411 5.0228 0.3625, 1.4556 5.0228 0.3815, 1.456 5.0228 0.317, 1.3641 5.0228 0.3494, 1.3637 5.0228 0.289, 1.2677 5.0228 0.3386, -1.2677 5.0228 0.3386, -1.3641 5.0228 0.3494, -1.4556 5.0228 0.3815, -1.5377 5.0228 0.4331, -1.6417 2.6606 0.7717, -1.6417 2.6709 0.771, -1.6417 3.448 0.7717, -1.6417 2.681 0.769, -1.6417 2.6908 0.7656, -1.6416 2.7 0.7611, -1.6414 2.7085 0.7554, -1.641 2.7163 0.7486, -1.6405 2.7231 0.7409, -1.6397 2.7288 0.7323, -1.6386 2.7334 0.723, -1.6372 2.7367 0.7133, -1.6354 2.7387 0.7032, -1.6324 3.448 0.6884, -1.2677 2.7394 0.3976, -1.2677 3.448 0.3976, -1.3509 2.7394 0.407, -1.3509 3.448 0.407, -1.43 2.7394 0.4347, -1.43 3.448 0.4347, -1.5009 2.7394 0.4792, -1.5009 3.448 0.4792, -1.5601 2.7394 0.5385, -1.5601 3.448 0.5385, -1.6047 2.7394 0.6094, -1.6047 3.448 0.6094, -1.6324 2.7394 0.6884, -1.6334 2.7394 0.6929, 0.9724 4.3142 0.3976, 1.2677 4.3142 0.3976, 1.2677 4.9638 0.3976, 0.9331 3.4586 0.3976, 0.9521 3.4507 0.3976, 1.2677 2.7394 0.3976, 0.9724 3.448 0.3976, 1.2677 3.448 0.3976, 0.9168 4.2911 0.3976, 0.9331 4.3036 0.3976, 0.9521 4.3115 0.3976, -0.9331 3.4586 0.3976, -0.9521 3.4507 0.3976, -0.9724 3.448 0.3976, 0.9042 3.4874 0.3976, 0.8964 3.5064 0.3976, -0.9042 3.4874 0.3976, -0.9168 3.4711 0.3976, 0.9168 3.4711 0.3976, -0.9168 4.2911 0.3976, -0.9331 4.3036 0.3976, -0.9521 4.3115 0.3976, -0.9724 4.3142 0.3976, -0.9042 4.2748 0.3976, -0.8964 4.2558 0.3976, 0.9042 4.2748 0.3976, 0.8964 4.2558 0.3976, 0.8937 4.2354 0.3976, -0.8937 4.2354 0.3976, 0.8937 3.5268 0.3976, -0.8937 3.5268 0.3976, -0.8964 3.5064 0.3976, 1.2677 4.9638 1.4055, 1.0872 2.5982 1.4055, 1.0709 2.6107 1.4055, 1.1102 2.2276 1.4055, 1.1102 2.5425 1.4055, 1.189 2.1488 1.4055, 0.4776 2.4125 1.4055, 0.4907 2.4076 1.4055, 0.4907 2.1488 1.4055, -1.0315 2.6213 1.4055, -1.0519 2.6186 1.4055, -1.2677 4.9638 1.4055, -1.0709 2.6107 1.4055, -1.0872 2.5982 1.4055, 1.2677 2.1488 1.4055, 1.1076 2.5629 1.4055, 1.0997 2.5819 1.4055, -1.0997 2.5819 1.4055, -1.1076 2.5629 1.4055, -0.4776 2.6135 1.4055, -0.4943 2.6193 1.4055, -0.435 2.56 1.4055, 0.5118 2.6213 1.4055, 0.4943 2.6193 1.4055, -1.1102 2.5425 1.4055, -1.1102 2.2276 1.4055, -1.1129 2.2072 1.4055, -1.1686 2.1515 1.4055, -0.4627 2.4219 1.4055, -0.4776 2.4125 1.4055, -0.4907 2.1488 1.4055, -0.4907 2.4076 1.4055, -0.4502 2.4344 1.4055, -0.4409 2.4493 1.4055, -0.435 2.4659 1.4055, 1.1686 2.1515 1.4055, 1.1496 2.1594 1.4055, 1.1129 2.2072 1.4055, 1.1333 2.1719 1.4055, 1.1208 2.1882 1.4055, -0.5118 2.6213 1.4055, 0.4776 2.6135 1.4055, 0.4627 2.6041 1.4055, 0.4502 2.5916 1.4055, 1.0519 2.6186 1.4055, 1.0315 2.6213 1.4055, -1.1208 2.1882 1.4055, -1.1333 2.1719 1.4055, -1.1496 2.1594 1.4055, 0.435 2.4659 1.4055, 0.4409 2.4493 1.4055, 0.4502 2.4344 1.4055, 0.4627 2.4219 1.4055, -0.4409 2.5767 1.4055, -0.4502 2.5916 1.4055, -0.4627 2.6041 1.4055, 0.4409 2.5767 1.4055, 0.435 2.56 1.4055, 0.4331 2.5425 1.4055, 0.4331 2.4835 1.4055, -1.5261 2.4166 1.3019, -1.5425 2.4224 1.2852, -1.5601 4.9638 1.2647, -1.6417 2.4244 1.0315, -1.6417 4.9638 1.0315, -1.6324 2.4244 1.1147, -1.6324 4.9638 1.1147, -1.6047 2.4244 1.1938, -1.6047 4.9638 1.1938, -1.5601 2.4244 1.2647, -1.5577 2.4244 1.2677, -1.45 2.1707 1.3581, -1.4609 2.1685 1.3517, -1.4645 2.1729 1.3495, -1.4673 2.178 1.3478, -1.4689 2.1829 1.3468, -1.4694 2.1882 1.3465, -1.4347 2.1541 1.3661, -1.4502 2.1603 1.358, -1.4558 2.164 1.3548, -1.4694 2.3457 1.3465, -1.4299 2.1532 1.3684, -1.4702 2.3546 1.3459, -1.4725 2.3632 1.3445, -1.43 4.9638 1.3685, -1.4763 2.3719 1.342, -1.4811 2.3798 1.3387, -1.494 2.3948 1.3293, -1.5009 4.9638 1.3239, -1.5008 2.4002 1.3238, -1.5096 2.4072 1.3168, -1.4142 2.1502 1.3756, -1.3509 4.9638 1.3961, -1.6417 3.8417 0.1417, -1.6417 3.8417 0.0433, -1.6417 4.1567 0.0433, -1.6417 3.8312 0.1811, -1.6417 3.5977 0.8058, -1.6417 3.8187 0.1974, -1.6417 3.6035 0.7892, -1.6417 3.8024 0.2099, -1.6417 3.4711 0.8273, -1.6417 3.4874 0.8398, -1.6417 3.5064 0.8477, -1.6417 4.2748 0.8398, -1.6417 4.2911 0.8273, -1.6417 4.3115 0.792, -1.6417 4.3036 0.811, -1.6417 3.6055 0.2992, -1.6417 3.6082 0.2788, -1.6417 3.6055 0.7717, -1.6417 3.6161 0.2598, -1.6417 4.1594 0.792, -1.6417 4.1672 0.811, -1.6417 4.1798 0.8273, -1.6417 4.1961 0.8398, -1.6417 2.6265 0.7639, -1.6417 2.6431 0.7697, -1.6417 2.4139 0.9528, -1.6417 2.4217 0.9717, -1.6417 2.4244 0.9921, -1.6417 3.4507 0.792, -1.6417 3.4586 0.811, -1.6417 2.5819 0.0433, -1.6417 2.5819 0.6929, -1.6417 2.385 0.9239, -1.6417 4.2151 0.8477, -1.6417 4.2354 0.8504, -1.6417 4.2558 0.8477, -1.6417 3.6286 0.2435, -1.6417 3.6449 0.231, -1.6417 3.6639 0.2232, -1.6417 2.3457 0.9134, -1.6417 2.366 0.9161, -1.6417 3.6842 0.2205, -1.6417 3.763 0.2205, -1.6417 3.7834 0.2178, -1.6417 2.5839 0.7104, -1.6417 2.5897 0.7271, -1.6417 2.4013 0.9364, -1.6417 2.5991 0.742, -1.6417 2.6115 0.7545, -1.6417 3.5268 0.8504, -1.6417 3.5443 0.8484, -1.6417 3.5609 0.8426, -1.6417 3.5759 0.8332, -1.6417 3.5883 0.8207, -1.6417 4.1567 0.7717, -1.6417 3.839 0.1621, 1.7535 2.7394 0.6929, 1.6334 2.7394 0.6929, 1.7504 2.7394 0.6756, 1.6324 2.7394 0.6884, 1.7224 2.7394 0.5833, 1.6047 2.7394 0.6094, 1.6769 2.7394 0.4982, 1.5601 2.7394 0.5385, 1.6157 2.7394 0.4237, 1.5009 2.7394 0.4792, 1.3509 2.7394 0.407, 1.3637 2.7394 0.289, 1.43 2.7394 0.4347, 1.456 2.7394 0.317, 1.5411 2.7394 0.3625, -1.1102 2.2276 1.5236, -1.1102 2.5425 1.5236, -1.0315 2.6213 1.5236, -0.5118 2.6213 1.5236, 0.5301 2.1488 1.395, 0.9239 2.1488 1.1676, 0.983 2.1488 1.2699, -0.983 2.1488 1.2699, -0.9239 2.1488 1.1676, -0.5891 2.1488 1.4972, -0.5301 2.1488 1.395, -0.558 2.1488 1.5118, -0.5111 2.1488 1.4028, 0.5891 2.1488 1.4972, 0.558 2.1488 1.5118, 0.5111 2.1488 1.4028, 0.5249 2.1488 1.5206, 0.4907 2.1488 1.5236, -0.4907 2.1488 1.5236, -0.5249 2.1488 1.5206, -0.5301 2.4047 1.395, -0.9239 2.4047 1.1676, -0.9898 2.2072 1.1295, -0.9921 2.2276 1.1282, -0.9416 2.1515 1.1574, -0.958 2.1594 1.1479, -0.9722 2.1719 1.1397, -0.9921 2.326 1.1282, -0.9898 2.3464 1.1295, -0.983 2.1882 1.1335, -0.983 2.3654 1.1335, -0.9722 2.3817 1.1397, -0.958 2.3942 1.1479, -0.9416 2.402 1.1574, -1.0512 2.2276 1.2305, -1.0512 2.326 1.2305, -0.5891 2.4047 1.4972, -0.983 2.4047 1.2699, -1.0006 2.402 1.2597, -1.0489 2.3464 1.2318, -1.0171 2.3942 1.2502, -1.0312 2.3817 1.242, -1.042 2.3654 1.2358, -1.0312 2.1719 1.242, -1.042 2.1882 1.2358, -1.0489 2.2072 1.2318, -1.0171 2.1594 1.2502, -1.0006 2.1515 1.2597, -0.558 2.4047 1.5118, -0.4907 2.4076 1.5236, -0.4943 2.4067 1.5236, -0.5118 2.4047 1.5225, -0.5249 2.4047 1.5206, -0.4943 2.4069 1.4052, -0.5118 2.4047 1.4026, -0.5111 2.4047 1.4028, -0.5027 2.4053 1.4046, -1.1129 2.2072 1.5236, -1.1208 2.1882 1.5236, -1.1333 2.1719 1.5236, -1.1496 2.1594 1.5236, -1.1686 2.1515 1.5236, -1.1076 2.5629 1.5236, -1.0997 2.5819 1.5236, -1.0872 2.5982 1.5236, -1.0709 2.6107 1.5236, -1.0519 2.6186 1.5236, -0.435 2.4659 1.5236, -0.4409 2.4493 1.5236, -0.4502 2.4344 1.5236, -0.4627 2.4219 1.5236, -0.4776 2.4125 1.5236, -0.435 2.56 1.5236, -0.4409 2.5767 1.5236, -0.4502 2.5916 1.5236, -0.4627 2.6041 1.5236, -0.4776 2.6135 1.5236, -0.4943 2.6193 1.5236, 0.4331 2.5425 1.5236, 0.4331 2.4835 1.5236, 1.189 2.1488 1.5236, 1.2677 2.1488 1.5236, 1.3637 2.1488 1.5142, 1.3509 2.1488 1.3961, 1.456 2.1488 1.4862, 1.3875 2.1488 1.3858, 1.5411 2.1488 1.4407, 1.6092 2.1488 1.3858, 1.7598 2.1488 0.0433, 1.7598 2.1488 0.9134, 1.6417 2.1488 0.0433, 1.6417 2.1488 0.9134, 1.3637 4.3142 0.289, 1.456 4.3142 0.317, 1.5411 4.3142 0.3625, 1.6157 4.3142 0.4237, 1.6769 4.3142 0.4982, 1.7224 4.3142 0.5833, 1.7504 4.3142 0.6756, 1.7598 4.3142 0.7717, 1.6417 4.3142 0.7717, 1.6417 4.9638 0.7717, 1.6324 4.3142 0.6884, 1.6324 4.9638 0.6884, 1.6047 4.3142 0.6094, 1.6047 4.9638 0.6094, 1.5601 4.3142 0.5385, 1.5601 4.9638 0.5385, 1.5009 4.3142 0.4792, 1.5009 4.9638 0.4792, 1.43 4.3142 0.4347, 1.43 4.9638 0.4347, 1.3509 4.3142 0.407, 1.3509 4.9638 0.407, 1.7598 2.6606 0.7717, 1.7598 2.6709 0.771, 1.7598 3.448 0.7717, 1.7598 2.681 0.769, 1.7598 2.6908 0.7657, 1.7597 2.7 0.7611, 1.7596 2.7086 0.7554, 1.7593 2.7163 0.7486, 1.7589 2.7231 0.7408, 1.7583 2.7288 0.7323, 1.7574 2.7334 0.7231, 1.7564 2.7367 0.7133, 1.7551 2.7387 0.7032, 1.7504 3.448 0.6756, 1.7224 3.448 0.5833, 1.6769 3.448 0.4982, 1.6157 3.448 0.4237, 1.5411 3.448 0.3625, 1.456 3.448 0.317, 1.3637 3.448 0.289, 1.7504 2.4244 1.1275, 1.7598 2.4244 1.0315, 1.6789 2.4163 1.3017, 1.6894 2.4224 1.2852, 1.6994 2.4244 1.2677, 1.7224 2.4244 1.2198, 1.6389 2.1641 1.3546, 1.6414 2.1685 1.3517, 1.6312 2.1689 1.3633, 1.6433 2.1731 1.3495, 1.6447 2.178 1.3478, 1.6456 2.183 1.3468, 1.6459 2.1882 1.3465, 1.6195 2.1502 1.3756, 1.6285 2.1541 1.3661, 1.6359 2.1603 1.358, 1.6459 2.3457 1.3465, 1.6157 2.1497 1.3794, 1.6463 2.3545 1.346, 1.6475 2.3632 1.3445, 1.6495 2.3717 1.342, 1.6522 2.3798 1.3387, 1.6595 2.3948 1.3293, 1.6687 2.4072 1.3168, 1.6769 2.4151 1.3049, 1.7598 3.8417 0.1417, 1.7598 3.8417 0.0433, 1.7598 4.1567 0.0433, 1.7598 3.8187 0.1974, 1.7598 3.8312 0.1811, 1.7598 4.1567 0.7717, 1.7598 3.4711 0.8273, 1.7598 3.4874 0.8398, 1.7598 3.839 0.1621, 1.7598 2.5819 0.0433, 1.7598 2.5819 0.6929, 1.7598 2.385 0.9239, 1.7598 4.2748 0.8398, 1.7598 4.2911 0.8273, 1.7598 2.6265 0.7639, 1.7598 2.6431 0.7697, 1.7598 2.4139 0.9528, 1.7598 2.4217 0.9717, 1.7598 2.4244 0.9921, 1.7598 3.4507 0.792, 1.7598 3.4586 0.811, 1.7598 4.3115 0.792, 1.7598 4.3036 0.811, 1.7598 2.5839 0.7104, 1.7598 2.5897 0.7271, 1.7598 2.4013 0.9364, 1.7598 2.5991 0.742, 1.7598 2.6115 0.7545, 1.7598 2.3457 0.9134, 1.7598 2.366 0.9161, 1.7598 3.763 0.2205, 1.7598 3.7834 0.2178, 1.7598 4.1672 0.811, 1.7598 3.8024 0.2099, 1.7598 4.1798 0.8273, 1.7598 4.1961 0.8398, 1.7598 4.1594 0.792, 1.7598 3.5883 0.8207, 1.7598 3.5759 0.8332, 1.7598 3.5609 0.8426, 1.7598 4.2151 0.8477, 1.7598 4.2354 0.8504, 1.7598 4.2558 0.8477, 1.7598 3.5064 0.8477, 1.7598 3.5268 0.8504, 1.7598 3.5443 0.8484, 1.7598 3.6055 0.2992, 1.7598 3.6082 0.2788, 1.7598 3.6055 0.7717, 1.7598 3.6161 0.2598, 1.7598 3.6286 0.2435, 1.7598 3.6449 0.231, 1.7598 3.6639 0.2232, 1.7598 3.5977 0.8058, 1.7598 3.6035 0.7892, 1.7598 3.6842 0.2205, 1.6372 2.7367 0.7133, 1.6386 2.7334 0.723, 1.6417 3.448 0.7717, 1.6324 3.448 0.6884, 1.6354 2.7387 0.7032, 1.6397 2.7288 0.7323, 1.6405 2.7231 0.7409, 1.641 2.7163 0.7486, 1.6414 2.7085 0.7554, 1.6416 2.7 0.7611, 1.6417 2.6908 0.7656, 1.6417 2.681 0.769, 1.6417 2.6709 0.771, 1.6417 2.6606 0.7717, 1.3509 3.448 0.407, 1.43 3.448 0.4347, 1.5009 3.448 0.4792, 1.5601 3.448 0.5385, 1.6047 3.448 0.6094, 1.43 2.1528 1.3685, 1.4142 2.1502 1.3756, 1.43 4.9638 1.3685, 1.3509 4.9638 1.3961, 1.5009 4.9638 1.3239, 1.5008 2.4002 1.3238, 1.494 2.3948 1.3293, 1.4811 2.3798 1.3387, 1.4763 2.3719 1.342, 1.4725 2.3632 1.3445, 1.4702 2.3546 1.3459, 1.4694 2.3457 1.3465, 1.4341 2.1544 1.3663, 1.4609 2.1685 1.3517, 1.4558 2.164 1.3548, 1.4521 2.1713 1.3569, 1.4502 2.1603 1.358, 1.4689 2.183 1.3468, 1.4673 2.178 1.3478, 1.4645 2.1729 1.3496, 1.4694 2.1882 1.3465, 1.5425 2.4224 1.2852, 1.5261 2.4166 1.3019, 1.5096 2.4072 1.3168, 1.6417 4.9638 1.0315, 1.6417 2.4244 1.0315, 1.6324 4.9638 1.1147, 1.6324 2.4244 1.1147, 1.6047 4.9638 1.1938, 1.6047 2.4244 1.1938, 1.5601 4.9638 1.2647, 1.5601 2.4244 1.2647, 1.5577 2.4244 1.2677, 1.6417 3.8417 0.1417, 1.6417 4.1594 0.792, 1.6417 3.8417 0.0433, 1.6417 4.1567 0.7717, 1.6417 4.1567 0.0433, 1.6417 3.839 0.1621, 1.6417 3.8312 0.1811, 1.6417 4.1672 0.811, 1.6417 4.3115 0.792, 1.6417 2.4139 0.9528, 1.6417 2.6431 0.7697, 1.6417 4.3036 0.811, 1.6417 4.2911 0.8273, 1.6417 4.2748 0.8398, 1.6417 2.5819 0.0433, 1.6417 2.5897 0.7271, 1.6417 2.385 0.9239, 1.6417 2.5991 0.742, 1.6417 2.4013 0.9364, 1.6417 2.6115 0.7545, 1.6417 2.6265 0.7639, 1.6417 2.4217 0.9717, 1.6417 3.4507 0.792, 1.6417 2.4244 0.9921, 1.6417 4.1961 0.8398, 1.6417 4.1798 0.8273, 1.6417 2.5839 0.7104, 1.6417 2.5819 0.6929, 1.6417 2.366 0.9161, 1.6417 2.3457 0.9134, 1.6417 4.2558 0.8477, 1.6417 4.2354 0.8504, 1.6417 4.2151 0.8477, 1.6417 3.4874 0.8398, 1.6417 3.4711 0.8273, 1.6417 3.4586 0.811, 1.6417 3.8187 0.1974, 1.6417 3.8024 0.2099, 1.6417 3.7834 0.2178, 1.6417 3.6055 0.7717, 1.6417 3.6035 0.7892, 1.6417 3.763 0.2205, 1.6417 3.5609 0.8426, 1.6417 3.5759 0.8332, 1.6417 3.5883 0.8207, 1.6417 3.6055 0.2992, 1.6417 3.5443 0.8484, 1.6417 3.5268 0.8504, 1.6417 3.5064 0.8477, 1.6417 3.5977 0.8058, 1.6417 3.6842 0.2205, 1.6417 3.6639 0.2232, 1.6417 3.6449 0.231, 1.6417 3.6286 0.2435, 1.6417 3.6161 0.2598, 1.6417 3.6082 0.2788, 1.1102 2.5425 1.5236, 1.1102 2.2276 1.5236, 0.5118 2.6213 1.5236, 1.0315 2.6213 1.5236, 0.5301 2.4047 1.395, 0.9239 2.4047 1.1676, 0.9416 2.402 1.1574, 0.958 2.3942 1.1479, 0.9722 2.3817 1.1397, 0.983 2.3654 1.1335, 0.9898 2.3464 1.1295, 0.9921 2.326 1.1282, 0.958 2.1594 1.1479, 0.9898 2.2072 1.1295, 0.9722 2.1719 1.1397, 0.983 2.1882 1.1335, 0.9921 2.2276 1.1282, 0.9416 2.1515 1.1574, 1.0512 2.326 1.2305, 1.0512 2.2276 1.2305, 0.5891 2.4047 1.4972, 0.983 2.4047 1.2699, 1.0006 2.1515 1.2597, 1.0171 2.1594 1.2502, 1.0312 2.1719 1.242, 1.042 2.1882 1.2358, 1.0489 2.2072 1.2318, 1.0489 2.3464 1.2318, 1.0006 2.402 1.2597, 1.042 2.3654 1.2358, 1.0312 2.3817 1.242, 1.0171 2.3942 1.2502, 0.5249 2.4047 1.5206, 0.5118 2.4047 1.5225, 0.4943 2.4067 1.5236, 0.4907 2.4076 1.5236, 0.558 2.4047 1.5118, 0.4943 2.4069 1.4052, 0.5027 2.4053 1.4046, 0.5111 2.4047 1.4028, 0.5118 2.4047 1.4026, 1.1686 2.1515 1.5236, 1.1496 2.1594 1.5236, 1.1333 2.1719 1.5236, 1.1208 2.1882 1.5236, 1.1129 2.2072 1.5236, 1.0519 2.6186 1.5236, 1.0709 2.6107 1.5236, 1.0872 2.5982 1.5236, 1.0997 2.5819 1.5236, 1.1076 2.5629 1.5236, 0.435 2.4659 1.5236, 0.4409 2.4493 1.5236, 0.4502 2.4344 1.5236, 0.4627 2.4219 1.5236, 0.4776 2.4125 1.5236, 0.4943 2.6193 1.5236, 0.4776 2.6135 1.5236, 0.4627 2.6041 1.5236, 0.4502 2.5916 1.5236, 0.4409 2.5767 1.5236, 0.435 2.56 1.5236
            ]
        }
        coordIndex [
            0,1,2,-1,2,1,3,-1,4,5,6,-1,6,5,7,-1,6,7,8,-1,9,10,11,-1,11,10,12,-1,11,12,4,-1,4,12,13,-1,4,13,5,-1,14,15,16,-1,16,15,17,-1,18,19,20,-1,18,20,21,-1,21,20,22,-1,21,22,23,-1,23,22,24,-1,23,24,25,-1,25,24,26,-1,25,26,27,-1,27,26,28,-1,27,28,29,-1,29,28,30,-1,29,30,31,-1,31,30,32,-1,31,32,33,-1,33,32,34,-1,33,34,35,-1,36,37,38,-1,38,37,39,-1,38,39,40,-1,40,39,41,-1,40,41,42,-1,42,41,43,-1,42,43,44,-1,44,43,45,-1,44,45,46,-1,46,45,47,-1,46,47,48,-1,48,47,49,-1,48,49,50,-1,50,49,51,-1,52,53,54,-1,52,54,55,-1,53,56,54,-1,54,56,57,-1,54,57,58,-1,58,59,54,-1,54,59,60,-1,54,60,61,-1,61,62,54,-1,54,62,63,-1,54,63,64,-1,55,54,65,-1,65,54,66,-1,65,66,67,-1,67,66,68,-1,67,68,69,-1,69,68,70,-1,69,70,71,-1,71,70,72,-1,71,72,73,-1,73,72,74,-1,73,74,75,-1,75,74,76,-1,75,76,77,-1,77,76,78,-1,77,78,79,-1,79,78,80,-1,79,80,81,-1,82,83,84,-1,35,34,85,-1,85,34,86,-1,87,88,89,-1,89,88,90,-1,89,90,91,-1,92,81,93,-1,81,92,84,-1,84,92,94,-1,84,94,82,-1,80,95,81,-1,81,95,96,-1,81,96,93,-1,93,97,92,-1,92,97,98,-1,92,98,99,-1,99,98,100,-1,86,34,101,-1,101,34,89,-1,101,89,102,-1,102,89,91,-1,102,91,103,-1,103,104,102,-1,102,104,105,-1,102,105,106,-1,106,105,107,-1,100,98,108,-1,108,98,109,-1,108,109,110,-1,107,105,111,-1,111,105,112,-1,111,112,110,-1,110,112,113,-1,110,113,108,-1,114,115,116,-1,116,117,114,-1,114,117,118,-1,114,118,119,-1,120,121,122,-1,123,119,124,-1,124,119,120,-1,124,120,125,-1,125,120,122,-1,121,120,126,-1,126,120,127,-1,126,127,128,-1,129,130,131,-1,129,131,132,-1,130,133,131,-1,131,133,134,-1,131,134,114,-1,114,134,135,-1,114,135,115,-1,131,136,132,-1,132,136,137,-1,132,137,138,-1,138,137,139,-1,138,139,140,-1,123,141,119,-1,119,141,142,-1,119,142,114,-1,114,142,8,-1,114,8,143,-1,8,7,143,-1,143,7,5,-1,143,5,144,-1,144,5,13,-1,144,13,145,-1,145,13,12,-1,145,12,146,-1,147,140,148,-1,149,150,151,-1,151,150,152,-1,151,152,153,-1,149,154,150,-1,150,154,155,-1,150,155,156,-1,19,18,139,-1,139,18,157,-1,158,159,140,-1,157,160,139,-1,139,160,161,-1,139,161,162,-1,163,164,140,-1,140,164,165,-1,140,165,148,-1,162,166,139,-1,139,166,167,-1,139,167,140,-1,140,167,168,-1,140,168,158,-1,155,169,156,-1,156,169,170,-1,156,170,171,-1,172,16,17,-1,17,173,172,-1,172,173,174,-1,172,174,175,-1,175,174,176,-1,175,176,177,-1,147,148,178,-1,178,148,54,-1,178,54,179,-1,179,54,64,-1,179,64,180,-1,180,181,179,-1,179,181,182,-1,179,182,183,-1,183,182,184,-1,183,184,176,-1,176,184,185,-1,176,185,177,-1,186,159,187,-1,187,159,188,-1,186,189,159,-1,159,189,190,-1,159,190,140,-1,140,190,191,-1,140,191,163,-1,171,192,156,-1,156,192,193,-1,156,193,159,-1,159,193,194,-1,159,194,188,-1,195,196,197,-1,197,196,198,-1,197,198,199,-1,199,200,197,-1,197,200,201,-1,197,201,192,-1,192,201,202,-1,192,202,193,-1,203,24,204,-1,204,24,22,-1,204,22,205,-1,205,22,20,-1,205,20,206,-1,206,20,19,-1,206,19,207,-1,207,19,139,-1,207,139,208,-1,208,139,137,-1,208,137,209,-1,209,137,136,-1,209,136,210,-1,210,136,131,-1,210,131,211,-1,212,213,214,-1,214,213,215,-1,214,215,216,-1,216,215,217,-1,216,217,218,-1,218,217,219,-1,218,219,220,-1,220,219,221,-1,220,221,222,-1,222,221,223,-1,222,223,224,-1,224,223,225,-1,224,225,226,-1,226,225,227,-1,226,227,228,-1,131,114,211,-1,211,114,143,-1,211,143,229,-1,229,143,144,-1,229,144,230,-1,230,144,145,-1,230,145,231,-1,231,145,146,-1,231,146,232,-1,232,146,233,-1,232,233,234,-1,234,233,235,-1,234,235,236,-1,236,235,237,-1,236,237,238,-1,238,237,239,-1,238,239,212,-1,212,239,240,-1,212,240,213,-1,227,241,228,-1,228,241,242,-1,228,242,243,-1,243,242,244,-1,243,244,245,-1,245,244,246,-1,245,246,247,-1,247,246,89,-1,247,89,248,-1,248,89,34,-1,248,34,249,-1,249,34,32,-1,249,32,250,-1,250,32,30,-1,250,30,251,-1,251,30,28,-1,251,28,203,-1,203,28,26,-1,203,26,24,-1,252,253,254,-1,254,253,255,-1,254,255,256,-1,256,257,254,-1,254,257,258,-1,254,258,259,-1,259,260,254,-1,254,260,261,-1,254,261,262,-1,262,263,254,-1,254,263,264,-1,254,264,265,-1,266,267,268,-1,268,267,269,-1,268,269,270,-1,270,269,271,-1,270,271,272,-1,272,271,273,-1,272,273,274,-1,274,273,275,-1,274,275,276,-1,276,275,277,-1,276,277,278,-1,278,277,265,-1,278,265,279,-1,279,265,264,-1,280,281,282,-1,283,266,284,-1,284,266,285,-1,284,285,286,-1,286,285,287,-1,288,289,282,-1,282,289,290,-1,282,290,280,-1,291,292,266,-1,266,292,293,-1,266,293,267,-1,294,295,296,-1,291,266,297,-1,297,266,283,-1,297,283,296,-1,296,283,298,-1,296,298,294,-1,299,288,300,-1,300,288,282,-1,300,282,301,-1,301,282,37,-1,301,37,302,-1,302,37,36,-1,299,303,288,-1,288,303,304,-1,288,304,305,-1,305,304,306,-1,306,304,307,-1,307,304,308,-1,307,308,309,-1,309,308,310,-1,309,310,295,-1,295,310,311,-1,295,311,296,-1,312,313,314,-1,315,316,317,-1,318,319,320,-1,321,322,323,-1,323,322,324,-1,323,324,325,-1,317,316,326,-1,326,316,327,-1,326,327,312,-1,312,327,328,-1,312,328,313,-1,325,329,323,-1,323,329,330,-1,323,330,11,-1,312,331,332,-1,333,334,335,-1,330,336,11,-1,11,336,337,-1,11,337,9,-1,9,337,338,-1,9,338,339,-1,340,320,341,-1,341,320,342,-1,341,342,343,-1,340,344,320,-1,320,344,345,-1,320,345,346,-1,317,347,315,-1,315,347,348,-1,315,348,349,-1,349,348,350,-1,349,350,351,-1,312,332,323,-1,323,332,352,-1,323,352,321,-1,335,353,333,-1,333,353,354,-1,333,354,355,-1,314,356,312,-1,312,356,357,-1,312,357,334,-1,358,359,338,-1,338,359,360,-1,338,360,339,-1,361,362,346,-1,346,362,363,-1,346,363,320,-1,320,363,364,-1,320,364,318,-1,333,365,334,-1,334,365,366,-1,334,366,312,-1,312,366,367,-1,312,367,331,-1,355,368,333,-1,333,368,369,-1,333,369,370,-1,361,346,371,-1,371,346,2,-1,371,2,370,-1,370,2,3,-1,370,3,333,-1,372,373,374,-1,375,376,377,-1,377,376,378,-1,377,378,379,-1,379,378,380,-1,379,380,381,-1,381,380,374,-1,381,374,382,-1,382,374,373,-1,383,384,385,-1,385,386,383,-1,383,386,387,-1,383,387,388,-1,389,390,383,-1,383,390,391,-1,383,391,384,-1,388,392,383,-1,383,392,393,-1,383,393,389,-1,394,395,396,-1,396,395,397,-1,397,398,396,-1,396,398,399,-1,396,399,400,-1,400,399,401,-1,400,401,374,-1,374,401,402,-1,374,402,372,-1,392,394,393,-1,393,394,396,-1,393,396,403,-1,403,396,404,-1,403,404,6,-1,323,11,404,-1,404,11,4,-1,404,4,6,-1,405,406,407,-1,408,409,410,-1,410,409,411,-1,410,411,412,-1,413,414,375,-1,375,414,415,-1,416,417,376,-1,50,51,418,-1,418,51,376,-1,418,376,419,-1,419,376,417,-1,420,421,422,-1,422,421,423,-1,424,425,375,-1,375,425,426,-1,375,426,427,-1,428,429,430,-1,430,429,252,-1,430,252,431,-1,431,252,254,-1,431,254,432,-1,432,254,433,-1,432,433,375,-1,375,433,434,-1,375,434,413,-1,435,436,437,-1,427,438,375,-1,375,438,439,-1,375,439,376,-1,376,439,440,-1,376,440,416,-1,423,441,422,-1,422,441,442,-1,422,442,443,-1,15,14,444,-1,444,14,435,-1,444,435,445,-1,445,435,437,-1,443,446,422,-1,422,446,447,-1,422,447,411,-1,411,447,448,-1,411,448,412,-1,436,449,437,-1,437,449,450,-1,437,450,451,-1,451,450,452,-1,451,452,430,-1,430,452,453,-1,430,453,428,-1,415,454,375,-1,375,454,455,-1,375,455,424,-1,424,455,456,-1,424,456,457,-1,457,458,424,-1,424,458,409,-1,424,409,459,-1,459,409,408,-1,459,408,407,-1,407,408,460,-1,407,460,405,-1,310,308,110,-1,110,308,111,-1,50,18,48,-1,48,18,21,-1,48,21,46,-1,46,21,23,-1,46,23,44,-1,85,302,35,-1,35,302,36,-1,35,36,33,-1,33,36,38,-1,33,38,31,-1,31,38,40,-1,31,40,29,-1,29,40,42,-1,29,42,27,-1,27,42,44,-1,27,44,25,-1,25,44,23,-1,293,95,267,-1,267,95,80,-1,267,80,269,-1,269,80,78,-1,269,78,271,-1,271,78,76,-1,271,76,273,-1,54,254,66,-1,66,254,265,-1,66,265,68,-1,68,265,277,-1,68,277,70,-1,70,277,275,-1,70,275,72,-1,72,275,273,-1,72,273,74,-1,74,273,76,-1,406,405,151,-1,151,405,149,-1,152,459,153,-1,153,459,407,-1,202,201,422,-1,422,201,420,-1,197,192,446,-1,446,192,447,-1,279,65,278,-1,278,65,67,-1,278,67,276,-1,276,67,69,-1,276,69,274,-1,461,462,463,-1,463,462,464,-1,463,464,465,-1,465,464,466,-1,465,466,467,-1,467,466,468,-1,467,468,469,-1,469,468,470,-1,69,71,274,-1,274,71,73,-1,274,73,272,-1,272,73,75,-1,272,75,270,-1,270,75,77,-1,270,77,268,-1,268,77,79,-1,268,79,266,-1,266,79,81,-1,266,81,285,-1,285,81,84,-1,285,84,471,-1,471,84,472,-1,471,472,473,-1,473,472,474,-1,473,474,470,-1,470,474,475,-1,470,475,469,-1,175,436,172,-1,172,436,435,-1,436,175,449,-1,449,175,177,-1,449,177,450,-1,450,177,185,-1,450,185,452,-1,452,185,184,-1,452,184,453,-1,453,184,182,-1,453,182,428,-1,428,182,181,-1,428,181,429,-1,429,181,180,-1,429,180,252,-1,252,180,64,-1,259,57,260,-1,260,57,56,-1,260,56,261,-1,261,56,53,-1,261,53,262,-1,262,53,52,-1,262,52,263,-1,263,52,55,-1,263,55,264,-1,264,55,65,-1,264,65,279,-1,252,64,253,-1,253,64,63,-1,253,63,255,-1,255,63,62,-1,255,62,256,-1,256,62,61,-1,256,61,257,-1,257,61,60,-1,257,60,258,-1,258,60,59,-1,258,59,259,-1,259,59,58,-1,259,58,57,-1,95,293,96,-1,96,293,292,-1,96,292,93,-1,93,292,291,-1,93,291,97,-1,97,291,297,-1,97,297,98,-1,98,297,296,-1,98,296,109,-1,109,296,311,-1,109,311,110,-1,110,311,310,-1,302,85,301,-1,301,85,86,-1,301,86,300,-1,300,86,101,-1,300,101,299,-1,299,101,102,-1,299,102,303,-1,303,102,106,-1,303,106,304,-1,304,106,107,-1,304,107,308,-1,308,107,111,-1,202,422,193,-1,193,422,411,-1,193,411,194,-1,194,411,409,-1,194,409,188,-1,188,409,458,-1,188,458,187,-1,187,458,457,-1,187,457,186,-1,186,457,456,-1,186,456,189,-1,189,456,455,-1,189,455,190,-1,190,455,454,-1,190,454,191,-1,191,454,415,-1,191,415,163,-1,163,415,414,-1,163,414,164,-1,164,414,413,-1,164,413,165,-1,165,413,434,-1,165,434,148,-1,148,434,433,-1,148,433,54,-1,54,433,254,-1,197,446,443,-1,197,443,195,-1,195,443,442,-1,195,442,196,-1,196,442,441,-1,196,441,198,-1,198,441,423,-1,198,423,199,-1,199,423,421,-1,199,421,200,-1,200,421,420,-1,200,420,201,-1,447,192,448,-1,448,192,171,-1,448,171,412,-1,412,171,170,-1,412,170,410,-1,410,170,169,-1,410,169,408,-1,408,169,155,-1,408,155,460,-1,460,155,154,-1,460,154,405,-1,405,154,149,-1,18,50,157,-1,157,50,418,-1,157,418,160,-1,160,418,419,-1,160,419,161,-1,161,419,417,-1,161,417,162,-1,162,417,416,-1,162,416,166,-1,166,416,440,-1,166,440,167,-1,167,440,439,-1,459,152,424,-1,424,152,150,-1,424,150,425,-1,425,150,156,-1,425,156,426,-1,426,156,159,-1,426,159,427,-1,427,159,158,-1,427,158,438,-1,438,158,168,-1,438,168,439,-1,439,168,167,-1,147,432,140,-1,140,432,375,-1,140,375,138,-1,138,375,377,-1,138,377,132,-1,132,377,379,-1,132,379,129,-1,129,379,381,-1,129,381,382,-1,173,17,444,-1,444,17,15,-1,127,120,388,-1,388,120,392,-1,115,399,398,-1,134,133,372,-1,372,133,130,-1,372,130,373,-1,373,130,129,-1,373,129,382,-1,134,372,135,-1,135,372,402,-1,135,402,115,-1,115,402,401,-1,115,401,399,-1,392,120,394,-1,394,120,119,-1,394,119,395,-1,395,119,118,-1,395,118,397,-1,397,118,117,-1,397,117,398,-1,398,117,116,-1,398,116,115,-1,173,444,174,-1,174,444,445,-1,174,445,176,-1,176,445,437,-1,176,437,183,-1,183,437,451,-1,183,451,179,-1,179,451,430,-1,179,430,178,-1,178,430,431,-1,178,431,147,-1,147,431,432,-1,337,336,476,-1,476,336,477,-1,321,352,478,-1,478,352,479,-1,480,481,482,-1,483,484,485,-1,485,484,486,-1,485,486,487,-1,487,486,488,-1,482,489,480,-1,480,489,490,-1,480,490,491,-1,491,490,492,-1,491,492,320,-1,320,492,493,-1,320,493,342,-1,342,493,494,-1,342,494,488,-1,488,494,495,-1,488,495,487,-1,496,486,497,-1,497,486,484,-1,498,499,484,-1,500,501,502,-1,484,499,497,-1,497,499,503,-1,497,503,504,-1,500,502,484,-1,484,502,505,-1,484,505,498,-1,504,506,507,-1,507,508,504,-1,504,508,509,-1,504,509,497,-1,510,511,499,-1,499,511,503,-1,485,512,483,-1,483,512,513,-1,514,515,513,-1,513,515,511,-1,513,511,483,-1,483,511,510,-1,516,517,514,-1,514,517,518,-1,514,518,515,-1,519,510,520,-1,520,510,521,-1,519,522,510,-1,510,522,523,-1,510,523,483,-1,495,524,487,-1,487,524,512,-1,487,512,485,-1,525,526,494,-1,494,526,527,-1,494,527,495,-1,495,527,528,-1,495,528,524,-1,529,343,342,-1,488,486,496,-1,496,530,488,-1,488,530,531,-1,488,531,342,-1,342,531,532,-1,342,532,529,-1,496,497,513,-1,513,512,496,-1,496,512,524,-1,496,524,530,-1,530,524,528,-1,530,528,527,-1,510,499,498,-1,510,498,521,-1,521,498,505,-1,521,505,520,-1,520,505,502,-1,520,502,519,-1,519,502,501,-1,519,501,522,-1,522,501,500,-1,522,500,523,-1,523,500,484,-1,523,484,483,-1,337,476,533,-1,337,533,338,-1,338,533,534,-1,338,534,358,-1,358,534,535,-1,358,535,359,-1,359,535,536,-1,359,536,360,-1,360,536,537,-1,360,537,339,-1,339,537,10,-1,339,10,9,-1,503,511,515,-1,503,515,504,-1,504,515,518,-1,504,518,506,-1,506,518,517,-1,506,517,507,-1,507,517,516,-1,507,516,508,-1,508,516,514,-1,508,514,509,-1,509,514,513,-1,509,513,497,-1,477,336,538,-1,538,336,330,-1,538,330,539,-1,539,330,329,-1,539,329,540,-1,540,329,325,-1,540,325,541,-1,541,325,324,-1,541,324,542,-1,542,324,322,-1,542,322,478,-1,478,322,321,-1,531,530,527,-1,0,2,543,-1,543,2,346,-1,543,346,544,-1,544,346,345,-1,544,345,545,-1,545,345,344,-1,545,344,546,-1,546,344,340,-1,546,340,547,-1,547,340,341,-1,547,341,525,-1,525,341,343,-1,525,343,526,-1,526,343,529,-1,526,529,527,-1,527,529,532,-1,527,532,531,-1,3,1,333,-1,333,1,548,-1,333,548,365,-1,365,548,549,-1,365,549,366,-1,366,549,550,-1,366,550,367,-1,367,550,551,-1,367,551,331,-1,331,551,552,-1,331,552,332,-1,332,552,553,-1,332,553,352,-1,352,553,479,-1,554,555,370,-1,370,555,371,-1,556,317,557,-1,557,317,326,-1,557,326,558,-1,558,326,559,-1,558,559,560,-1,560,559,561,-1,560,561,562,-1,562,561,563,-1,564,565,566,-1,566,565,567,-1,87,89,246,-1,87,246,568,-1,568,246,244,-1,568,244,569,-1,569,244,242,-1,569,242,570,-1,570,242,241,-1,570,241,571,-1,571,241,227,-1,571,227,572,-1,572,227,225,-1,572,225,573,-1,573,225,223,-1,573,223,574,-1,574,223,221,-1,574,221,575,-1,576,577,578,-1,578,577,579,-1,578,579,580,-1,580,579,581,-1,580,581,582,-1,582,581,583,-1,582,583,584,-1,584,583,585,-1,584,585,586,-1,586,585,587,-1,586,587,588,-1,588,587,589,-1,588,589,281,-1,281,589,282,-1,590,591,592,-1,592,591,593,-1,592,593,594,-1,594,595,592,-1,592,595,596,-1,592,596,597,-1,597,598,592,-1,592,598,599,-1,592,599,600,-1,600,601,592,-1,592,601,602,-1,592,602,603,-1,603,602,461,-1,461,463,603,-1,603,463,465,-1,603,465,604,-1,604,465,467,-1,604,467,605,-1,605,467,469,-1,605,469,606,-1,606,469,475,-1,606,475,607,-1,607,475,474,-1,607,474,608,-1,608,474,472,-1,608,472,609,-1,609,472,84,-1,609,84,83,-1,215,610,217,-1,217,610,611,-1,217,611,219,-1,612,613,213,-1,213,613,614,-1,213,614,215,-1,215,614,615,-1,215,615,610,-1,616,617,618,-1,618,617,619,-1,619,620,618,-1,618,620,621,-1,618,621,622,-1,623,624,618,-1,618,624,625,-1,618,625,616,-1,622,626,618,-1,618,626,627,-1,618,627,623,-1,628,629,240,-1,240,629,630,-1,240,630,631,-1,631,632,240,-1,240,632,633,-1,240,633,213,-1,213,633,634,-1,213,634,612,-1,626,628,627,-1,627,628,240,-1,627,240,563,-1,563,240,239,-1,563,239,562,-1,562,239,237,-1,562,237,560,-1,560,237,235,-1,560,235,558,-1,558,235,233,-1,558,233,557,-1,635,636,637,-1,638,639,640,-1,641,642,611,-1,640,639,637,-1,637,639,643,-1,637,643,635,-1,644,645,646,-1,647,648,219,-1,649,650,651,-1,651,650,590,-1,651,590,652,-1,652,590,592,-1,652,592,653,-1,653,592,654,-1,653,654,611,-1,611,654,655,-1,611,655,641,-1,575,221,656,-1,656,221,219,-1,656,219,657,-1,657,219,648,-1,645,658,646,-1,646,658,659,-1,646,659,660,-1,660,659,661,-1,660,661,651,-1,651,661,662,-1,651,662,649,-1,565,564,663,-1,663,564,644,-1,663,644,664,-1,664,644,646,-1,665,666,667,-1,667,666,668,-1,667,669,611,-1,611,669,670,-1,638,640,668,-1,668,640,671,-1,668,671,667,-1,672,667,673,-1,673,667,674,-1,670,675,611,-1,611,675,676,-1,611,676,219,-1,219,676,677,-1,219,677,647,-1,642,678,611,-1,611,678,679,-1,611,679,667,-1,667,679,680,-1,667,680,674,-1,681,682,683,-1,683,682,684,-1,684,685,683,-1,683,685,686,-1,683,686,687,-1,672,688,667,-1,667,688,689,-1,667,689,665,-1,665,689,683,-1,665,683,690,-1,690,683,687,-1,691,692,693,-1,694,462,693,-1,693,462,695,-1,693,695,691,-1,692,696,693,-1,693,696,697,-1,693,697,698,-1,698,699,693,-1,693,699,700,-1,693,700,701,-1,701,702,693,-1,693,702,703,-1,693,703,704,-1,287,285,705,-1,705,285,471,-1,705,471,706,-1,706,471,473,-1,706,473,707,-1,707,473,470,-1,707,470,708,-1,708,470,468,-1,708,468,709,-1,709,468,466,-1,709,466,694,-1,694,466,464,-1,694,464,462,-1,710,711,712,-1,712,711,713,-1,712,714,715,-1,715,716,712,-1,712,716,717,-1,712,717,718,-1,718,719,712,-1,712,719,720,-1,712,720,710,-1,710,720,721,-1,710,721,722,-1,723,724,725,-1,725,724,726,-1,725,726,722,-1,727,728,725,-1,725,728,729,-1,725,729,723,-1,722,721,725,-1,725,721,730,-1,725,730,727,-1,731,732,714,-1,714,732,733,-1,714,733,715,-1,734,735,736,-1,736,735,737,-1,736,737,738,-1,738,737,739,-1,738,739,740,-1,740,739,741,-1,740,741,714,-1,714,741,742,-1,714,742,731,-1,326,312,559,-1,559,312,713,-1,559,713,561,-1,561,713,711,-1,743,744,745,-1,745,744,746,-1,745,746,747,-1,743,748,744,-1,744,748,749,-1,744,749,750,-1,577,576,734,-1,734,576,751,-1,752,704,753,-1,751,754,734,-1,734,754,755,-1,734,755,756,-1,757,566,567,-1,758,759,760,-1,760,759,761,-1,760,761,762,-1,762,761,752,-1,762,752,763,-1,763,752,753,-1,704,752,693,-1,693,752,764,-1,693,764,765,-1,765,764,766,-1,765,766,735,-1,767,768,735,-1,758,769,759,-1,759,769,770,-1,759,770,771,-1,771,770,757,-1,771,757,772,-1,772,757,567,-1,756,773,734,-1,734,773,774,-1,734,774,735,-1,735,774,775,-1,735,775,767,-1,776,777,735,-1,735,777,778,-1,735,778,765,-1,749,779,750,-1,750,779,780,-1,750,780,781,-1,782,783,784,-1,785,768,786,-1,786,768,787,-1,782,784,788,-1,785,789,768,-1,768,789,790,-1,768,790,735,-1,735,790,791,-1,735,791,776,-1,781,784,750,-1,750,784,783,-1,750,783,768,-1,768,783,792,-1,768,792,787,-1,784,793,788,-1,788,793,794,-1,788,794,795,-1,795,796,788,-1,788,796,797,-1,788,797,798,-1,307,309,112,-1,112,309,113,-1,280,88,281,-1,281,88,87,-1,281,87,588,-1,588,87,568,-1,588,568,586,-1,586,568,569,-1,586,569,584,-1,575,576,574,-1,574,576,578,-1,574,578,573,-1,573,578,580,-1,573,580,572,-1,572,580,582,-1,572,582,571,-1,571,582,584,-1,571,584,570,-1,570,584,569,-1,693,592,694,-1,694,592,603,-1,694,603,709,-1,709,603,604,-1,709,604,708,-1,82,286,83,-1,83,286,287,-1,83,287,609,-1,609,287,705,-1,609,705,608,-1,608,705,706,-1,608,706,607,-1,607,706,707,-1,607,707,606,-1,606,707,708,-1,606,708,605,-1,605,708,604,-1,636,635,745,-1,745,635,743,-1,746,640,747,-1,747,640,637,-1,681,683,788,-1,788,683,782,-1,665,690,784,-1,784,690,793,-1,770,645,757,-1,757,645,644,-1,704,590,753,-1,753,590,650,-1,753,650,763,-1,763,650,649,-1,763,649,762,-1,762,649,662,-1,762,662,760,-1,760,662,661,-1,760,661,758,-1,758,661,659,-1,758,659,769,-1,769,659,658,-1,769,658,770,-1,770,658,645,-1,590,704,591,-1,591,704,703,-1,591,703,593,-1,593,703,702,-1,593,702,594,-1,594,702,701,-1,594,701,595,-1,595,701,700,-1,595,700,596,-1,596,700,699,-1,596,699,597,-1,597,699,698,-1,597,698,598,-1,598,698,697,-1,598,697,599,-1,599,697,696,-1,599,696,600,-1,600,696,692,-1,600,692,601,-1,601,692,691,-1,601,691,602,-1,602,691,695,-1,602,695,461,-1,461,695,462,-1,113,309,108,-1,108,309,295,-1,108,295,100,-1,100,295,294,-1,100,294,99,-1,99,294,298,-1,99,298,92,-1,92,298,283,-1,92,283,94,-1,94,283,284,-1,94,284,82,-1,82,284,286,-1,307,112,306,-1,306,112,105,-1,306,105,305,-1,305,105,104,-1,305,104,288,-1,288,104,103,-1,288,103,289,-1,289,103,91,-1,289,91,290,-1,290,91,90,-1,290,90,280,-1,280,90,88,-1,679,790,680,-1,680,790,789,-1,680,789,674,-1,674,789,785,-1,674,785,673,-1,673,785,786,-1,673,786,672,-1,672,786,787,-1,672,787,688,-1,688,787,792,-1,688,792,689,-1,689,792,783,-1,689,783,683,-1,683,783,782,-1,592,693,654,-1,654,693,765,-1,654,765,655,-1,655,765,778,-1,655,778,641,-1,641,778,777,-1,641,777,642,-1,642,777,776,-1,642,776,678,-1,678,776,791,-1,678,791,679,-1,679,791,790,-1,681,788,798,-1,681,798,682,-1,682,798,797,-1,682,797,684,-1,684,797,796,-1,684,796,685,-1,685,796,795,-1,685,795,686,-1,686,795,794,-1,686,794,687,-1,687,794,793,-1,687,793,690,-1,743,635,748,-1,748,635,643,-1,748,643,749,-1,749,643,639,-1,749,639,779,-1,779,639,638,-1,779,638,780,-1,780,638,668,-1,780,668,781,-1,781,668,666,-1,781,666,784,-1,784,666,665,-1,676,774,677,-1,677,774,773,-1,677,773,647,-1,647,773,756,-1,647,756,648,-1,648,756,755,-1,648,755,657,-1,657,755,754,-1,657,754,656,-1,656,754,751,-1,656,751,575,-1,575,751,576,-1,774,676,775,-1,775,676,675,-1,775,675,767,-1,767,675,670,-1,767,670,768,-1,768,670,669,-1,768,669,750,-1,750,669,667,-1,750,667,744,-1,744,667,671,-1,744,671,746,-1,746,671,640,-1,742,741,614,-1,614,741,739,-1,614,739,615,-1,615,739,737,-1,766,653,735,-1,735,653,611,-1,735,611,737,-1,737,611,610,-1,737,610,615,-1,565,663,567,-1,567,663,772,-1,730,721,622,-1,622,721,626,-1,626,721,720,-1,626,720,628,-1,628,720,719,-1,628,719,629,-1,629,719,718,-1,629,718,630,-1,630,718,717,-1,630,717,631,-1,631,717,716,-1,631,716,632,-1,632,716,715,-1,632,715,633,-1,633,715,733,-1,633,733,634,-1,634,733,732,-1,634,732,612,-1,612,732,731,-1,612,731,613,-1,613,731,742,-1,613,742,614,-1,653,766,652,-1,652,766,764,-1,652,764,651,-1,651,764,752,-1,651,752,660,-1,660,752,761,-1,660,761,646,-1,646,761,759,-1,646,759,664,-1,664,759,771,-1,664,771,663,-1,663,771,772,-1,316,315,799,-1,799,315,800,-1,334,357,801,-1,801,357,802,-1,480,803,481,-1,481,803,804,-1,805,806,807,-1,807,808,805,-1,805,808,809,-1,805,809,804,-1,804,809,810,-1,804,810,481,-1,811,812,813,-1,813,812,814,-1,810,815,481,-1,481,815,812,-1,481,812,816,-1,816,812,811,-1,817,818,810,-1,810,818,815,-1,819,489,820,-1,820,489,482,-1,821,822,818,-1,822,823,818,-1,818,823,824,-1,818,824,825,-1,826,827,817,-1,817,827,820,-1,817,820,818,-1,818,820,482,-1,818,482,821,-1,826,828,827,-1,827,828,829,-1,827,829,830,-1,831,832,493,-1,493,832,833,-1,493,833,834,-1,493,492,831,-1,831,492,490,-1,831,490,835,-1,835,490,489,-1,835,489,819,-1,319,836,320,-1,320,836,837,-1,320,837,491,-1,491,837,838,-1,491,838,480,-1,480,838,839,-1,480,839,803,-1,820,804,819,-1,819,804,803,-1,819,803,835,-1,835,803,839,-1,835,839,831,-1,831,839,832,-1,482,481,816,-1,482,816,821,-1,821,816,811,-1,821,811,822,-1,822,811,813,-1,822,813,823,-1,823,813,814,-1,823,814,824,-1,824,814,812,-1,824,812,825,-1,825,812,815,-1,825,815,818,-1,317,556,840,-1,317,840,347,-1,347,840,841,-1,347,841,348,-1,348,841,842,-1,348,842,350,-1,350,842,843,-1,350,843,351,-1,351,843,844,-1,351,844,349,-1,349,844,800,-1,349,800,315,-1,804,820,827,-1,804,827,805,-1,805,827,830,-1,805,830,806,-1,806,830,829,-1,806,829,807,-1,807,829,828,-1,807,828,808,-1,808,828,826,-1,808,826,809,-1,809,826,817,-1,809,817,810,-1,802,357,845,-1,845,357,356,-1,845,356,846,-1,846,356,314,-1,846,314,847,-1,847,314,313,-1,847,313,848,-1,848,313,328,-1,848,328,849,-1,849,328,327,-1,849,327,799,-1,799,327,316,-1,839,838,832,-1,832,838,837,-1,832,837,833,-1,837,836,833,-1,833,836,319,-1,833,319,834,-1,834,319,318,-1,371,555,361,-1,361,555,850,-1,361,850,362,-1,362,850,851,-1,362,851,363,-1,363,851,852,-1,363,852,364,-1,364,852,853,-1,364,853,318,-1,318,853,854,-1,318,854,834,-1,334,801,335,-1,335,801,855,-1,335,855,353,-1,353,855,856,-1,353,856,354,-1,354,856,857,-1,354,857,355,-1,355,857,858,-1,355,858,368,-1,368,858,859,-1,368,859,369,-1,369,859,860,-1,369,860,370,-1,370,860,554,-1,384,391,124,-1,127,388,128,-1,128,388,387,-1,128,387,126,-1,126,387,386,-1,126,386,121,-1,121,386,385,-1,121,385,122,-1,122,385,384,-1,122,384,125,-1,125,384,124,-1,391,390,124,-1,124,390,389,-1,124,389,123,-1,123,389,141,-1,403,6,8,-1,389,393,141,-1,141,393,403,-1,141,403,142,-1,142,403,8,-1,563,561,627,-1,627,561,711,-1,627,711,623,-1,623,711,710,-1,623,710,624,-1,710,722,624,-1,624,722,726,-1,624,726,625,-1,625,726,724,-1,625,724,616,-1,616,724,723,-1,616,723,617,-1,617,723,729,-1,617,729,619,-1,619,729,728,-1,619,728,620,-1,620,728,727,-1,620,727,621,-1,621,727,730,-1,621,730,622,-1,644,564,757,-1,757,564,566,-1,637,636,747,-1,747,636,745,-1,435,14,172,-1,172,14,16,-1,407,406,153,-1,153,406,151,-1,846,847,233,-1,542,146,541,-1,541,146,540,-1,10,477,12,-1,12,477,538,-1,12,538,146,-1,146,538,539,-1,146,539,540,-1,233,552,551,-1,493,543,544,-1,544,545,493,-1,493,545,546,-1,493,546,494,-1,494,546,547,-1,494,547,525,-1,847,848,233,-1,233,848,849,-1,233,849,557,-1,800,844,799,-1,799,844,843,-1,799,843,842,-1,537,533,10,-1,10,533,476,-1,10,476,477,-1,537,536,533,-1,533,536,535,-1,533,535,534,-1,860,859,548,-1,542,478,146,-1,146,478,479,-1,146,479,233,-1,233,479,553,-1,233,553,552,-1,801,802,233,-1,233,802,845,-1,233,845,846,-1,834,854,493,-1,493,854,853,-1,493,853,543,-1,543,853,852,-1,842,841,799,-1,799,841,840,-1,799,840,849,-1,849,840,556,-1,849,556,557,-1,859,858,548,-1,548,858,857,-1,548,857,856,-1,856,855,548,-1,548,855,801,-1,548,801,549,-1,549,801,233,-1,549,233,550,-1,550,233,551,-1,852,851,543,-1,543,851,850,-1,543,850,555,-1,860,548,554,-1,554,548,1,-1,554,1,555,-1,555,1,0,-1,555,0,543,-1,232,312,231,-1,231,312,323,-1,312,232,713,-1,713,232,234,-1,713,234,712,-1,712,234,236,-1,712,236,714,-1,714,236,238,-1,714,238,740,-1,740,238,212,-1,740,212,738,-1,738,212,214,-1,738,214,736,-1,736,214,216,-1,736,216,734,-1,734,216,218,-1,376,207,378,-1,378,207,208,-1,378,208,380,-1,380,208,209,-1,380,209,374,-1,374,209,210,-1,374,210,400,-1,400,210,211,-1,400,211,396,-1,396,211,229,-1,396,229,404,-1,404,229,230,-1,404,230,323,-1,323,230,231,-1,220,577,218,-1,218,577,734,-1,51,206,376,-1,376,206,207,-1,577,220,579,-1,579,220,222,-1,579,222,581,-1,581,222,224,-1,581,224,583,-1,583,224,226,-1,583,226,585,-1,585,226,228,-1,585,228,587,-1,587,228,243,-1,587,243,589,-1,589,243,245,-1,589,245,282,-1,282,245,247,-1,37,248,39,-1,39,248,249,-1,39,249,41,-1,41,249,250,-1,41,250,43,-1,43,250,251,-1,43,251,45,-1,45,251,203,-1,45,203,47,-1,47,203,204,-1,47,204,49,-1,49,204,205,-1,49,205,51,-1,51,205,206,-1,248,37,247,-1,247,37,282,-1,
        ]
    }
}